"village_id","village_name","mandal_id (link)","pincode"
"17958","Ankapur","689","504002"
"17959","Ankoli","689","504002"
"17960","Anukunta","689","504002"
"17961","Arli (Buzurg)","689","504002"
"17962","Ashodaburki","689","504346"
"17963","Belluri","689","504002"
"17964","Bheemseri","689","504002"
"17965","Burnoor","689","504002"
"17966","Chanda -T","689","504002"
"17967","Chichdhari","689","504346"
"17968","Chikdhari Khanapur","689","504346"
"17969","Chinchughat","689","504002"
"17970","Dimma","689","504002"
"17971","Hattigutta","689","504309"
"17972","Jamdapur","689","504309"
"17973","Kachkanti","689","504002"
"17974","Khandala","689","504346"
"17975","Kottur","689","504002"
"17976","Kumbhajheri","689","504002"
"17977","Landasangvi","689","504002"
"17978","Lohara","689","504346"
"17979","Lokari","689","504002"
"17980","Maleborgaon","689","504002"
"17981","Mallapur","689","504346"
"17982","Maregaon","689","504346"
"17983","Nishaghat","689","504346"
"17984","Pippaldhari","689","504002"
"17985","Pochera","689","504002"
"17986","Rampoor (Royati)","689","504002"
"17987","Takli","689","504309"
"17988","Tantoli","689","504002"
"17989","Taroda (Srimath)","689","504309"
"17990","Tippa","689","504346"
"17991","Wanwat","689","504002"
"17992","Yapalguda","689","504002"
"17993","Adilabad","690","504001"
"17994","Bhuktapur","690","504001"
"17995","Khanapur","690",""
"17996","Ananthapur","691","504307"
"17997","Balanpur","691","504307"
"17998","Bandrev","691","504307"
"17999","Bazarhathnoor","691","504304"
"18000","Bhosra","691","504304"
"18001","Bhutai (Buzurg)","691","504304"
"18002","Bhutai (Khurd)","691","504304"
"18003","Chintal Sangvi","691","504304"
"18004","Dehgaon","691","504304"
"18005","Dhabadi","691","504304"
"18006","Dharampuri","691","504307"
"18007","Dignoor","691","504307"
"18008","Gangapur","691","504307"
"18009","Girjai","691","504304"
"18010","Girnur","691","504307"
"18011","Gokonda","691","504304"
"18012","Harkai","691","504307"
"18013","Jatarla","691","504304"
"18014","Kandli","691","504307"
"18015","Kankadurga","691","504304"
"18016","Kinnerpalle","691","504307"
"18017","Kolhari","691","504304"
"18018","Mankapur (P)","691","504304"
"18019","Mohada","691","504307"
"18020","Morekhandi","691","504304"
"18021","Pipri","691","504307"
"18022","Rampur","691","504307"
"18023","Tembi","691","504307"
"18024","Umerda (Buzurg)","691","504304"
"18025","Warthamanoor","691","504307"
"18026","Yesapur","691","504307"
"18027","Awalpur","692","504309"
"18028","Bela","692","504309"
"18029","Bhadi","692","504309"
"18030","Bhedoda","692","504309"
"18031","Bhodod (Kopsi)","692","504309"
"18032","Boregaon","692","504309"
"18033","Burhanpur","692","504309"
"18034","Chandpalle","692","504309"
"18035","Chaprala","692","504309"
"18036","Datalpur","692","504309"
"18037","Dehegaon","692","504309"
"18038","Dhoptala","692","504309"
"18039","Ekori","692","504309"
"18040","Guda","692","504309"
"18041","Junoni","692","504309"
"18042","Kamgarpur","692","504309"
"18043","Karoni (B)","692","504309"
"18044","Karoni (K)","692","504309"
"18045","Khadki","692","504309"
"18046","Khagdur","692","504309"
"18047","Kobhai","692","504309"
"18048","Koparuzana","692","504309"
"18049","Mangrool","692","504309"
"18050","Manyarpur","692","504309"
"18051","Masala (Buzurg)","692","504309"
"18052","Masala (Khurd)","692","504309"
"18053","Mohabatpur","692","504309"
"18054","Nagrala","692","504309"
"18055","Narayanpur","692","504309"
"18056","Patan","692","504309"
"18057","Pitgaon","692","504309"
"18058","Pohar","692","504309"
"18059","Ponnala","692","504309"
"18060","Ramkam","692","504309"
"18061","Sadarpur","692","504309"
"18062","Sangdi","692","504309"
"18063","Shamshabad","692","504309"
"18064","Singapur","692","504309"
"18065","Sirsanna","692","504309"
"18066","Sonkhos","692","504309"
"18067","Takli","692","504309"
"18068","Warur","692","504309"
"18069","Anderband","693","504312"
"18070","Antergaon","693","504312"
"18071","Arli (T)","693","504312"
"18072","Belsari Rampur","693","504312"
"18073","Bheempur","693","504312"
"18074","Dabbakuchi","693","504312"
"18075","Dhanora","693","504312"
"18076","Gollaghat","693","504312"
"18077","Gomutri","693","504312"
"18078","Gona","693","504312"
"18079","Guledi","693","504312"
"18080","Gunjala","693","504312"
"18081","Kamathwada","693","504312"
"18082","Karanji (T)","693","504312"
"18083","Nippani","693","504312"
"18084","Pippalkoti","693","504312"
"18085","Tamsi (K)","693","504312"
"18086","Wadgaon","693","504312"
"18087","Wadoor","693","504312"
"18088","Akoli","694","504309"
"18089","Awalpur","694","504309"
"18090","Balapur","694","504309"
"18091","Bhoraj","694","504309"
"18092","Dadapoor","694","504309"
"18093","Dollara","694","504309"
"18094","Fouzpur","694","504309"
"18095","Ganeshpur","694","504346"
"18096","Gimma (Khurd)","694","504309"
"18097","Gimma Buzurg","694","504309"
"18098","Guda","694","504309"
"18099","Hashampur","694","504309"
"18100","Hathighat","694","504309"
"18101","Kamai","694","504309"
"18102","Karanwadi","694","504309"
"18103","Kedarpur","694","504309"
"18104","Korta","694","504309"
"18105","Lekarwadi","694","504309"
"18106","Mirzapur","694","504309"
"18107","Moudagada","694","504309"
"18108","Pendalwada","694","504309"
"18109","Pipparwada","694","504309"
"18110","Poosai","694","504309"
"18111","Rampurtaraf","694","504309"
"18112","Savapur","694","504309"
"18113","Sekapoor","694","504309"
"18114","Sirsonna","694","504309"
"18115","Tarada (Buzurg)","694","504309"
"18116","Anduru","695","504306"
"18117","Babera","695","504304"
"18118","Bahrapur","695","504304"
"18119","Birlagondi","695","504304"
"18120","Boath (Buzurg)","695","504304"
"18121","Boath (Khurd)","695","504304"
"18122","Demmi","695","504304"
"18123","Dera","695","504304"
"18124","Dhannur (Buzurg)","695","504304"
"18125","Dhannur (Khurd)","695","504304"
"18126","Kangutta","695","504304"
"18127","Kantegaon","695","504304"
"18128","Karathwada","695","504304"
"18129","Keslapur","695","504323"
"18130","Kistapur","695","504323"
"18131","Kowtha (Buzurg)","695","504304"
"18132","Kuchalapur","695","504304"
"18133","Marlapalle","695","504304"
"18134","Medi","695","504304"
"18135","Nagapur","695","504304"
"18136","Nakkalawada","695","504304"
"18137","Narayanpur","695","504304"
"18138","Nigini","695","504304"
"18139","Patnapur","695","504304"
"18140","Pippaladhari","695","504304"
"18141","Pochera","695","504304"
"18142","Sangvi","695","504304"
"18143","Suradapur","695","504304"
"18144","Venkatapur","695","504323"
"18145","Ademeyon","696","504311"
"18146","Arjuni","696","504311"
"18147","Dhaba (Buzurg)","696","504311"
"18148","Dhaba (K)","696","504311"
"18149","Dongargaon","696","504311"
"18150","Gadiguda","696","504311"
"18151","Gouri","696","504311"
"18152","Jhari","696","504311"
"18153","Kadodi","696","504311"
"18154","Khadki","696","504311"
"18155","Khandow","696","504311"
"18156","Kolama","696","504311"
"18157","Kondi","696","504311"
"18158","Kothapalle (G)","696","504311"
"18159","Kouthala","696","504311"
"18160","Kunikasa","696","504311"
"18161","Lokari (B)","696","504311"
"18162","Lokari (K)","696","504311"
"18163","Maregaon","696","504311"
"18164","Paraswada (K)","696","504311"
"18165","Parswada (B)","696","504311"
"18166","Pipri","696","504311"
"18167","Pownur","696","504311"
"18168","Punaguda","696","504311"
"18169","Rampur","696","504311"
"18170","Rupapur","696","504311"
"18171","Sangvi","696","504311"
"18172","Sawari","696","504311"
"18173","Sedwai","696","504311"
"18174","Warkwai","696","504311"
"18175","Belluri","697","504308"
"18176","Dhampur","697","504308"
"18177","Dongargaon","697","504308"
"18178","Gondharkapur","697","504308"
"18179","Gudihathinur","697","504308"
"18180","Guruj","697","504308"
"18181","Kamalapur","697","504308"
"18182","Kolhari","697","504308"
"18183","Lingapur","697","504308"
"18184","Machapur","697","504308"
"18185","Malkapur","697","504308"
"18186","Mannur","697","504308"
"18187","Muthnur","697","504308"
"18188","Neradigonda","697","504308"
"18189","Rendlabori","697","504308"
"18190","Seetagondi","697","504308"
"18191","Shantapur","697","504308"
"18192","Tejapur","697","504308"
"18193","Tosham","697","504308"
"18194","Umri(B)","697","504308"
"18195","Vaijapur","697","504308"
"18196","Adegaon (Buzurg)","698","504307"
"18197","Adegaon (Khurd)","698","504307"
"18198","Babjepet","698","504307"
"18199","Babuldow","698","504307"
"18200","Borigoan","698","504307"
"18201","Chincholi","698","504307"
"18202","Dhaba (Buzurg)","698","504307"
"18203","Dhaba Khurd","698","504307"
"18204","Dharmapuri","698","504307"
"18205","Gaidpally","698","504307"
"18206","Girjam","698","504307"
"18207","Gubba","698","504307"
"18208","Gundala","698","504307"
"18209","Gundi","698","504307"
"18210","Gundiwagu","698","504307"
"18211","Heerapur","698","504307"
"18212","Ichoda (Ct)","698","504307"
"18213","Jalda","698","504307"
"18214","Jamidi","698","504307"
"18215","Jogipet","698","504307"
"18216","Junni","698","504307"
"18217","Kamgiri","698","504307"
"18218","Keshavpatnam","698","504307"
"18219","Kokasmannur","698","504307"
"18220","Lingapur","698","504307"
"18221","Madhapur","698","504307"
"18222","Malyal","698","504307"
"18223","Mankapur","698","504307"
"18224","Mukhra (Buzurg)","698","504307"
"18225","Mukhra (Khurd)","698","504307"
"18226","Narsapur","698","504307"
"18227","Navegaon","698","504307"
"18228","Salyada","698","504307"
"18229","Sirichelma","698","504307"
"18230","Talamadri","698","504307"
"18231","Anji","699","504346"
"18232","Bursanpatar","699","504346"
"18233","Dasnapur","699","504346"
"18234","Devapur","699","504346"
"18235","Dhannura (B)","699","504346"
"18236","Dhannura (K)","699","504346"
"18237","Dharmasagar","699","504307"
"18238","Dodanda","699","504346"
"18239","Dongargaon","699","504346"
"18240","Gattepalle","699","504346"
"18241","Ginnera","699","504346"
"18242","Goureepur","699","504346"
"18243","Harkapur","699","504346"
"18244","Heerapur","699","504346"
"18245","Indervelly (B)","699","504346"
"18246","Indervelly (K)","699","504346"
"18247","Keslaguda","699","504346"
"18248","Keslapur","699","504346"
"18249","Mallapur","699","504307"
"18250","Mamidiguda","699","504346"
"18251","Mendapalle","699","504346"
"18252","Muthnur","699","504346"
"18253","Pipri","699","504346"
"18254","Tejapur","699","504346"
"18255","Wadagaon","699","504346"
"18256","Walganda Heerapur","699","504346"
"18257","Yamaikunta","699","504346"
"18258","Ada","700","504309"
"18259","Akurla","700","504309"
"18260","Bahadurpur","700","504309"
"18261","Ballori","700","504309"
"18262","Belgaon","700","504309"
"18263","Deepaiguda","700","504309"
"18264","Hariyali","700","504309"
"18265","Jainad","700","504309"
"18266","Kamtha","700","504309"
"18267","Karanji","700","504309"
"18268","Khapri","700","504309"
"18269","Kodekotha","700","504309"
"18270","Kowtha","700","504309"
"18271","Kura","700","504309"
"18272","Kuthompur","700","504309"
"18273","Laxmipur (Uligan)","700","504309"
"18274","Makoda","700","504309"
"18275","Muktapur","700","504309"
"18276","Nirala","700","504309"
"18277","Nizampur","700","504309"
"18278","Pippalgaon","700","504309"
"18279","Sangvi (K)","700","504309"
"18280","Umri","700","504309"
"18281","Battisavargaon","701","504002"
"18282","Dasnapur","701","504002"
"18283","Dasnapur (Ct)","701","504002"
"18284","Mavala","701","504002"
"18285","Waghapur","701","504308"
"18286","Babjhari","702","504311"
"18287","Balanpur","702","504311"
"18288","Bheempur","702","504311"
"18289","Chorgaon","702","504311"
"18290","Dhupapur","702","504311"
"18291","Empalle","702","504311"
"18292","Gangapur","702","504311"
"18293","Gundala","702","504311"
"18294","Gunjala","702","504311"
"18295","Khairdatwa","702","504311"
"18296","Khampur","702","504311"
"18297","Kothapalli - H","702","504311"
"18298","Mahadapur","702","504311"
"18299","Mahagaon","702","504313"
"18300","Malangi","702","504311"
"18301","Malepur","702","504311"
"18302","Manjari","702","504311"
"18303","Mankapur","702","504311"
"18304","Nagolkonda","702","504311"
"18305","Narnoor","702","504311"
"18306","Sonapur","702","504311"
"18307","Sungapur","702","504311"
"18308","Tadihadapnur","702","504311"
"18309","Umri","702","504311"
"18310","Arepalle","703","504323"
"18311","Bandemregad","703","504323"
"18312","Bondadi","703","504323"
"18313","Boragaon","703","504323"
"18314","Buddikonda","703","504323"
"18315","Buggaram","703","504323"
"18316","Chincholi","703","504323"
"18317","Darba","703","504323"
"18318","Dhonnora","703","504323"
"18319","Gajli","703","504323"
"18320","Gandhari","703","504323"
"18321","Ispur","703","504323"
"18322","Jasnapur","703","504323"
"18323","Kishtapur","703","504323"
"18324","Koratkal (Buzurg)","703","504323"
"18325","Koratkal (Khurd)","703","504323"
"18326","Kumari","703","504323"
"18327","Kuntala (Buzurg)","703","504323"
"18328","Kuntala (Khurd)","703","504323"
"18329","Kupti (Buzurg)","703","504323"
"18330","Kupti (Khurd)","703","504323"
"18331","Lingatla","703","504323"
"18332","Lokhampur","703","504323"
"18333","Madhapur","703","504323"
"18334","Malkalpahad","703","504323"
"18335","Nagamalyal","703","504323"
"18336","Narayanapur","703","504323"
"18337","Neradigonda","703","504323"
"18338","Peechra","703","504323"
"18339","Purushothampur","703","504323"
"18340","Raipur","703","504323"
"18341","Rajura","703","504323"
"18342","Rolmanda","703","504323"
"18343","Shankarapur","703","504323"
"18344","Sowergaon","703","504323"
"18345","Surdapur","703","504323"
"18346","Tarnam (Buzurg)","703","504323"
"18347","Tarnam (Khurd)","703","504323"
"18348","Tejapur","703","504323"
"18349","Venkatapur","703","504323"
"18350","Waddur","703","504323"
"18351","Wagdhari","703","504323"
"18352","Wankidi","703","504323"
"18353","Douna","704","504309"
"18354","Jamini","704","504309"
"18355","Jamuldhari","704","504002"
"18356","Kanpa (Mediguda)","704","504002"
"18357","Mangurla","704","504002"
"18358","Pardi (Buzurg)","704","504002"
"18359","Pardi (Khurd)","704","504002"
"18360","Ramai","704","504002"
"18361","Sahej","704","504309"
"18362","Sangvi","704","504309"
"18363","Syedpur","704","504309"
"18364","Toyaguda (Kora)","704","504002"
"18365","Kondapur","705","504307"
"18366","Lachimpur (B)","705","504307"
"18367","Lachimpur (K)","705","504307"
"18368","Lakampur","705","504307"
"18369","Narayanapur","705","504307"
"18370","Neradigonda","705","504307"
"18371","Neradigonda (K)","705","504307"
"18372","Pochampalle","705","504307"
"18373","Ponna","705","504307"
"18374","Rampur (B)","705","504307"
"18375","Sirikonda","705","504307"
"18376","Soanpalle","705","504307"
"18377","Sunkidi","705","504307"
"18378","Waipet","705","504307"
"18379","Chintalabori","706","504304"
"18380","Ghanpur","706","504304"
"18381","Gollapur","706","504304"
"18382","Kowtha (Khurd)","706","504304"
"18383","Pardi (Buzurg)","706","504304"
"18384","Pardi (Khurd)","706","504304"
"18385","Sakhera","706","504306"
"18386","Sonala","706","504304"
"18387","Tewiti","706","504304"
"18388","Wajar","706","504306"
"18389","Arli (Khurd)","707","504312"
"18390","Bharampur","707","504308"
"18391","Dehegaon","707","504312"
"18392","Devapur","707","504308"
"18393","Dorli","707","504312"
"18394","Jhari","707","504312"
"18395","Kajjarla","707","504308"
"18396","Kappardevi","707","504312"
"18397","Khodad","707","504002"
"18398","Kosai","707","504312"
"18399","Kothur","707","504312"
"18400","Kuchalapoor","707","504312"
"18401","Lachampur","707","504312"
"18402","Lingi","707","504312"
"18403","Madnapoor","707","504308"
"18404","Nandigaon","707","504308"
"18405","Palasi (Buzurg)","707","504312"
"18406","Palasi (Khurd)","707","504312"
"18407","Palle (Buzurg)","707","504308"
"18408","Palle (Khurd)","707","504308"
"18409","Pangadpipri","707","504308"
"18410","Ratnapur","707","504312"
"18411","Ruyyadi","707","504312"
"18412","Saknapoor","707","504312"
"18413","Sunkidi","707","504312"
"18414","Talamadugu","707","504312"
"18415","Umadam","707","504312"
"18416","Umrei","707","504312"
"18417","Ambugaon","708","504312"
"18418","Bandalnagapur","708","504312"
"18419","Ghotkuri","708","504309"
"18420","Girgaon","708","504312"
"18421","Hasnapur","708","504002"
"18422","Jamidi","708","504312"
"18423","Kapparla","708","504312"
"18424","Palodi (Ramnagar)","708","504312"
"18425","Ponnari","708","504002"
"18426","Sawargaon","708","504002"
"18427","Tamsi (B)","708","504312"
"18428","Waddadi","708","504312"
"18429","Andholi","709","504346"
"18430","Balampur","709","504311"
"18431","Bhupet","709","504311"
"18432","Birsaipet","709","504311"
"18433","Chandur","709","504311"
"18434","Chintakarra","709","504346"
"18435","Danthanpalle","709","504311"
"18436","Durgapur","709","504311"
"18437","Gangamapet","709","504311"
"18438","Gangapur","709","504311"
"18439","Ghanpur","709","504311"
"18440","Ghatti","709","504346"
"18441","Hasnapur","709","504311"
"18442","Heerapur - J","709","504311"
"18443","Heerapur D","709","504311"
"18444","Kamaipet","709","504346"
"18445","Kopergadh","709","504346"
"18446","Lakkaram","709","504311"
"18447","Luxettipet","709","504346"
"18448","Nagapur","709","504311"
"18449","Narsapur (Buzurg)","709","504346"
"18450","Narsapur (Khurd)","709","504346"
"18451","Narsapur (New)","709","504346"
"18452","Pulimadgu","709","504346"
"18453","Ramlingampet","709","504311"
"18454","Rampur (Khurd)","709","504311"
"18455","Sakhera","709","504346"
"18456","Salewada (Buzurg)","709","504346"
"18457","Salewada (Khurd)","709","504346"
"18458","Shampur","709","504346"
"18459","Tandra","709","504346"
"18460","Tejapur - J","709","504311"
"18461","Umri","709","504346"
"18462","Utnoor","709","504311"
"18463","Wadgalpur (Buzurg)","709","504346"
"18464","Wadgalpur (Khurd)","709","504346"
"18465","Wadoni","709","504346"
"18466","Yenda","709","504346"
"18467","Yenka","709","504346"
"18468","Adavi Ramavaram","710","507126"
"18469","Allapalli","710","507126"
"18470","Ananthogu","710","507126"
"18471","Appaipeta","710","507126"
"18472","Markodu","710","507126"
"18473","Pedda Venkatapuram","710","507126"
"18474","Ramanujagudem","710","507126"
"18475","Vulavachalakam","710","507126"
"18476","Abbugudem","711","507316"
"18477","Annadevam","711","507315"
"18478","Annapureddypally","711","507315"
"18479","Gumpena","711","507316"
"18480","Namavaram","711","507316"
"18481","Narsapuram","711","507316"
"18482","Peddareddygudem","711","507316"
"18483","Pentlam","711","507315"
"18484","Teljerla","711","507315"
"18485","Vootupalli","711","507316"
"18486","Amerdha","712","507116"
"18487","Ammagaripalli","712","507116"
"18488","Aswapuram","712","507116"
"18489","Chinthiryala","712","507116"
"18490","Gondigudem","712","507116"
"18491","Kesavapuram","712","507133"
"18492","Kummarigudem","712","507116"
"18493","Mamillavai","712","507116"
"18494","Nellipaka","712","507128"
"18495","Pamulapalli","712","507116"
"18496","Tummalacheruv","712","507116"
"18497","Achuthapuram","713","507301"
"18498","Anantharam","713","507301"
"18499","Asupaka","713","507301"
"18500","Aswaraopeta","713","507301"
"18501","Bachuvarigudem","713","507301"
"18502","Duradapadu","713","507303"
"18503","Gummadivalli","713","507301"
"18504","Guntimadugu","713","507301"
"18505","Jammigudem","713","507306"
"18506","Kannaigudem","713","507301"
"18507","Kavadigundla","713","507301"
"18508","Khammampadu","713","507301"
"18509","Lankaalapalli (D)","713","507306"
"18510","Maddikonda","713","507306"
"18511","Nandipadu","713","507301"
"18512","Naramvarigudem","713","507301"
"18513","Narayanapuram","713","507301"
"18514","Ramannagudem","713","507301"
"18515","Tirumalakunta","713","507301"
"18516","Vedanthapuram","713","507301"
"18517","Bhadrachalam","714","507111"
"18518","Bhadrachalam (Ct)","714","507111"
"18519","Burgampadu","715","507114"
"18520","Iravendi","715","507128"
"18521","Krishna Sagar","715","507114"
"18522","Morampalli Banjar","715","507114"
"18523","Mothe (Pattimalluru)","715","507128"
"18524","Nagineniprolu","715","507114"
"18525","Nakiriapeta","715","507114"
"18526","Pinapaka (Pm)","715","507114"
"18527","Sarapaka","715","507128"
"18528","Sarapaka (Ct)","715","507128"
"18529","Sompalle","715","507114"
"18530","Tekula","715","507114"
"18531","Uppusaka","715","507114"
"18532","Chandrugonda","716","507171"
"18533","Damarlacherla","716","507171"
"18534","Ganugapadu","716","507120"
"18535","Gurramgudem","716","507171"
"18536","Maddukuru","716","507171"
"18537","Pokalagudem","716","507166"
"18538","Ravikampadu","716","507171"
"18539","Sethaigudem","716","507171"
"18540","Tippanapally","716","507171"
"18541","Tungaram","716","507120"
"18542","Bathinapalli","717","507140"
"18543","Bhumullanka(Z)","717","507140"
"18544","Bodanalli (G)","717","507140"
"18545","Bodanalli (Z)","717","507140"
"18546","Boinapalle","717","507133"
"18547","C. Kathigudem","717","507133"
"18548","Chalamala","717","507133"
"18549","Cheemalapadu","717","507133"
"18550","Cherla (Z)","717","507133"
"18551","Cherla(G)","717","507133"
"18552","China Midisileru (G)","717","507140"
"18553","China Midisileru (Z)","717","507140"
"18554","Chintaguppa","717","507140"
"18555","Chintakunta (Z)","717","507133"
"18556","Dandupeta (G)","717","507133"
"18557","Dandupeta (Z)","717","507133"
"18558","Devarapalli","717","507140"
"18559","Devarapalli (G)","717",""
"18560","Dosillapalli","717","507133"
"18561","Gannavaram (Z)","717","507133"
"18562","Gogubaka (G)","717",""
"18563","Gogubaka (Z)","717","507140"
"18564","Gommugudem (Z)","717","507140"
"18565","Gommupuliboinapalli (Z)","717","507140"
"18566","Gompalli (Z)","717","507133"
"18567","Jangalapalli (G)","717","507140"
"18568","Jettigudem","717","507140"
"18569","Kaliveru (Z)","717","507140"
"18570","Kantepalli (G)","717","507133"
"18571","Keshavapuram (G)","717","507133"
"18572","Kothagudem (Z)","717","507140"
"18573","Kothapalli (G)","717","507133"
"18574","Kothapalli(Z)","717","507133"
"18575","Kothuru","717","507133"
"18576","Koyyuru (Z)","717","507133"
"18577","Kudunuru (G)","717","507140"
"18578","Kudunuru (Z)","717","507140"
"18579","Kurnapalli (G)","717","507140"
"18580","Lingala (G)","717","507133"
"18581","Lingala (Z)","717","507133"
"18582","Lingapuram(Z)","717","507133"
"18583","M.Puliboinapalli (Z)","717","507133"
"18584","Mamidigudem (Z)","717","507140"
"18585","Mamidigudem(G)","717","507140"
"18586","Mogallapalli (Z)","717","507133"
"18587","Mummidivaram- (Z)","717","507140"
"18588","Peddamidisileru (Z)","717","507140"
"18589","Peddamidisileru Chalk -I","717","507140"
"18590","Peddamidisileru Chalk -Ii","717","507140"
"18591","Peddamidisileru Chalk -Iii","717","507140"
"18592","Peddipalli","717","507140"
"18593","Puligundala","717","507140"
"18594","Pusuguppa (G)","717","507133"
"18595","Pusuguppa (Patch-I)","717","507133"
"18596","Pusuguppa (Patch-Ii)","717","507133"
"18597","R. Kothagudem (G)","717","507140"
"18598","Rallagudem","717","507133"
"18599","Ramanujapuram (G)","717","507133"
"18600","Regunta (G)","717","507133"
"18601","Regunta (Z)","717","507133"
"18602","Ricepeta (G)","717","507133"
"18603","Sarangapani (G)","717","507133"
"18604","Sarangapani (Z)","717","507133"
"18605","Singasamudram","717","507133"
"18606","Srinivasapuram (Z)","717","507133"
"18607","Subbampeta (G)","717","507133"
"18608","Subbampeta (Z)","717","507133"
"18609","Subbampeta Pach","717","507133"
"18610","Tegada (G)","717","507140"
"18611","Tegada (Z)","717","507140"
"18612","Tippapuram","717","507140"
"18613","Unjupalli (G)","717","507133"
"18614","Upparigudem(G)","717","507133"
"18615","Uyyalamadugu (G)","717","507140"
"18616","Uyyalamadugu (Z)","717","507140"
"18617","Vaddipeta (Z)","717","507133"
"18618","Veerapuram (Z)","717",""
"18619","Chunchupalle (Ct)","718","507118"
"18620","Chunchupalli","718","507118"
"18621","Garimallapadu","718","507118"
"18622","Garimellapadu (Ct)","718","507118"
"18623","Penuballi","718","507118"
"18624","Penugadapa","718","507171"
"18625","Akinepalli","719","507306"
"18626","Amudalalpadu","719","507306"
"18627","Ankampalem","719","507306"
"18628","Balarajugudem","719","507306"
"18629","Dammapeta","719","507306"
"18630","Ganeshpadu","719","507306"
"18631","Gunnepalli","719","507306"
"18632","Jaggaram","719","507306"
"18633","Katkoor","719","507306"
"18634","Lachapuram","719","507306"
"18635","Malkaram","719","507306"
"18636","Mallaram","719","507306"
"18637","Mandalapalli","719","507306"
"18638","Moddulagudem","719","507306"
"18639","Mustibanda","719","507306"
"18640","Nacharam","719","507306"
"18641","Nagupalli","719","507306"
"18642","Naidupeta","719","507306"
"18643","Patwarigudem","719","507306"
"18644","Peddagollagudem","719","507306"
"18645","Sayannaraopalem","719","507306"
"18646","Vadlagudem","719","507306"
"18647","Achyuthapuram","720","507137"
"18648","Adavi Ramavaram","720","507137"
"18649","Anjubaka","720","507137"
"18650","Arlagudem","720","507137"
"18651","Bandarugudem","720","507137"
"18652","Bheemavaram","720","507137"
"18653","Bojjiguppa","720","507137"
"18654","Burra Vemula","720","507137"
"18655","Byragulapadu","720","507137"
"18656","Cherupalli","720","507137"
"18657","Chinna Kamalapuram","720","507137"
"18658","Chinna Nallaballi","720","507137"
"18659","Chinnabandirevu","720","507137"
"18660","Chintaguppa","720","507137"
"18661","Dabbanuthula","720","507137"
"18662","Danthenam","720","507137"
"18663","Dharmapuram","720","507137"
"18664","Dummugudem","720","507137"
"18665","Gangavaram","720","507137"
"18666","Gangolu","720","507137"
"18667","Govindapuram","720","507137"
"18668","Gowraram","720","507137"
"18669","Gurralabailu","720","507137"
"18670","Jinnagattu","720","507137"
"18671","Jinnelagudem","720","507137"
"18672","K. Dummugudem","720","507137"
"18673","K. Veerabhadrapuram","720","507137"
"18674","K.Jinnelagudem","720","507137"
"18675","K.Reguballi","720","507137"
"18676","Kannapuram","720","507137"
"18677","Kasinagaram","720","507137"
"18678","Katayagudem","720","507137"
"18679","Keshavapatnam","720","507137"
"18680","Kommanapalli","720","507137"
"18681","Kothagudem","720","507137"
"18682","Kothapalli","720","507137"
"18683","Kothuru","720","507137"
"18684","Kothuru","720","507137"
"18685","Kotipallipadu","720","507137"
"18686","Koya Narsapuram","720","507137"
"18687","Lachigudem","720","507137"
"18688","Laxmi Narasimharao Peta","720","507137"
"18689","Laxminagaram","720","507137"
"18690","Laxmipuram","720","507137"
"18691","Lingapuram","720","507137"
"18692","Mahadevapuram","720","507137"
"18693","Manguvai","720","507137"
"18694","Maraigudem","720","507137"
"18695","Mulakanapalli","720","507137"
"18696","N.Laxmipuram","720","507137"
"18697","Nadikudi","720","507137"
"18698","Narayanapuram","720","507137"
"18699","Narayanarao Peta","720","507137"
"18700","Narsapuram","720","507137"
"18701","Paidakulamadugu","720","507137"
"18702","Paidigudem","720","507137"
"18703","Parnasala","720","507137"
"18704","Patha Maredubaka","720","507137"
"18705","Pedabandirevu","720","507137"
"18706","Pedanallaballi","720","507137"
"18707","Pedda Kamalapuram","720","507137"
"18708","Powlaru Peta","720","507137"
"18709","Pragallapalli","720","507137"
"18710","Rajupeta","720","507137"
"18711","Ramachandrapuram","720","507137"
"18712","Ramachandruni Peta","720","507137"
"18713","Ramarao Peta","720","507137"
"18714","S.Kothagudem","720","507137"
"18715","Sangam","720","507137"
"18716","Seethanagaram","720","507137"
"18717","Seetharampuram","720","507137"
"18718","Singavaram","720","507137"
"18719","Subbaraopeta","720","507137"
"18720","Sugnanapuram","720","507137"
"18721","Suravaram","720","507137"
"18722","Tailorpeta","720","507137"
"18723","Turubaka","720","507137"
"18724","Venkata Ramapuram","720","507137"
"18725","W. Reguballi","720","507137"
"18726","White Nagaram","720","507137"
"18727","Yerraboru","720","507137"
"18728","Z. Reguballi","720","507137"
"18729","Z. Veerabhadrapuram","720","507137"
"18730","Z.Maredubaka","720","507137"
"18731","Chinna Venkatapuram","721","507123"
"18732","Damarathogu","721","507123"
"18733","Galaba","721","507123"
"18734","Gundala","721","507123"
"18735","Kachanapally","721","507123"
"18736","Konavarigudem","721","507123"
"18737","Lingagudem","721","507123"
"18738","Mamakannu","721","507123"
"18739","Muthapuram","721","507123"
"18740","Padigapuram","721","507124"
"18741","Rudrapaka","721","507124"
"18742","Sayanapalli","721","507123"
"18743","Settypally","721","507124"
"18744","Gundepudi","722","507166"
"18745","Julurupad","722","507166"
"18746","Kakarla","722","507166"
"18747","Karivarigudem","722","507120"
"18748","Machinenipeta","722","507120"
"18749","Nallabandabodu","722","507166"
"18750","Padamatinarsapuraam","722","507166"
"18751","Papakollu","722","507166"
"18752","Anantharam","723","507117"
"18753","Bhattupalli","723","507117"
"18754","Chirumalla","723","507117"
"18755","Kalvalanagaram","723","507117"
"18756","Karakagudem","723","507117"
"18757","Mothe (Pm)","723","507117"
"18758","Regalla","723","507117"
"18759","Samath Mothe","723","507117"
"18760","Samathbhattupalli","723","507117"
"18761","Kothagudem","724",""
"18762","Ramavaram","724",""
"18763","Bangaru Chelaka","725","507118"
"18764","Chatakonda","725","507118"
"18765","Gattumalla","725","507118"
"18766","Gollagudem","725","507118"
"18767","Karukonda","725","507118"
"18768","Kunaram","725","507123"
"18769","Laxmidevipally","725","507101"
"18770","Punukuduchelaka","725","507118"
"18771","Regalla","725","507118"
"18772","Anantharam","726","507117"
"18773","Annaram","726","507117"
"18774","Chinnaravi Gudem","726","507117"
"18775","Gundla Singaram","726","507117"
"18776","Mallaram","726","507117"
"18777","Manguru","726","507117"
"18778","Manuguru","726","507117"
"18779","Peddipalli","726","507140"
"18780","Ramanujavaram","726","507117"
"18781","Samathsingaram","726","507117"
"18782","Tirumalapuram","726","507117"
"18783","Annaram","727","507115"
"18784","Chaparalapally","727","507315"
"18785","Gopalaraopeta (D)","727","507117"
"18786","Jaganadhapuram","727","507115"
"18787","Kamalapuram","727","507115"
"18788","Kapugangaram","727","507315"
"18789","Kistaram (D)","727","507117"
"18790","Madharam","727","507112"
"18791","Mukamamidi","727","507115"
"18792","Mulakalapally","727","507115"
"18793","Pogallapally","727","507115"
"18794","Pusugudem","727","507112"
"18795","Rachannagudem","727","507112"
"18796","Timmampeta","727","507114"
"18797","Chandralagudem","728","507115"
"18798","Dantelaboru","728","507115"
"18799","Gangadeviguppa","728","507115"
"18800","Karegattu","728","507115"
"18801","Koyagutta","728","507115"
"18802","Laxmidevipally","728","507115"
"18803","Nagaram","728","507115"
"18804","Narayanarao Peta","728","507115"
"18805","Palvoncha","728","507115"
"18806","Pandurangapuram","728","507115"
"18807","Payakari Yanambilu","728","507115"
"18808","Rangapuram","728","507115"
"18809","Repallevada","728","507115"
"18810","Sangam","728","507115"
"18811","Sarekallu","728","507115"
"18812","Somulagudem","728","507115"
"18813","Suraram","728","507115"
"18814","Thoggudem","728","507115"
"18815","Ulvanoor","728","507115"
"18816","Yanambailu","728","507115"
"18817","Allampalli","729","507117"
"18818","Bheemavaram","729","507117"
"18819","Bommarajupalli","729","507117"
"18820","Chegarsala","729","507117"
"18821","Duginepalli","729","507117"
"18822","E.Bayyaram","729","507117"
"18823","Elchireddypalli","729","507117"
"18824","Gaddampalli","729","507117"
"18825","Janampeta","729","507117"
"18826","Pinapaka","729","507117"
"18827","Potlapalli","729","507117"
"18828","Sarjathpalli","729","507117"
"18829","Seetharampuram","729","507117"
"18830","Singireddypalli","729","507117"
"18831","Sunnamvarigudem","729","507117"
"18832","Uppaka","729","507117"
"18833","Veerapuram","729","507117"
"18834","Venkatraopeta","729","507117"
"18835","Gareebpeta","730","507118"
"18836","Raghavapuram","730","507120"
"18837","Sarvaram","730","507120"
"18838","Seethampeta","730","507120"
"18839","Singabhupalem","730","507120"
"18840","Sujathanagar","730","507120"
"18841","Bethampudi","731","507127"
"18842","Bodu","731","507127"
"18843","Gangaram","731","507127"
"18844","Gollapally","731","507127"
"18845","Koppurai","731","507127"
"18846","Pegallapadu","731","507127"
"18847","Chella Samudram","732","507122"
"18848","Komararam","732","507124"
"18849","Mamidigundala","732","507124"
"18850","Ragaboinagudem","732","507123"
"18851","Rompedu","732","507124"
"18852","Sudimalla","732","507123"
"18853","Yellandu","732","507123"
"18854","Agrampahad","733","506342"
"18855","Atmakur","733","506342"
"18856","Brahamanpalle","733","506342"
"18857","Choudla Palle","733","506342"
"18858","House Buzurg","733","506349"
"18859","Kamaram","733","506342"
"18860","Katakshapur","733","506349"
"18861","Kothagattu","733","506319"
"18862","Malakpet","733","506342"
"18863","Neerukulla","733","506342"
"18864","Peddapur","733","506342"
"18865","Penchikalpet","733","506342"
"18866","Bheemadevarpalle","734","505497"
"18867","Gatlanarsingapur","734","505497"
"18868","Koppur","734","505497"
"18869","Kothakonda","734","505471"
"18870","Kothapalle","734","505497"
"18871","Mallaram","734","505471"
"18872","Manikyapur","734","505497"
"18873","Mulkanoor","734","505471"
"18874","Musthafapur","734","505471"
"18875","Mutharam (P.K)","734","505471"
"18876","Ratnagiri","734","505497"
"18877","Vangara","734","505480"
"18878","Damera","735","505476"
"18879","Kogilvai","735","506006"
"18880","Ladalla","735","506006"
"18881","Mustyalpalle","735","506342"
"18882","Oblapur","735","506006"
"18883","Oorugonda","735","506342"
"18884","Pasargonda","735","506342"
"18885","Pulkurthi","735","506342"
"18886","Singarajupalle","735","506006"
"18887","Venkatapur","735","506006"
"18888","Devnoor","736","506371"
"18889","Dharmapur","736","506144"
"18890","Dharmsagar","736","506142"
"18891","Elkurthy","736","506142"
"18892","Jhanakipur","736","506151"
"18893","Kyathampalli","736","506151"
"18894","Malakpalli","736","506003"
"18895","Mupparam","736","506142"
"18896","Narayanagiri","736","506142"
"18897","Peddapendyal","736","506151"
"18898","Somadevarapalli","736","506371"
"18899","Thatikayala","736","506151"
"18900","Unikicherla (Og)","736","506370"
"18901","Baopet","737","505476"
"18902","Damera","737","505476"
"18903","Dandepalli","737","505476"
"18904","Elkathurthi","737","505476"
"18905","Gopalpur","737","505476"
"18906","Jeelgul","737","505498"
"18907","Keshwapur","737","505476"
"18908","Kothulnaduma","737","505476"
"18909","Penchikalapeta","737","505498"
"18910","Suraram","737","505476"
"18911","Thimmapur","737","505476"
"18912","Vallabhapur","737","505476"
"18913","Veeranarayanapur","737","505476"
"18914","Gopalpur (Og)","738","506015"
"18915","Hanamkonda","738","506001"
"18916","Kumarpalle (R)","738","506001"
"18917","Lashkar Singaram","738","506009"
"18918","Palivelpula","738","506015"
"18919","Waddepally","738","506370"
"18920","Ananthasagar","739","506371"
"18921","Arvapalle","739","506006"
"18922","Bhimaram (Ct)","739","506015"
"18923","Chinthagattu (Og)","739","506015"
"18924","Devannapet","739","506370"
"18925","Hasanparthy (Og)","739","506371"
"18926","Jaigiri","739","506371"
"18927","Laknavaram (D)","739","506371"
"18928","Madipalle","739","506371"
"18929","Mallareddipalle","739","506371"
"18930","Mutcherla","739","506015"
"18931","Nagaram","739","506371"
"18932","Pegadapalle (Og)","739","506015"
"18933","Pembarthy","739","506371"
"18934","Siddhapoor","739","506006"
"18935","Sudanpalle","739","506006"
"18936","Vangapahad","739","506006"
"18937","Yellapur","739","506371"
"18938","Garmillapalle","740","506143"
"18939","Inavole","740","506310"
"18940","Kakkiralapalli","740","506313"
"18941","Kondaparthy","740","506003"
"18942","Nandanam","740","506313"
"18943","Panthini","740","506310"
"18944","Punnole","740","506310"
"18945","Singaram","740","506005"
"18946","Vanamalakanapatrthy","740","506003"
"18947","Venkatapuram","740","506003"
"18948","Ambala","741","505102"
"18949","Bhimpalle","741","505101"
"18950","Desharajpalle","741","505101"
"18951","Gudur","741","505102"
"18952","Gunded","741","505122"
"18953","Guniparthi","741","505102"
"18954","Jujnoor","741","505102"
"18955","Kamalapur","741","505102"
"18956","Kaniparthi","741","505101"
"18957","Kannur","741","505101"
"18958","Madannapeta","741","505102"
"18959","Marripalligudem","741","505102"
"18960","Nerella","741","505102"
"18961","Sanigaram","741","505102"
"18962","Uppal","741","505101"
"18963","Vangapalle","741","505102"
"18964","Ammavaripet","742","506003"
"18965","Battupalli","742","506003"
"18966","Kadipikonda (Ct)","742","506003"
"18967","Khazipet","742","506003"
"18968","Kothapalli","742","506003"
"18969","Madikonda (Og)","742","506142"
"18970","Rampur","742","506142"
"18971","Shayampet","742","506001"
"18972","Somidi","742","506003"
"18973","Tharalapalle","742","506003"
"18974","Cherlapalle","743","506391"
"18975","Choutparthi","743","506391"
"18976","Dharmaram","743","506391"
"18977","Kantathmakur","743","506391"
"18978","Kowkonda","743","506391"
"18979","Mustyalpalle","743","506391"
"18980","Nadikuda","743","506391"
"18981","Narlapur","743","506391"
"18982","Puligilla","743","506391"
"18983","Raiparthy","743","506391"
"18984","Sarvapur","743","506391"
"18985","Varikole","743","506391"
"18986","Kamareddipalle","744","506319"
"18987","Laxmipuram","744","506366"
"18988","Madharam","744","506164"
"18989","Mallakpet","744","506391"
"18990","Nagaram","744","506391"
"18991","Paidipalle","744","506391"
"18992","Parkal","744","506164"
"18993","Pocharam","744","506319"
"18994","Rajipet","744","506164"
"18995","Vellampalle","744","506391"
"18996","Venkatapur","744","506366"
"18997","Gatlakaniparthy","745","506319"
"18998","Hussainpalle","745","506319"
"18999","Katrapalle","745","506349"
"19000","Koppula","745","506319"
"19001","Mylaram","745","506319"
"19002","Neredpalle","745","506349"
"19003","Pattipaka","745","506319"
"19004","Pedda Kodepaka","745","506319"
"19005","Shayampet","745","506319"
"19006","Singaram (Dongala)","745","506349"
"19007","Singaram (Kothagutta)","745","506319"
"19008","Taharapur","745","506319"
"19009","Vasanthapur","745","506349"
"19010","Erraballe","746","505471"
"19011","Gundlasagar","746","506151"
"19012","Kammaripet","746","506142"
"19013","Mallikudurla","746","506151"
"19014","Peechera","746","506145"
"19015","Sodashapalli","746","506151"
"19016","Velair","746","506142"
"19017","Amberpet","747","500013"
"19018","Amberpet Sarfekhas","747","500013"
"19019","Drainage Lingampally","747","500013"
"19020","Malakpet","747","500036"
"19021","Ameerpet","748","500038"
"19022","Bahaloolkhanguda","748","500038"
"19023","Somajiguda","748","500082"
"19024","Asif Nagar","749","500028"
"19025","Guddimalkapur","749","500028"
"19026","Kulsumpura","749","500006"
"19027","Mallepalli","749","500001"
"19028","Razdarkhanpet","749","500006"
"19029","Bahadurpura","750","500064"
"19030","Bondilguda","750","500064"
"19031","Charmahal","750","500064"
"19032","Meersagar","750","500064"
"19033","Nandi Muslaiguda","750","500064"
"19034","Zeregumbad","750","500064"
"19035","Ali Samunder","751","500068"
"19036","Amjaduddowla","751","500053"
"19037","Bandlaguda (Kalsa)","751","500068"
"19038","Kanchanbagh","751","500058"
"19039","Kandikal","751","500053"
"19040","Nawabsahebkunta","751","500053"
"19041","Sultan Bagh","751","500068"
"19042","Kaiwanja","752","500002"
"19043","Murad Mahal","752","500002"
"19044","Talabchanchalam","752","500012"
"19045","Ibrahim Bagh","753","500031"
"19046","Langer House","753","500008"
"19047","Qila Mohd Nagar","753","500008"
"19048","Bagh Lingampally","754","500044"
"19049","Daira","754","500020"
"19050","Gaganmahal","754","500029"
"19051","Hasanaliguda","754","500029"
"19052","Khairatabad","755","500004"
"19053","Yellareddyguda","755","500073"
"19054","Yousufguda","755","500045"
"19055","Lalaguda","756","500017"
"19056","Malkajgiri","756","500047"
"19057","Marredpally","756","500026"
"19058","Marredpally Paigah","756","500026"
"19059","Bakaram","757","500080"
"19060","Miyakunta","757","500061"
"19061","Musheerabad","757","500020"
"19062","Osmania University (Ct)","757","500007"
"19063","Zamisthanpur","757","500020"
"19064","Nampally","758","500001"
"19065","Totaguda","758","500001"
"19066","Madannapet","759","500059"
"19067","Moosarambagh","759","500036"
"19068","Saidabad","759","500059"
"19069","Teegalguda","759","500036"
"19070","Bholakpur","760","500003"
"19071","Rasoolpura","760","500003"
"19072","Balhtawarguda","761","500104"
"19073","Hakeempet","761","500014"
"19074","Shaikpet","761","500104"
"19075","Ammuguda","762","500010"
"19076","Bowenpally","762","500011"
"19077","Chandulal Bowli","762","500009"
"19078","Kakaguda","762","500015"
"19079","Machabolaram","762","500010"
"19080","Sitarampur","762","500015"
"19081","Thokatta","762","500011"
"19082","Tirumalgiri","762","500015"
"19083","Annaram H/O Komanpalli","763",""
"19084","Beerpur","763","505454"
"19085","Cherlapalli","763","505454"
"19086","Donkeshwaram H/O Komanpalli","763",""
"19087","Kammunur","763","505454"
"19088","Kandlapalli","763","505454"
"19089","Kolvai","763","505454"
"19090","Komanpalli","763","505529"
"19091","Mangela","763","505454"
"19092","Mothinagar","763","505454"
"19093","Mothinagar (Gangasamudram And Noothipalli)","763",""
"19094","Narsimlapalli","763","505454"
"19095","Nedunoor H/O Komanpalli","763",""
"19096","Rangasagar","763","505454"
"19097","Rekulapalle","763","505454"
"19098","Thalladharmaram","763","505454"
"19099","Thungur","763","505454"
"19100","Vachunoor H/O Komanpalli","763",""
"19101","Bheemaram","764","505453"
"19102","Govindaram","764","505306"
"19103","Lingampeta","764","505306"
"19104","Mannnegudem","764","505462"
"19105","Pasnoor","764","505306"
"19106","Raghojipeta","764","505460"
"19107","Rangapur","764","505453"
"19108","Venkataraopeta","764","505453"
"19109","Voddedu","764","505453"
"19110","Beersani","765","505425"
"19111","Buggaram","765","505454"
"19112","Chinnapur","765","505454"
"19113","Gangapur","765","505454"
"19114","Gopulapuram","765","505425"
"19115","Maddunur","765","505425"
"19116","Shakalla","765","505532"
"19117","Sirikonda","765","505425"
"19118","Sirivanchakota","765","505425"
"19119","Velgonda","765","505454"
"19120","Yashwantharaopet","765","505454"
"19121","Arepalli","766","505425"
"19122","Dharmapuri","766","505425"
"19123","Donthapur","766","505425"
"19124","Donur","766","505454"
"19125","Gadepalli","766",""
"19126","Jaina","766","505425"
"19127","Kamalapur","766","505425"
"19128","Maggidi","766","505425"
"19129","Nagaram","766","505425"
"19130","Nerella","766","505454"
"19131","Rajaram","766","505425"
"19132","Rayapatnam","766","505425"
"19133","Theegala Dharmaram","766","505454"
"19134","Thimmapur","766","505425"
"19135","Thummenala","766","505454"
"19136","Ambaripet","767","505526"
"19137","Endapalli","767","505526"
"19138","Godishelpet","767","505526"
"19139","Gullakota","767","505526"
"19140","Kondapur","767","505526"
"19141","Kothapet","767","505526"
"19142","Maredupalli","767","505416"
"19143","Munjampalli","767","505416"
"19144","Padkal","767","505526"
"19145","Pathagudur","767","505416"
"19146","Shanabanda","767","505526"
"19147","Suraram","767","505327"
"19148","Undeda","767","505416"
"19149","Abbapur","768","505532"
"19150","Aggimalla","768","505532"
"19151","Atmakur","768","505532"
"19152","Battubuttamrajapalli","768","505532"
"19153","Bheemraj Palli","768","505532"
"19154","Bonkur","768","505532"
"19155","Chandoli","768","505532"
"19156","Chilvakodur","768","505532"
"19157","Datnur","768","505532"
"19158","Gollapalli","768","505532"
"19159","Gunjapadugu","768","505532"
"19160","Ibrahim Nagar","768","505529"
"19161","Israjpalli","768","505532"
"19162","Laxmipur","768","505532"
"19163","Lothunur","768","505425"
"19164","Raghavapatnam","768","505532"
"19165","Rapalle","768","505532"
"19166","Thirmalapur","768","505532"
"19167","Thirmalapuram","768","505532"
"19168","Vengalapur","768","505532"
"19169","Venugumatla","768","505532"
"19170","Ammakkapet","769","505450"
"19171","Bardipur","769","505450"
"19172","Dabba","769","505450"
"19173","Erdandi","769","505450"
"19174","Errapur","769","505327"
"19175","Fakir Kondapur","769","505450"
"19176","Godur","769","505325"
"19177","Ibrahimpatnam","769","505450"
"19178","Kamala Nagar","769","505327"
"19179","Kojan Kothur","769","505450"
"19180","Komatikondapur","769","505450"
"19181","Mularampur","769","505450"
"19182","Thimmapur","769","505327"
"19183","Varshakonda","769","505450"
"19184","Vemulakurthi","769","505450"
"19185","Yamapur","769","505450"
"19186","Dharur","770","505455"
"19187","Jagitial","770","505327"
"19188","Mothe","770","505455"
"19189","Tippannapet","770","505529"
"19190","Anantharam","771","505454"
"19191","Anthargaon","771","505455"
"19192","Chelgal","771","505455"
"19193","Dharmaram","771","505455"
"19194","Gullapeta","771","505529"
"19195","Habsipur","771","505454"
"19196","Jabithapur","771","505455"
"19197","Kalleda","771","505454"
"19198","Kandlapalli","771","505454"
"19199","Kannapur","771","505454"
"19200","Laxmipuram","771","505529"
"19201","Morapalli","771","505455"
"19202","Narsingapur","771","505455"
"19203","Polasa","771","505529"
"19204","Porandla","771","505529"
"19205","Somanpalli","771","505454"
"19206","Thakkallapalle","771","505454"
"19207","Thatipalli","771","505453"
"19208","Thimmapur","771","505455"
"19209","Veldurti","771","505455"
"19210","Ambaripet","772","505306"
"19211","Bhushanrao Peta","772","505462"
"19212","Bommena","772","505306"
"19213","Chinthakunta","772","505462"
"19214","Dulur","772","505462"
"19215","Dumpeta","772","505462"
"19216","Gambhirpur","772","505306"
"19217","Ippapalle","772","505306"
"19218","Kalikota","772","505306"
"19219","Kathlapur","772","505462"
"19220","Naga Mallappakunta","772","505327"
"19221","Ootpalle","772","505462"
"19222","Peggerla","772","505325"
"19223","Posanipeta","772","505462"
"19224","Potharam","772","505306"
"19225","Sirkonda","772","505462"
"19226","Thakkallapalle","772","505462"
"19227","Thandriyal","772","505306"
"19228","Thurthi","772","505306"
"19229","Cheppial","773","505501"
"19230","Gourapur","773","505501"
"19231","Kodimial","773","505501"
"19232","Konapur","773","505501"
"19233","Kondapur","773","505501"
"19234","Nachupalle","773","505501"
"19235","Nallagonda","773","505501"
"19236","Namilikonda","773","505501"
"19237","Potharam","773","505501"
"19238","Pudur","773","505501"
"19239","Ramsagar","773","505501"
"19240","Sanivarampeta","773","505501"
"19241","Surampeta","773","505501"
"19242","Thippaipalle","773","505501"
"19243","Thiramalapur","773","505501"
"19244","Ailapur","774","505330"
"19245","Chinnametpalle","774","505453"
"19246","Dharmaram","774","505331"
"19247","Gumlapur","774","505453"
"19248","Joganpalli","774","505460"
"19249","Kallur","774","505330"
"19250","Korutla","774","505326"
"19251","Madhapur","774","505330"
"19252","Mohanrao Pet","774","505453"
"19253","Nagulpet","774","505462"
"19254","Paidimadugu","774","505460"
"19255","Sangem","774","505462"
"19256","Venkatapur","774","505330"
"19257","Yekinpur","774","505462"
"19258","Yusufnagar","774","505330"
"19259","Adavimadhapur","775","505327"
"19260","Chittapur","775","505331"
"19261","Damarajapalli","775","505331"
"19262","Gorrepalli","775","505331"
"19263","Gundampalli","775","505331"
"19264","Indira Nagar","775","505331"
"19265","Laxmipur","775","505327"
"19266","Mallapur","775","505331"
"19267","Mogalpet","775","505331"
"19268","Muthyampet","775","505331"
"19269","Nadukuda","775","505331"
"19270","Obulapur","775","505331"
"19271","Raghavapeta","775","505331"
"19272","Ramdaspeta","775","505327"
"19273","Rathnapur","775",""
"19274","Regunta","775","505325"
"19275","Sangem","775","505331"
"19276","Sataram","775","505331"
"19277","Sirpur","775","505331"
"19278","Sri Rampur","775","505331"
"19279","Valgonda","775","505331"
"19280","Vempalli Venkatraopet","775","505331"
"19281","Balwanthapur","776","505452"
"19282","Gorregundam","776","505452"
"19283","Maddutla","776","505452"
"19284","Mallial","776","505452"
"19285","Manala","776","505452"
"19286","Muthyampeta","776","505452"
"19287","Myadampalle","776","505452"
"19288","Nookapalle","776","505452"
"19289","Obulapur","776","505452"
"19290","Potharam","776","505452"
"19291","Rajaram","776","505452"
"19292","Rampur","776","505452"
"19293","Sarvapur","776","505452"
"19294","Thakkallapalle","776","505452"
"19295","Thatipalle","776","505452"
"19296","Dammannapeta","777","505453"
"19297","Kacharam","777","505453"
"19298","Kalvakota","777","505453"
"19299","Katlakunta","777","505453"
"19300","Kondapur","777","505453"
"19301","Machapur","777","505453"
"19302","Medipalle","777","505453"
"19303","Pormalla","777","505453"
"19304","Thombarao Peta","777","505453"
"19305","Vallampalle","777","505453"
"19306","Atmakur","778","505325"
"19307","Bandalingapur","778","505325"
"19308","Chowlamaddi","778","505325"
"19309","Jaggasagar","778","505325"
"19310","Kondrikarla","778","505325"
"19311","Maidpalle (W)","778","505327"
"19312","Masaipet","778","505325"
"19313","Metlachittapur","778","505325"
"19314","Metpalli","778",""
"19315","Peddapur","778","505325"
"19316","Rajeswara Rao Pet","778","505325"
"19317","Ramalachakkapet","778","505325"
"19318","Ramchandrampet","778","505325"
"19319","Rangarao Pet","778","505325"
"19320","Regunta","778","505325"
"19321","Vellulla","778","505325"
"19322","Vempet","778","505331"
"19323","Venkatraopet","778","505325"
"19324","Vittampet","778","505325"
"19325","Aithupalli","779","505531"
"19326","Aravelli","779","505452"
"19327","Bathkepalli","779","505532"
"19328","Divikonda","779","505532"
"19329","Keesulatapalli","779","505532"
"19330","Legalamarri","779","505532"
"19331","Lingapur","779","505532"
"19332","Namapur","779","505531"
"19333","Nancherla","779","505532"
"19334","Nandagiri","779","505531"
"19335","Narsimhunipeta","779","505532"
"19336","Pegadapalli","779","505532"
"19337","Vengalaipet","779","505532"
"19338","Yellapur","779","505415"
"19339","Allipur","780","505460"
"19340","Alur","780","505460"
"19341","Bhoopathipur","780","505460"
"19342","Bornapalle","780","505460"
"19343","Chintalur","780","505460"
"19344","Devanpalle","780","505460"
"19345","Dharmajipet","780","505460"
"19346","Itkyal","780","505460"
"19347","Katkapur","780","505460"
"19348","Kistampet","780","505307"
"19349","Kummaripalle","780","505460"
"19350","Mahitapur","780","505460"
"19351","Mootapalle","780","505460"
"19352","Oddelingapur","780","505460"
"19353","Raikal","780","505460"
"19354","Ramajipet","780","505460"
"19355","Tatlavai","780","505460"
"19356","Uppumadige","780","505460"
"19357","Vasthapur","780","505460"
"19358","Veerapur","780","505460"
"19359","Arpapalli","781","505529"
"19360","Battapalli","781","505529"
"19361","Ganeshpalli","781","505529"
"19362","Konapur","781","505529"
"19363","Lachakkapet","781","505529"
"19364","Laxmidevipalle","781","505529"
"19365","Nagunur","781","505529"
"19366","Pembetla","781","505529"
"19367","Potharam","781","505454"
"19368","Rangapet","781","505529"
"19369","Rechapalli","781","505529"
"19370","Sarangapur","781","505454"
"19371","Chegyam","782","505416"
"19372","Jagdevpet","782","505526"
"19373","Kapparaopet","782","505526"
"19374","Kishanraopet","782","505526"
"19375","Mukkatraopet","782","505526"
"19376","Muthunur","782","505526"
"19377","Paidipalli","782","505526"
"19378","Ramnur","782","505526"
"19379","Sakapuram","782","505526"
"19380","Sankenapalle","782","505526"
"19381","Stambampalle","782","505526"
"19382","Velgatur","782","505526"
"19383","Alimpur","783","506221"
"19384","Bachannapet","783","506221"
"19385","Bandanagaram","783","506224"
"19386","Basireddipalle","783","506221"
"19387","Chinnaramancherla","783","506221"
"19388","Dubbaguntapalle","783","506221"
"19389","Gangapur","783","506221"
"19390","Itikyalapalle","783","506221"
"19391","Katkoor","783","506224"
"19392","Kesireddipalle","783","506221"
"19393","Kodavatoor","783","506221"
"19394","Konne","783","506221"
"19395","Lakshmapur","783","506224"
"19396","Lingampalle","783","506223"
"19397","Mansanpalle","783","506223"
"19398","Nagireddipalle","783","506221"
"19399","Narayanapur","783","506221"
"19400","Padamati Keshavapur","783","506223"
"19401","Pochannapet","783","506221"
"19402","Pullaguda","783","506223"
"19403","Ramachandrapur","783","506221"
"19404","Salvapur","783","506223"
"19405","Tammadapalle","783","506221"
"19406","Chilpur","784","506145"
"19407","Chinnapendyala","784","506144"
"19408","Fathepur","784","506301"
"19409","Kondapur","784","506145"
"19410","Krishnajigudem","784","506301"
"19411","Lingampalli","784","506145"
"19412","Malkapur","784","506145"
"19413","Nashkal","784","506144"
"19414","Pallagutta","784","506144"
"19415","Rajavaram","784","506144"
"19416","Sreepathipalli","784","506145"
"19417","Venkatadripet","784","506145"
"19418","Chinnamadur","785","506303"
"19419","Chowdur","785","506302"
"19420","Devaruppula","785","506302"
"19421","Dharamapur","785","506302"
"19422","Gollapalle","785","506302"
"19423","Kadavendi","785","506302"
"19424","Kolkonda","785","506303"
"19425","Madhapuram","785","506302"
"19426","Manpahad","785","506302"
"19427","Neermiala","785","506303"
"19428","Peddamadur","785","506303"
"19429","Ramrajpalle","785","506303"
"19430","Singarajpalle","785","506303"
"19431","Chagal","786","506301"
"19432","Ghanpur (Station) (Ct)","786","506143"
"19433","Ippagudem","786","506252"
"19434","Kothapalli","786","506301"
"19435","Meedigonda","786","506301"
"19436","Namilligonda","786","506143"
"19437","Pamunuru","786","506143"
"19438","Raghavapur","786","506301"
"19439","Samudrala","786","506252"
"19440","Shivunipalli","786","506143"
"19441","Thanadarpalli","786","506143"
"19442","Thatikonda","786","506301"
"19443","Vishwanathpur","786","506143"
"19444","Adavikeshvapur","787","506175"
"19445","Cheetakodur","787","506175"
"19446","Chowdaram","787","506175"
"19447","Chowdarpalle","787","506167"
"19448","Gangupahad","787","506175"
"19449","Goparajpalle","787","506175"
"19450","Jangoan","787","506167"
"19451","Marigadi","787","506175"
"19452","Oblakeshvapur","787","506221"
"19453","Pasarmadla","787","506201"
"19454","Peddapahad","787","506175"
"19455","Peddaramancherla","787","506221"
"19456","Pembarthy","787","506201"
"19457","Shamirpet","787","506175"
"19458","Siddenki","787","506201"
"19459","Venkriyala","787","506175"
"19460","Wadlakonda","787","506175"
"19461","Yellamla","787","506201"
"19462","Yerragollapahad","787","506175"
"19463","Yeswanthapur","787","506175"
"19464","Edunuthala","788","506222"
"19465","Kodakandla","788","506222"
"19466","Lakshmakkapalle","788","506302"
"19467","Mondrai","788","506302"
"19468","Narsingapur","788","506222"
"19469","Pakala","788","506222"
"19470","Ramavaram","788","506222"
"19471","Rangapur","788","506318"
"19472","Regula","788","506317"
"19473","Cheeturu","789","506303"
"19474","Chinnarajpet","789","506201"
"19475","Gummadavelli","789","506201"
"19476","Jeedikal","789","506201"
"19477","Kallem","789","506201"
"19478","Kothapalle","789","506303"
"19479","Kundaram","789","506303"
"19480","Lingalaghanpur","789","506201"
"19481","Nagaram","789","506201"
"19482","Nellutla","789","506175"
"19483","Nyalapogula","789","506303"
"19484","Siripuram","789","506201"
"19485","Vanaparthy","789","506303"
"19486","Waddicherla","789","506303"
"19487","Ammapur","790","506224"
"19488","Bommakur","790","506175"
"19489","Gandiramaram","790","506244"
"19490","Hanmanthapur","790","506175"
"19491","Machupahad","790","506244"
"19492","Malakpet","790","506244"
"19493","Narmetta","790","506175"
"19494","Veldanda","790","506221"
"19495","Ayyangaripalle","791","506244"
"19496","Bommera","791","506252"
"19497","Chennur","791","506222"
"19498","Dardepalle","791","506316"
"19499","Gudur","791","506252"
"19500","Iravennu","791","506244"
"19501","Kondapuram","791","506316"
"19502","Kothalabad","791","506244"
"19503","Lakshminarayana Puram","791","506146"
"19504","Mailaram","791","506222"
"19505","Mallampalle","791","506317"
"19506","Manchuppula","791","506222"
"19507","Mutharam","791","506222"
"19508","Palakurthi","791","506146"
"19509","Shatapuram","791","506302"
"19510","Theegaram","791","506143"
"19511","Thirmalagiri","791","506252"
"19512","Thorrur","791","506302"
"19513","Valmidi","791","506222"
"19514","Vavilala","791","506317"
"19515","Visnoor","791","506222"
"19516","Ashwaraopalle","792","506244"
"19517","Bhanjipeta","792","506244"
"19518","Fatheshapur","792","506244"
"19519","Gabbeta","792","506244"
"19520","Govardhanagiri","792","506301"
"19521","Ibrahimpur","792","506244"
"19522","Kalvalapalle","792","506244"
"19523","Kanchanpalle","792","506244"
"19524","Kannaipalle","792","506244"
"19525","Koduru","792","506303"
"19526","Komalla","792","506244"
"19527","Kurchapalle","792","506252"
"19528","Madharam","792","506244"
"19529","Mekalagattu","792","506244"
"19530","Nidigonda","792","506244"
"19531","Quileshapur","792","506244"
"19532","Raghunathpalle","792","506244"
"19533","Srimannarayanapur","792","506244"
"19534","Veldi","792","506244"
"19535","Abdulnagaram","793","506145"
"19536","Akkerajepalle","793","506224"
"19537","Ankushapuram","793","506367"
"19538","Bonthagattunagaram","793","506145"
"19539","Narsapur","793","506224"
"19540","Potharam","793","506367"
"19541","Solipuram","793","506367"
"19542","Tharigoppula","793","506224"
"19543","Aliyabad","794","506316"
"19544","Konaichelam","794","506143"
"19545","Kunoor","794","506143"
"19546","Obulapur","794","506316"
"19547","Raghunathpalle","794","506143"
"19548","Sagaram","794","506313"
"19549","Shapalle","794","506252"
"19550","Suraram","794","506316"
"19551","Thamadapalle (I) Ippagudem","794","506143"
"19552","Thammadapalle (G) Guduru","794","506316"
"19553","Theegaram","794","506143"
"19554","Thidugu","794","506313"
"19555","Thimmampet","794","506143"
"19556","Thimmapur","794","506316"
"19557","Uppugal","794","506143"
"19558","Zaffergadh","794","506316"
"19559","Azamnagar","795","506169"
"19560","Bheemghanpur","795","506169"
"19561","Bhupalpalle (Ct)","795","506169"
"19562","Budharam","795","506169"
"19563","Chiknepalle","795","506169"
"19564","Deekshakunta","795","506169"
"19565","Dudekulapalle","795","506169"
"19566","Gorlavedu","795","506168"
"19567","Gudadupalle","795","506168"
"19568","Jangedu","795","506169"
"19569","Kamalapur","795","506169"
"19570","Kompalle","795","506168"
"19571","Kothapalle","795","506169"
"19572","Nagaram","795","506169"
"19573","Nandigama","795","506169"
"19574","Neredpalle","795","506168"
"19575","Pambapur","795","506169"
"19576","Pandipampula","795","506169"
"19577","Peddapur","795","506168"
"19578","Rampur","795","506169"
"19579","Vajinepalle","795","506168"
"19580","Chain Paka","796","506170"
"19581","Challagarige","796","506356"
"19582","Chityal","796","506356"
"19583","Doothpalle","796","506170"
"19584","Giddemutharam","796","506356"
"19585","Gopalpur","796","506170"
"19586","Jadalapet","796","506170"
"19587","Jookal","796","506356"
"19588","Kailapur","796","506356"
"19589","Kalvapalle","796","506356"
"19590","Muchiniparthi","796","506356"
"19591","Nain Paka","796","506170"
"19592","Navabpet","796","506356"
"19593","Thirmalapur","796","506356"
"19594","Vencherami","796","506170"
"19595","Vodthala","796","506170"
"19596","Budharam","797","506345"
"19597","Burrakayalagudem","797","506345"
"19598","Chelpur","797","506168"
"19599","Dharmaraopet","797","506345"
"19600","Ghanpur","797","506345"
"19601","Karkapalle","797","506168"
"19602","Kondapur","797","506345"
"19603","Mylaram","797","506345"
"19604","Thupuram","797","506345"
"19605","Adivarampet","798","505503"
"19606","Bayyaram","798","505503"
"19607","Bopparam","798","505503"
"19608","Chidnepalle","798","505503"
"19609","Chinthakani","798","505503"
"19610","Damerakunta","798","505503"
"19611","Devarampalle","798","505503"
"19612","Dhanwada","798","505503"
"19613","Dharmasagar","798","505503"
"19614","Garepalle","798","505503"
"19615","Gudoor","798","505503"
"19616","Gummallapalle","798","505503"
"19617","Gundrathpalle","798","505503"
"19618","Jadaraopet","798","505503"
"19619","Kambalpad","798","505503"
"19620","Kataram","798","505503"
"19621","Kothapalle","798","505503"
"19622","Mallaram","798","505503"
"19623","Medipalle","798","505503"
"19624","Morepalle","798","505503"
"19625","Nallagunta","798","505503"
"19626","Nasthur Palle","798","505503"
"19627","Odipilavancha","798","505503"
"19628","Pochampalle","798","505503"
"19629","Pothulvai","798","505503"
"19630","Prathapagiri","798","505503"
"19631","Raghupalle","798","505503"
"19632","Regulagudem","798","505503"
"19633","Sunderajpet","798","505503"
"19634","Veerapoor","798","505503"
"19635","Vilasagar","798","505503"
"19636","Chennapur","799","506348"
"19637","Chinnakodepaka","799","506319"
"19638","Jaggaiahpet","799","506348"
"19639","Jamshedbaigpet","799","506348"
"19640","Konaraopet","799","506348"
"19641","Kothapallegori","799","506348"
"19642","Sultanpur","799","506348"
"19643","Ambatpalle","800","505504"
"19644","Annaram","800","505503"
"19645","Balijapur","800","505504"
"19646","Beersagar","800","505504"
"19647","Beglur","800","505504"
"19648","Bommapur","800","505504"
"19649","Brahmanapalle","800","505504"
"19650","Chindrapalle","800","505504"
"19651","Edapalle","800","505504"
"19652","Elkeswaram","800","505504"
"19653","Kaleswaram","800","505504"
"19654","Kancherlapalle","800","505504"
"19655","Kannepalle","800","505504"
"19656","Kothapet","800","505504"
"19657","Kudurpalle","800","505504"
"19658","Kuntlam","800","505504"
"19659","Laxmipur","800","505503"
"19660","Mahadevpur","800","505504"
"19661","Majeedpalle","800","505504"
"19662","Medigadda","800","505504"
"19663","Metpalle","800","505504"
"19664","Muddulapalle","800","505504"
"19665","Muktipalle","800","505504"
"19666","Nagepalle","800","505503"
"19667","Palgula","800","505504"
"19668","Peddampet","800","505504"
"19669","Puskupalle","800","505504"
"19670","Rapallekota","800","505504"
"19671","Suraram","800","505504"
"19672","Tallagadda","800","505504"
"19673","Yenkepalle","800","505504"
"19674","Ankanpalle","801","506168"
"19675","Ansanpalle","801","506168"
"19676","Chigurupalle","801","505184"
"19677","Chinna Thoondla","801","505184"
"19678","Domala Madaram","801","506168"
"19679","Dubbagattu","801","505184"
"19680","Dubbapeta","801","505184"
"19681","Gandharla","801","506168"
"19682","Kapuram","801","505184"
"19683","Kondampet","801","505503"
"19684","Korlakunta","801","505503"
"19685","Mallampalle","801","506169"
"19686","Mallaram","801","505184"
"19687","Mothkupalle","801","506168"
"19688","Nacharam","801","506168"
"19689","Pedda Thoondla","801","505184"
"19690","Rudraram","801","505503"
"19691","Shatrajpalle","801","505184"
"19692","Tadicherla","801","505184"
"19693","Tadwai","801","506168"
"19694","Vallamkunta","801","505503"
"19695","Yedlapalle","801","505503"
"19696","Akinepalle","802","506366"
"19697","Ankushapur","802","506366"
"19698","Gudipahad","802","506366"
"19699","Gundlakarthi","802","506366"
"19700","Issipet","802","506366"
"19701","Kurkishala","802","506366"
"19702","Medaramatla","802","506366"
"19703","Metpalle","802","506366"
"19704","Mogullapalle","802","506366"
"19705","Motlapalle","802","506366"
"19706","Mulkalapalle","802","506366"
"19707","Parlapalle","802","506366"
"19708","Peddakomatipalle","802","506366"
"19709","Pidisilla","802","506366"
"19710","Pothugal","802","506366"
"19711","Rangapuram","802","506366"
"19712","Vemulapalle","802","506366"
"19713","Borlagudem","803","505503"
"19714","Gaddalapalle","803","505503"
"19715","Gandikamaram","803","505503"
"19716","Jeelapalle","803","505503"
"19717","Kankunoor","803","505503"
"19718","Korlakunta","803","505503"
"19719","Madharam","803","505503"
"19720","Mulugupalle","803","505503"
"19721","Mutharam (Mahadevpur)","803","505503"
"19722","Nallagunta (Meenajipeta)","803","505503"
"19723","Nimmagudem","803","505503"
"19724","Pegdapalle","803","505503"
"19725","Polaram","803","505503"
"19726","Reddipalle","803","505503"
"19727","Regula Gudem","803","505503"
"19728","Singampalle","803","505503"
"19729","Singaram","803","505503"
"19730","Stambhampalle (P.K.)","803","505503"
"19731","Stambhampalle (Pp)","803","505503"
"19732","Vajnepalle","803","505503"
"19733","Yamanpalle","803","505503"
"19734","Yetnaram","803","505503"
"19735","Bheemanpalle","804","505504"
"19736","Bheemanpalle","804","505504"
"19737","Boipalmela","804","505504"
"19738","Burgugudem","804","505504"
"19739","Dammur","804","505504"
"19740","Garkepalle","804","505504"
"19741","Kamanpalle","804","505504"
"19742","Kishtapur","804","505504"
"19743","Kishtapur","804","505504"
"19744","Lenkalagadda","804","505504"
"19745","Medigadda","804","505504"
"19746","Moded","804","505504"
"19747","Muknur","804","505504"
"19748","Neelampalle","804","505504"
"19749","Palimela","804","505504"
"19750","Pankena","804","505504"
"19751","Sarvaipet","804","505504"
"19752","Timmatigudem","804","505504"
"19753","Venchepalle","804","505504"
"19754","Bhagirthipet","805","506345"
"19755","Dammannapet","805","506348"
"19756","Kanaparthy","805","506348"
"19757","Kodavatancha","805","506348"
"19758","Lingala","805","506348"
"19759","Madathapalle","805","506348"
"19760","Ponagandla","805","506170"
"19761","Ramannaguda","805","506348"
"19762","Regonda","805","506348"
"19763","Repaka","805","506348"
"19764","Tirumalagiri","805","506348"
"19765","Ankushapur","806","506356"
"19766","Borna Palli","806","506356"
"19767","Dubyala","806","506356"
"19768","Emped","806","506356"
"19769","Garimillapalle","806","506356"
"19770","Gummadavelli","806","506356"
"19771","Kalikota","806","506356"
"19772","Kundanpalle","806","506356"
"19773","Pangidipalle","806","506356"
"19774","Raghavapur","806","506356"
"19775","Raghavareddypet","806","506356"
"19776","Ramakistapur (T)","806","506356"
"19777","Ramakistapur (V)","806","506356"
"19778","Somanpalle","806","506356"
"19779","Tekumatta","806","506356"
"19780","Velchal","806","506356"
"19781","Vellampalle","806","506356"
"19782","Venkatraopalle","806","506356"
"19783","Alampur","807","509152"
"19784","Bairampalle","807","509152"
"19785","Bheemavaram","807","509153"
"19786","Bukkapur","807","509152"
"19787","Chagatur","807","509152"
"19788","Gundimalla","807","509152"
"19789","Imampur","807","509152"
"19790","Jillellapadu","807","509152"
"19791","Kasipur","807","509152"
"19792","Koneru","807","509152"
"19793","Kudavelli","807","509152"
"19794","Kyatur","807","509153"
"19795","Linganavai","807","509153"
"19796","Ryalampadu","807","509152"
"19797","Shalipur","807","509153"
"19798","Singavaram","807","509152"
"19799","Sultanpur","807","509152"
"19800","Uppalapadu","807","509152"
"19801","Utkur","807","509152"
"19802","Yapaladevipadu","807","509153"
"19803","Alwalpad","808","509133"
"19804","Chintharevula","808","509133"
"19805","Dharur","808","509133"
"19806","Dornala","808","509133"
"19807","Garlapadu","808","509133"
"19808","Jampally","808","509133"
"19809","Kothulagidda","808","509133"
"19810","Mannapur","808","509133"
"19811","Marlabeedu","808","509133"
"19812","Mirzapuram","808","509133"
"19813","Nagardoddi","808","509133"
"19814","Neelahalli","808","509133"
"19815","Nettempadu","808","509133"
"19816","Palcherla","808","509133"
"19817","R.Garlapahad","808","509128"
"19818","Ryalampad","808","509133"
"19819","Upperu","808","509133"
"19820","Anantapur","809","509133"
"19821","Atmakur","809","509133"
"19822","Basapur","809","509133"
"19823","Beerole","809","509133"
"19824","Chenigonipally","809","509133"
"19825","Doudarpally","809","509133"
"19826","Gadwal (R)(Part)","809","509125"
"19827","Gonpad","809","509133"
"19828","Gurramgadda","809","509133"
"19829","Jammiched","809","509133"
"19830","Jilladabanda","809","509133"
"19831","Kakulavaram","809","509133"
"19832","Kothapalle","809","509133"
"19833","Mellacheruvu","809","509133"
"19834","Mulkalapalle","809","509133"
"19835","Paramala","809","509133"
"19836","Pudur","809","509133"
"19837","Rekulapalle","809","509133"
"19838","Sangala","809","509125"
"19839","Yenkampeta","809","509125"
"19840","Aloor","810","509132"
"19841","Apkondanhalli","810","509129"
"19842","Aragidda","810","509132"
"19843","Balgera","810","509129"
"19844","Boyalagudem","810","509129"
"19845","Chagadona","810","509127"
"19846","Chamankhandoddi","810","509129"
"19847","Ersandoddi","810","509129"
"19848","Ghattu","810","509129"
"19849","Gorlakhandoddi","810","509129"
"19850","Induvasi","810","509129"
"19851","Lingapoor","810","509129"
"19852","Macherla","810","509129"
"19853","Mallampalle","810","509129"
"19854","Mittadoddi","810","509127"
"19855","Muslimpalle","810","509132"
"19856","Penchikapadu","810","509132"
"19857","Rayapuram","810","509129"
"19858","Thappetlamorsu","810","509129"
"19859","Thummalacheruvu","810","509132"
"19860","Thummalapally","810","509127"
"19861","Yellamdoddi","810","509129"
"19862","B.Timmapur","811","509127"
"19863","Bingidoddi","811","509127"
"19864","Chinna Tandrapadu","811","509135"
"19865","Devabanda","811","509127"
"19866","Eklaspur","811","509127"
"19867","Ieej","811","509127"
"19868","Jadadoddi","811","509135"
"19869","Kesavapuram","811","509135"
"19870","Kudakanoor","811","509127"
"19871","Medikonda","811","509127"
"19872","Pullikal","811","509127"
"19873","Sindhanoor","811","509127"
"19874","Thoomkunta","811","509127"
"19875","Thothinonidoddi","811","509127"
"19876","Uppal","811","509135"
"19877","Uthanur","811","509127"
"19878","Venisampur","811","509135"
"19879","Venkatapur","811","509135"
"19880","Yapadinne","811","509135"
"19881","Buddareddypally","812","509126"
"19882","Chagapur","812","509126"
"19883","Gopaldinne","812","509128"
"19884","Itikyal","812","509128"
"19885","Mogilravalcheruvu","812","509128"
"19886","Munagala","812","509128"
"19887","Peddadinne","812","509128"
"19888","Saterla","812","509128"
"19889","Shabad","812","509126"
"19890","Udandapur","812","509128"
"19891","Vavilala","812","509128"
"19892","Apkondanahalli","813","509129"
"19893","Chintalkunta","813","509129"
"19894","Eerlabanda","813","509133"
"19895","Erkiched","813","509129"
"19896","Ganganapally","813","509133"
"19897","Guvvaldinne","813","509129"
"19898","Isarlapad","813","509129"
"19899","Isarlapad","813","509129"
"19900","Kaloor Thimmandoddi","813","509129"
"19901","Kondapur","813","509129"
"19902","Kuchinerla","813","509129"
"19903","Mallapuram","813","509129"
"19904","Musaldoddi","813","509133"
"19905","Nandinne","813","509129"
"19906","Pagunta","813","509133"
"19907","Puranapalem","813","509133"
"19908","Ummityal","813","509133"
"19909","Venkatapur","813","509133"
"19910","Adaviravalcheruvu","814","509132"
"19911","Amarvai","814","509132"
"19912","Bijjawaram","814","509132"
"19913","Burdipad","814","509132"
"19914","Chelagarlapadu","814","509132"
"19915","D.Amaravai","814","509132"
"19916","Kurthiravalcheruvu","814","509132"
"19917","Maddelabanda","814","509132"
"19918","Maldakal","814","509132"
"19919","Mallemdoddi","814","509132"
"19920","Nagardoddi","814","509127"
"19921","Neelipally","814","509132"
"19922","Nethivanipalle","814","509132"
"19923","Palwai","814","509132"
"19924","Peddapally","814","509132"
"19925","Peddodi","814","509132"
"19926","Saddalonipalle","814","509132"
"19927","Syasampalle","814","509127"
"19928","Thatikunta","814","509127"
"19929","Uligepalle","814","509132"
"19930","Vittalapuram","814","509127"
"19931","Yeddulagudem","814","509132"
"19932","Yelkur","814","509132"
"19933","A.Burdipad","815","509153"
"19934","Amaravai","815","509128"
"19935","Boravelle","815","509153"
"19936","Chandapur","815","509128"
"19937","Chandrashekar Nagar","815","509128"
"19938","Chandur","815","509128"
"19939","Chandur","815","509128"
"19940","Chinnapothulapadu","815","509128"
"19941","Chinnipadu","815","509128"
"19942","D.Burdipadu","815","509128"
"19943","Gokulapad","815","509128"
"19944","Jallapur","815","509153"
"19945","Kalkuntla","815","509128"
"19946","Korvipadu","815","509128"
"19947","Maddur","815","509128"
"19948","Mangampeta","815","509132"
"19949","Manopad","815","509128"
"19950","Narayanpur","815","509128"
"19951","Pallepadu","815","509128"
"19952","Peddaamudyala Padu","815","509128"
"19953","Peddapothulapadu","815","509128"
"19954","Posalpadu","815","509128"
"19955","Raimakulakunta","815","509153"
"19956","Chinnadhanwada","816","509135"
"19957","Mandoddi","816","509135"
"19958","Mundladinne","816","509126"
"19959","Nasnoor","816","509135"
"19960","Nasnur","816","509135"
"19961","Pacharla","816","509135"
"19962","Padamatigarlapadu","816","509126"
"19963","Pedda Thandrapadu","816","509126"
"19964","Peddadhanwada","816","509135"
"19965","Rajoli","816","509126"
"19966","Thummilla","816","509126"
"19967","Thurpu Garlapadu","816","509126"
"19968","Baswapur","817","509152"
"19969","Bhairapur","817","509152"
"19970","Bonkur","817","509128"
"19971","Chinnaamudyala Padu","817","509153"
"19972","D Burdipadu","817","509153"
"19973","Itkyalpadu","817","509153"
"19974","Kalgotla","817","509153"
"19975","Kanchupadu","817","509153"
"19976","Khanapur","817","509128"
"19977","Maramunagala","817","509153"
"19978","Mennipadu","817","509128"
"19979","Pragatoor","817","509153"
"19980","Pullur","817","509153"
"19981","Seripalle","817","509153"
"19982","Shahipur","817","509153"
"19983","Thakkasila","817","509153"
"19984","Undavelli","817","509153"
"19985","Budamarsu","818","509126"
"19986","Jilledudinne","818","509126"
"19987","Julekal","818","509126"
"19988","Koildinne","818","509126"
"19989","Konkala","818","509126"
"19990","Paipad","818","509126"
"19991","Ramapuram","818","509126"
"19992","Tanagala","818","509135"
"19993","Waddepally","818","509126"
"19994","Batladinne","819","509128"
"19995","Bochuveerapur","819","509128"
"19996","Dharmavaram","819","509128"
"19997","Karpakula","819","509128"
"19998","Kondair","819","509133"
"19999","Putandoddi","819","509128"
"20000","Rajsrigarlapad","819","509128"
"20001","Sasnool","819","509128"
"20002","Thimmapur","819","509133"
"20003","Vallur","819","509128"
"20004","Vemula","819","509128"
"20005","Banswada (Ct)","820","503187"
"20006","Borlam","820","503187"
"20007","Budmi","820","503187"
"20008","Chinna Nagaram","820","503321"
"20009","Chinna Rampur","820","503187"
"20010","Chintal Nagaram","820","503187"
"20011","Desaipet","820","503187"
"20012","Hanmajipet","820","503187"
"20013","Ibrahimpet","820","503187"
"20014","Khadlapur","820","503187"
"20015","Kollur","820","503321"
"20016","Konapur","820","503187"
"20017","Pocharam","820","503187"
"20018","Sangojipet","820","503187"
"20019","Singaraipalle","820","503187"
"20020","Someshwar","820","503187"
"20021","Tadkole","820","503187"
"20022","Tirmalapur","820","503187"
"20023","Vasudevpalle","820","503187"
"20024","Anthampalle","821","503102"
"20025","Baswapur","821","503101"
"20026","Bhagirathipalle","821","503101"
"20027","Bhiknoor","821","503101"
"20028","Gurjakunta","821","503101"
"20029","Isannapalle","821","503101"
"20030","Jangampalle","821","503102"
"20031","Kachapur","821","503101"
"20032","Kancherla","821","503101"
"20033","Laxmidevipalle","821","503101"
"20034","Mallupalle","821","503101"
"20035","Peddamallareddy","821","503101"
"20036","Rameshwarpalle","821","503101"
"20037","Ryegatlapalle","821","503101"
"20038","Tippapur","821","503101"
"20039","Bibipet","822","503125"
"20040","Issanagar","822","503125"
"20041","Jangaon","822","503125"
"20042","Konapur","822","503123"
"20043","Malkapur","822","503125"
"20044","Mohammadapur","822","503101"
"20045","Ramchandrapur","822","503125"
"20046","Ramreddipalle","822","503125"
"20047","Tujalpur","822","503125"
"20048","Upperpally","822","503125"
"20049","Yadaram","822","503125"
"20050","Bandaranjal","823","503187"
"20051","Bichkunda","823","503306"
"20052","Chinna Devada","823","503306"
"20053","Chinna Dhadgi","823","503306"
"20054","Dowlatapur","823","503306"
"20055","Fathlapur","823","503306"
"20056","Gopanpalle","823","503306"
"20057","Gundekalloor","823","503309"
"20058","Gundenamali","823","503187"
"20059","Hasgul","823","503306"
"20060","Kandarpalle","823","503306"
"20061","Khatgaon","823","503309"
"20062","Lingapur","823","503306"
"20063","Malkapur","823","503306"
"20064","Malkapur (Kodapgalpatti)","823","503310"
"20065","Manyapur","823","503305"
"20066","Meka","823","503309"
"20067","Mishankallali","823","503309"
"20068","Pedda Devada","823","503306"
"20069","Pedda Dhadgi","823","503306"
"20070","Pedda Takkadpalle","823","503306"
"20071","Pulkal","823","503306"
"20072","Rajapur","823","503306"
"20073","Rajola","823","503309"
"20074","Seetarampalle","823","503305"
"20075","Shantapur","823","503305"
"20076","Shetloor","823","503309"
"20077","Sirsamundar","823","503306"
"20078","Wajidnagar","823","503187"
"20079","Yellaram","823","503306"
"20080","Bairapur","824","503321"
"20081","Barangedgi","824","503321"
"20082","Birkoor","824","503321"
"20083","Bommandevpalle","824","503301"
"20084","Chincholi","824","503321"
"20085","Chinna Annaram","824","503321"
"20086","Chinna Damarancha","824","503321"
"20087","Kishtapur","824","503321"
"20088","Mallapur","824","503321"
"20089","Nagapur","824","503321"
"20090","Pedda Damarancha","824","503321"
"20091","Poshetpalle","824","503301"
"20092","Sambapur","824","503321"
"20093","Sultanpur","824","503301"
"20094","Timmapur","824","503321"
"20095","Veerapur","824","503301"
"20096","Ambarpet","825","503123"
"20097","Anchanur","825","503123"
"20098","Chintamanpalle","825","503112"
"20099","Domakonda","825","503123"
"20100","Gottimukla","825","503123"
"20101","Kundaram","825","503123"
"20102","Lingupalle","825","503102"
"20103","Mutyampet","825","503123"
"20104","Sangameshwar","825","503123"
"20105","Siribibipet","825","503125"
"20106","Sitarampalle","825","503125"
"20107","Sitarampur","825","503123"
"20108","Chinnapur","826","503309"
"20109","Dhoti","826","503309"
"20110","Dongli","826","503309"
"20111","Elegaon","826","503309"
"20112","Enbhura","826","503309"
"20113","Hassa Takli","826","503309"
"20114","Kurla","826","503309"
"20115","Lachmapur","826","503309"
"20116","Limboor","826","503309"
"20117","Mahdan Hipperga","826","503309"
"20118","Mallapur","826","503309"
"20119","Marepalle","826","503309"
"20120","Mogha","826","503309"
"20121","Pedda Takli","826","503309"
"20122","Sirpur","826","503309"
"20123","Bangarwadi","827","503114"
"20124","Boppajiwadi","827","503114"
"20125","Brahmanpalle","827","503114"
"20126","Burgul","827","503114"
"20127","Chedmal","827","503114"
"20128","Chinnapur","827","503122"
"20129","Durgam","827","503114"
"20130","Gandhari","827","503114"
"20131","Gandivet","827","503122"
"20132","Gujjul","827","503114"
"20133","Gurjal","827","503114"
"20134","Juvvadi","827","503120"
"20135","Karakwadi","827","503114"
"20136","Katewadi","827","503114"
"20137","Konaipalle","827","503114"
"20138","Madholi","827","503187"
"20139","Mathsangam","827","503114"
"20140","Medpalle","827","503122"
"20141","Naglur","827","503114"
"20142","Narsapur (Mudholi)","827","503187"
"20143","Neral","827","503114"
"20144","Pedda Gouraram","827","503187"
"20145","Petasangam","827","503114"
"20146","Pothangal (Kalan)","827","503114"
"20147","Pothangal (Khurd)","827","503114"
"20148","Ramalakshmanpalle","827","503114"
"20149","Sarvapur","827","503187"
"20150","Sithaipalle","827","503122"
"20151","Somaram","827","503114"
"20152","Thimmapuram","827","503114"
"20153","Tipparam","827","503114"
"20154","Vandrikal","827","503120"
"20155","Venkatapur","827","503187"
"20156","Bangarpalle","828","503305"
"20157","Baswapur","828","503305"
"20158","Bijjalwadi","828","503305"
"20159","Chandegaon","828","503309"
"20160","Chinna Edgi","828","503305"
"20161","Chinna Ghulla","828","503305"
"20162","Dongaon","828","503305"
"20163","Dostpalle","828","503305"
"20164","Gundoor","828","503305"
"20165","Hangarga","828","503309"
"20166","Jukkal","828","503305"
"20167","Kanthali","828","503305"
"20168","Kathalwadi","828","503305"
"20169","Khanapur","828","503305"
"20170","Khandeballoor","828","503305"
"20171","Khemraja Kallali","828","503305"
"20172","Kowlas","828","503305"
"20173","Ladegaon","828","503305"
"20174","Longaon","828","503305"
"20175","Madhapur","828","503309"
"20176","Mailar","828","503305"
"20177","Mohammadabad","828","503305"
"20178","Nagalgaon","828","503309"
"20179","Padampalle","828","503305"
"20180","Pedda Edgi","828","503305"
"20181","Pedda Ghulla","828","503305"
"20182","Rudrapahad","828","503305"
"20183","Savargaon","828","503305"
"20184","Siddapur","828","503305"
"20185","Sopur","828","503305"
"20186","Wajrakhandi","828","503305"
"20187","Adloor","829","503111"
"20188","Chinna Mallareddy","829","503110"
"20189","Devanpalle","829","503111"
"20190","Elichpur","829","503111"
"20191","Gargul","829","503144"
"20192","Gudem","829","503111"
"20193","Isrojiwadi","829","503144"
"20194","Kamareddy","829","503111"
"20195","Kothalpalle","829","503110"
"20196","Kyasampalle","829","503111"
"20197","Lingapur (R)","829","503111"
"20198","Lingayapalle","829","503110"
"20199","Narasannapalle","829","503102"
"20200","Patharajampet","829","503102"
"20201","Raghavapur","829","503111"
"20202","Rameswarpalle","829","503111"
"20203","Sarampalle","829","503110"
"20204","Shabdipur","829","503111"
"20205","Tekriyal","829","503111"
"20206","Thimmakkapalle","829","503111"
"20207","Thimmakkapalle","829","503110"
"20208","Uggrawai","829","503111"
"20209","Banapur","830","503124"
"20210","Bayampalle","830","503124"
"20211","Bhavanipet","830","503122"
"20212","Bonal","830","503124"
"20213","Jaldipalle","830","503122"
"20214","Kanchmahal","830","503122"
"20215","Kannapur","830","503124"
"20216","Kondapur","830","503122"
"20217","Korpole","830","503124"
"20218","Lingampalle (Khurd)","830","503124"
"20219","Lingampet","830","503124"
"20220","Mangaram","830","503124"
"20221","Mombajipet","830","503122"
"20222","Motha","830","503120"
"20223","Nagaram","830","503124"
"20224","Nallamadugu","830","503124"
"20225","Perumalla","830","503124"
"20226","Polkampet","830","503124"
"20227","Pothaipalle","830","503124"
"20228","Rampur","830","503124"
"20229","Shatpalle","830","503124"
"20230","Shetpalle","830","503108"
"20231","Yellaram","830","503124"
"20232","Akkapur","831","503144"
"20233","Antampalle","831","503144"
"20234","Arnepally","831","503112"
"20235","Banjapally","831","503144"
"20236","Chukkapur","831","503112"
"20237","Devunipalle","831","503112"
"20238","Ghanpur (M)","831","503112"
"20239","Latchapet","831","503112"
"20240","Machareddy","831","503112"
"20241","Rajkhanpet","831","503112"
"20242","Ratnagiripally","831","503144"
"20243","Somarampet","831","503144"
"20244","Tadkapalle","831","503144"
"20245","Yellampet","831","503144"
"20246","Antapur","832","503309"
"20247","Awalgaon","832","503309"
"20248","Chinna Eklara","832","503309"
"20249","Chinna Shekkarga","832","503309"
"20250","Chinna Thadugur","832","503309"
"20251","Dhannoor","832","503309"
"20252","Gojegaon","832","503309"
"20253","Hajipur","832","503309"
"20254","Keroor","832","503309"
"20255","Kharag","832","503309"
"20256","Kotchira","832","503309"
"20257","Lachan","832","503309"
"20258","Madnur","832","503309"
"20259","Mahalsapur","832","503309"
"20260","Mainur","832","503309"
"20261","Pedda Eklara","832","503309"
"20262","Pedda Shekkarga","832","503309"
"20263","Pedda Thadgur","832","503309"
"20264","Rachoor","832","503306"
"20265","Rusegaon","832","503309"
"20266","Salabathpur","832","503309"
"20267","Shekhapur","832","503309"
"20268","Somoor","832","503309"
"20269","Sonala","832","503309"
"20270","Sultanpet","832","503309"
"20271","Thadi Hipperga","832","503309"
"20272","Wadi Fathepur","832","503309"
"20273","Boorgul","833","503302"
"20274","Galipur","833","503187"
"20275","Gunkul","833","503302"
"20276","Hasanpalle","833","503302"
"20277","Komalancha","833","503187"
"20278","Konampalle","833","503302"
"20279","Maqdumpur","833","503187"
"20280","Narsapoor","833","503302"
"20281","Narva","833","503302"
"20282","Raghavapalle","833","503108"
"20283","Rangapur","833","503302"
"20284","Sanivarpet","833","503187"
"20285","Shairkhanpalle","833","503187"
"20286","Singitham","833","503187"
"20287","Telagapoor","833","503187"
"20288","Tunkepalle","833","503302"
"20289","Turkapalle","833","503302"
"20290","Vengalampalle","833","503302"
"20291","Achaipalle","834","503122"
"20292","Akkampalle","834","503108"
"20293","Atmakur","834","503122"
"20294","Bollaram","834","503122"
"20295","Chinur","834","503108"
"20296","Dharmareddy","834","503108"
"20297","Golilingal","834","503108"
"20298","Jalalpur","834","503122"
"20299","Kannareddy","834","503108"
"20300","Lingampalle (Kalan)","834","503108"
"20301","Malthummeda","834","503108"
"20302","Masanpalle","834","503122"
"20303","Matur","834","503122"
"20304","Nagireddypet","834","503108"
"20305","Pocharam","834","503108"
"20306","Raghavapalle","834","503108"
"20307","Ramakkapalle","834","503122"
"20308","Tandur","834","503108"
"20309","Vadalparthi","834","503108"
"20310","Venkampalle","834","503108"
"20311","Yerraram","834","503122"
"20312","Zapti Jankampalle","834","503122"
"20313","Ankole","835","503301"
"20314","Baswaipalle","835","503301"
"20315","Bommanadevpally","835","503301"
"20316","Boppaspalle","835","503301"
"20317","Doulatapur","835","503301"
"20318","Durgampalle","835","503301"
"20319","Durki","835","503301"
"20320","Hajipur","835","503301"
"20321","Kamshetpalle","835","503301"
"20322","Mirzapur","835","503301"
"20323","Mylaram","835","503301"
"20324","Nachpalle","835","503301"
"20325","Namli","835","503301"
"20326","Nasurullabad","835","503321"
"20327","Sangam","835","503301"
"20328","Timmanagar","835","503301"
"20329","Achampet","836","503302"
"20330","Arepalle","836","503302"
"20331","Banjepalle","836","503302"
"20332","Brahmanpalle","836","503302"
"20333","Gorgal","836","503302"
"20334","Jakkapur","836","503302"
"20335","Magi","836","503302"
"20336","Mallur","836","503302"
"20337","Mangloor","836","503310"
"20338","Narsingraopalle","836","503310"
"20339","Velugunur","836","503302"
"20340","Waddepalle","836","503302"
"20341","Banda Rameshwarpalle","837","503112"
"20342","Bhavanipet","837","503112"
"20343","Devanpally","837","503112"
"20344","Faridpet","837","503123"
"20345","Issaipet","837","503144"
"20346","Palwancha","837","503112"
"20347","Potaram","837","503144"
"20348","Singaraipally","837","503144"
"20349","Wadi","837","503123"
"20350","Yellapgonda","837","503112"
"20351","Anjani","838","503310"
"20352","Babulgaon","838","502286"
"20353","Begumpoor","838","503310"
"20354","Burugupally","838","503310"
"20355","Chinna Takkadpalle","838","503306"
"20356","Jagannathapalle","838","503305"
"20357","Kaslabad","838","503310"
"20358","Katepally","838","503310"
"20359","Lingampally","838","503305"
"20360","Pedda Kodapgal","838","503310"
"20361","Pocharam","838","503305"
"20362","Shivapoor","838","503305"
"20363","Tupdal (Kowlasa)","838","503305"
"20364","Vadlam","838","503310"
"20365","Allapur","839","503310"
"20366","Bandapalle","839","503187"
"20367","Bollakpalle","839","503187"
"20368","Brahmanpalle","839","503310"
"20369","Burnapur","839","503310"
"20370","Chillangi","839","503310"
"20371","Chinna Gouraram","839","503187"
"20372","Chinna Kodapgal","839","503310"
"20373","Dharmaram","839","503310"
"20374","Godamgaon","839","503310"
"20375","Hasnapur","839","503310"
"20376","Karegaon","839","503310"
"20377","Khambapur","839","503310"
"20378","Kishtapur","839","503310"
"20379","Koranpalle","839","503310"
"20380","Kurthi","839","503187"
"20381","Maddelchervu","839","503187"
"20382","Mardanda","839","503310"
"20383","Nagampalle","839","503310"
"20384","Paredpalle","839","503310"
"20385","Pedda Annaram","839","503310"
"20386","Pedda Rampur","839","503187"
"20387","Pitlam","839","503310"
"20388","Pothreddypalle","839","503310"
"20389","Siddapur","839","503310"
"20390","Sonpet","839","503310"
"20391","Thimmanagar","839","503310"
"20392","Argonda","840","503110"
"20393","Baswannapally","840","503110"
"20394","Gundaram","840","503110"
"20395","Kondapur","840","503110"
"20396","Peddapalle","840","503110"
"20397","Pondurthi","840","503102"
"20398","Rajampet","840","503110"
"20399","Shivaipally","840","503102"
"20400","Siddapur","840","503110"
"20401","Talmadla","840","503102"
"20402","Yellareddipalli","840","503110"
"20403","Annaram","841","503144"
"20404","Ghanpur (R)","841","503144"
"20405","Gidda","841","503144"
"20406","Gollapalle","841","503144"
"20407","Issannapalle","841","503144"
"20408","Kannapur","841","503144"
"20409","Maddikunta","841","503144"
"20410","Moshampur","841","503144"
"20411","Posanipet","841","503144"
"20412","Radhaipalle","841","503144"
"20413","Ramareddy","841","503144"
"20414","Rangampet","841","503144"
"20415","Reddypet","841","503144"
"20416","Uppalwai","841","503144"
"20417","Adloor Yellareddy","842","503145"
"20418","Amarlabanda","842","503145"
"20419","Bhoompalle","842","503145"
"20420","Dhaggi","842","503145"
"20421","Dharmaraopet","842","503145"
"20422","Jangaon","842","503120"
"20423","Kammajiwadi","842","503145"
"20424","Kolwaral","842","503145"
"20425","Kuprial","842","503145"
"20426","Lingampalle","842","503145"
"20427","Mallupet","842","503145"
"20428","Markhal","842","503145"
"20429","Modegaon","842","503145"
"20430","Mudhojiwadi","842","503145"
"20431","Padmajiwadi","842","503145"
"20432","Sadashiva Nagar","842","503145"
"20433","Thimmajiwadi","842","503145"
"20434","Tirmanpalle","842","503145"
"20435","Tukkojiwadi","842","503145"
"20436","Uthnoor","842","503145"
"20437","Vajjepally (Kalan)","842","503145"
"20438","Vajjepally (Khurd)","842","503145"
"20439","Yacharam","842","503145"
"20440","Abdullanagar","843","503111"
"20441","Annaram(H)","843","503110"
"20442","Brahamajiwadi","843","503111"
"20443","Brahmanpalle","843","503111"
"20444","Chandapur","843","503120"
"20445","Chinna Demi","843","503120"
"20446","Chityal","843","503110"
"20447","Devai Palle","843","503111"
"20448","Endriyal","843","503120"
"20449","Kankal","843","503120"
"20450","Karadpalle","843","503120"
"20451","Kelojiwadi","843","503111"
"20452","Krishnajiwadi","843","503111"
"20453","Nandiwada","843","503120"
"20454","Pedda Demi","843","503120"
"20455","Sangojiwadi","843","503111"
"20456","Santaipet","843","503110"
"20457","Somaram","843","503110"
"20458","Tadwai","843","503120"
"20459","Venkayalapalle","843","503110"
"20460","Yerrapahad","843","503120"
"20461","Advilingal","844","503122"
"20462","Annasagar","844","503302"
"20463","Bhiknoor","844","503122"
"20464","Brahmanpalle","844","503122"
"20465","Daval Malkapalle","844","503122"
"20466","Devanpalle","844","503122"
"20467","Gandimasanipet","844","503122"
"20468","Hajipur","844","503122"
"20469","Hemagiri","844","503122"
"20470","Jangamaipalle","844","503122"
"20471","Jankampalle (Khurd)","844","503122"
"20472","Kottal","844","503122"
"20473","Laxmapur","844","503122"
"20474","Lingareddipet","844","503122"
"20475","Machapur","844","503122"
"20476","Mallaipalle","844","503122"
"20477","Mathadpalle","844","503302"
"20478","Mathmal","844","503122"
"20479","Misanpalle","844","503122"
"20480","Moulanakhed","844","503122"
"20481","Repallewada","844","503122"
"20482","Rudraram","844","503122"
"20483","Safdarpur","844","503122"
"20484","Sivapur","844","503122"
"20485","Somawarpet","844","503122"
"20486","Timmapur","844","503122"
"20487","Timmareddy","844","503122"
"20488","Vellutla","844","503122"
"20489","Venkatapur","844","503122"
"20490","Venkatapur (Agraharam)","844","503122"
"20491","Yellareddy (Ct)","844","503122"
"20492","Bommanapalle","845","505472"
"20493","Chigurumamidi","845","505467"
"20494","Indurthi","845","505481"
"20495","Kondapur","845","505467"
"20496","Mudimanikyam","845","505481"
"20497","Mulkanoor","845","505471"
"20498","Nawabpeta","845","505467"
"20499","Ramancha","845","505481"
"20500","Rekonda","845","505474"
"20501","Sundaragiri","845","505467"
"20502","Ullampalle","845","505472"
"20503","Arnakonda","846","505415"
"20504","Bhupalapatnam","846","505415"
"20505","Chakunta","846","505415"
"20506","Chityalpalle","846","505415"
"20507","Choppadandi","846","505415"
"20508","Gumlapur","846","505531"
"20509","Katnepalle","846","505531"
"20510","Kolimikunta","846","505415"
"20511","Konerupalle","846","505531"
"20512","Ragampeta","846","505415"
"20513","Rukmapur","846","505415"
"20514","Vedurughattu","846","505415"
"20515","Bujunoor","847","505475"
"20516","Chinnakomatpalli","847","505475"
"20517","Ellanthakunta","847","505122"
"20518","Kanagarthi","847","505122"
"20519","Mallial","847","505122"
"20520","Patharlapalli","847","505122"
"20521","Rachapalli","847","505475"
"20522","Sirsed","847","505122"
"20523","Tekurthy","847","505475"
"20524","Vanthadupula","847","505475"
"20525","Achampalli","848","505445"
"20526","Burgupalle","848","505524"
"20527","Gangadhara","848","505445"
"20528","Garsekurthi","848","505445"
"20529","Gattuboothkur","848","505445"
"20530","Islampur","848","505445"
"20531","Kachireddipalle","848","505445"
"20532","Kondaipalle","848","505445"
"20533","Kurikial","848","505445"
"20534","Mallapur","848","505445"
"20535","Nagireddipur","848","505445"
"20536","Narasimhulapalle","848","505531"
"20537","Narayanpur","848","505445"
"20538","Nyalakonda Palle","848","505445"
"20539","Oddyaram","848","505524"
"20540","Ryalapalle","848","505531"
"20541","Sarvareddipalle","848","505531"
"20542","Uppara Mallial","848","505445"
"20543","Venkataipalle","848","505445"
"20544","Cherlapur","849","505530"
"20545","Ganneruvaram","849","505530"
"20546","Gopalpur","849","505530"
"20547","Gunkulkondapur","849","505530"
"20548","Jangapalli","849","505530"
"20549","Kashimpet","849","505530"
"20550","Madhapur","849","505530"
"20551","Mailaram","849","505530"
"20552","Panthulu Kondapur","849","505530"
"20553","Paruvella","849","505530"
"20554","Sangem","849","505530"
"20555","Yaswada","849","505530"
"20556","Bornapalle","850","505498"
"20557","Chelpur","850","505122"
"20558","Dharmaraju Palle","850","505101"
"20559","Huzurabad","850","505468"
"20560","Jupak","850","505498"
"20561","Kandugula","850","505101"
"20562","Kanukulagidda","850","505498"
"20563","Katrepalle","850","505480"
"20564","Pothireddipet","850","505498"
"20565","Singapur","850","505490"
"20566","Sirsapalle","850","505498"
"20567","Sirsapalli","850","505498"
"20568","Thummanapalle","850","505490"
"20569","Bijigirsharief","851","505475"
"20570","Dharmaram (P.B) (Ct)","851","505122"
"20571","Jammikunta","851","505122"
"20572","Korapalli","851","505129"
"20573","Madipalli","851","505122"
"20574","Saidabad","851","505129"
"20575","Thangula","851","505475"
"20576","Vavilala","851","505475"
"20577","Vilasagar","851","505475"
"20578","Arepalli","852","505001"
"20579","Bommakal","852","505001"
"20580","Chamanpalli","852","505186"
"20581","Chegurthi","852","505001"
"20582","Cherlabuthkur","852","505186"
"20583","Durshed","852","505001"
"20584","Elbotharam","852","505415"
"20585","Fakeerpet","852","505415"
"20586","Irukulla","852","505001"
"20587","Jublinagar","852","505415"
"20588","Karimnagar","852","505001"
"20589","Maqdumpur","852","505186"
"20590","Nagunur","852","505415"
"20591","Taharakondapur","852","505001"
"20592","Vallampahad","852","505001"
"20593","Bommakal (Og)","853","505001"
"20594","Hasnapur","853","505001"
"20595","Pothgal","853","505001"
"20596","Asifnagar","854","505401"
"20597","Baddipalle","854","505001"
"20598","Chintakunta (Part)","854","505001"
"20599","Elgandal","854","505401"
"20600","Kamanpur","854","505001"
"20601","Khazipur","854","505401"
"20602","Kothapalle(Haveli)","854","505451"
"20603","Lakshmipur","854","505451"
"20604","Malkapur","854","505451"
"20605","Nagulamalial","854","505401"
"20606","Rekurthi (Ct)","854","505451"
"20607","Sitarampur (Og)","854","505001"
"20608","Annaram","855","505469"
"20609","Chenjerla","855","505469"
"20610","Devampalle","855","505505"
"20611","Edulagattepalle","855","505469"
"20612","Gangipalle","855","505474"
"20613","Gattududdenapalle","855","505469"
"20614","Kelledu","855","505505"
"20615","Kondapalkala","855","505474"
"20616","Lalithapur","855","505505"
"20617","Lingapur","855","505469"
"20618","Maddikunta","855","505505"
"20619","Manakondur","855","505469"
"20620","Munjampalle","855","505469"
"20621","Pachunur","855","505505"
"20622","Utoor","855","505505"
"20623","Vannaram","855","505474"
"20624","Vegurupalle","855","505505"
"20625","Veldi","855","505469"
"20626","Chippakurthi","856","505531"
"20627","Dathojipet","856","505531"
"20628","Deshrajpalle","856","505451"
"20629","Fakeerpet","856","505415"
"20630","Gopalraopet","856","505531"
"20631","Gundi","856","505531"
"20632","Kistapur","856","505531"
"20633","Kokkerakunta","856","505451"
"20634","Koratpalle","856","505531"
"20635","Laxmipur","856","505531"
"20636","Mothe","856","505531"
"20637","Ramadugu","856","505531"
"20638","Rudraram","856","505531"
"20639","Shanagar","856","505531"
"20640","Sriramulapalle","856","505531"
"20641","Thirmalapur","856","505531"
"20642","Vannaram","856","505451"
"20643","Vedira","856","505451"
"20644","Velichal","856","505451"
"20645","Ambalpur","857","505474"
"20646","Amudalapalle","857","505470"
"20647","Arkandla","857","505470"
"20648","Dharmaram","857","505470"
"20649","Gaddapaka","857","505470"
"20650","Kachapur","857","505470"
"20651","Kalavala","857","505502"
"20652","Kannapur","857","505470"
"20653","Kareempet","857","505490"
"20654","Keshavapatnam","857","505490"
"20655","Kothagattu","857","505490"
"20656","Metpalle","857","505470"
"20657","Molangur","857","505470"
"20658","Mutharam","857","505470"
"20659","Rajapur","857","505470"
"20660","Thadikal","857","505474"
"20661","Yeradpalle","857","505474"
"20662","Alugunur (Og)","858","505527"
"20663","Kothapalle (P.N)","858","505481"
"20664","Mallapur","858","505469"
"20665","Mannempalle","858","505469"
"20666","Mogilipalem","858","505474"
"20667","Nallagonda","858","505481"
"20668","Nedunur","858","505530"
"20669","Nustulapur","858","505481"
"20670","Parlapalle","858","505469"
"20671","Polampalle","858","505469"
"20672","Porandla","858","505469"
"20673","Renikunta","858","505530"
"20674","Thimmapur","858","505527"
"20675","Vachunur","858","505530"
"20676","Akunur","859","505472"
"20677","Ammanagurthi","859","505480"
"20678","Bommakal","859","505480"
"20679","Duddenapalle","859","505472"
"20680","Eklaspur","859","505490"
"20681","Elabotharam","859","505480"
"20682","Ghanpur","859","505472"
"20683","Godisala","859","505480"
"20684","Raikal","859","505480"
"20685","Ramchandrapur","859","505472"
"20686","Saidapur","859","505472"
"20687","Somaram","859","505490"
"20688","Venkepalle","859","505472"
"20689","Vennampalle","859","505490"
"20690","Bethigal","860","505129"
"20691","Bonthupalle","860","505502"
"20692","Brahmanpalle","860","505502"
"20693","Challoor","860","505505"
"20694","Elbaka","860","505502"
"20695","Ghanmukla","860","505502"
"20696","Kanparthi","860","505129"
"20697","Kondapaka","860","505502"
"20698","Korkal(Jangampalle)","860","505502"
"20699","Mamidalapalle","860","505505"
"20700","Pothireddipalle","860","505129"
"20701","Reddipalle","860","505502"
"20702","Valbapur","860","505129"
"20703","Veenavanka","860","505502"
"20704","Allapadu","861","507204"
"20705","Bonakal","861","507204"
"20706","Brahmanapalli (K)","861","507304"
"20707","Chinna Beeravalli","861","507204"
"20708","Chirunomula","861","507204"
"20709","Choppa Katlapalem","861","507204"
"20710","Garlapadu","861","507204"
"20711","Govindapuram","861","507204"
"20712","Kalakota","861","507304"
"20713","Laxmipuram","861","507204"
"20714","Motamarri","861","507204"
"20715","Mustikuntla","861","507204"
"20716","Narayanapuram","861","507204"
"20717","Peddabeeravalli","861","507204"
"20718","Ramapuram","861","507204"
"20719","Rapalli","861","507304"
"20720","Ravinuthala","861","507204"
"20721","Thutikuntla","861","507208"
"20722","Ananthasagar","862","507208"
"20723","Bashwapuram","862","507318"
"20724","Chinnamandava","862","507208"
"20725","Chinthakani","862","507208"
"20726","Kodumuru","862","507208"
"20727","Lachagudem","862","507208"
"20728","Mathikepally","862","507208"
"20729","Nagili Gonda","862","507208"
"20730","Nagula Vancha","862","507208"
"20731","Nerada","862","507208"
"20732","Pandillapally","862","507208"
"20733","Patharlapadu","862","507208"
"20734","Proddutur","862","507208"
"20735","Repallevada","862","507208"
"20736","Thimminenipalem","862","507208"
"20737","Vandanam","862","507318"
"20738","Arekayalapadu","863","507168"
"20739","Burda Raghavapuram","863","507168"
"20740","Enkoor","863","507168"
"20741","Jannaram","863","507168"
"20742","Kesupally","863","507168"
"20743","Medepally","863","507168"
"20744","Nacharam","863","507168"
"20745","Nukalampadu","863","507167"
"20746","Raimadharam","863","507168"
"20747","Timmaraopeta","863","507168"
"20748","Tutukalingannapeta","863","507168"
"20749","Bathulapalli","864","507209"
"20750","Chandrupatla","864","507209"
"20751","Chennuru","864","507209"
"20752","Chinna Korukondi","864","507209"
"20753","Erraboinapalli","864","507209"
"20754","Gokaram","864","507209"
"20755","Gopaladeviboinapally","864","507209"
"20756","Kalluru","864","507209"
"20757","Khankhanpeta","864","507209"
"20758","Korlagudem","864","507209"
"20759","Laxmipuram","864","507209"
"20760","Lokaram","864","507209"
"20761","Mucharam","864","507209"
"20762","Narayanapuram","864","507209"
"20763","Payapur","864","507209"
"20764","Peddakorukondi","864","507209"
"20765","Peruvancha","864","507209"
"20766","Raghunadhagudem","864","507209"
"20767","Ravikampadu","864","507209"
"20768","Talluru","864","507209"
"20769","Telagaram","864","507209"
"20770","Vennavalli","864","507209"
"20771","Yagna Narayanapuram","864","507209"
"20772","Garidepally","865","507210"
"20773","Govindrala","865","507182"
"20774","Jasthipally","865","507122"
"20775","Kamepally","865","507122"
"20776","Kommenapally","865","507182"
"20777","Kondaigudem","865","507122"
"20778","Lingala","865","507122"
"20779","Maddulapally","865","507122"
"20780","Mucharla","865","507182"
"20781","Nemalipury","865","507122"
"20782","Pinjaramadugu","865","507122"
"20783","Ponnekal","865","507210"
"20784","Utkoor","865","507122"
"20785","Arekodu","866","507163"
"20786","Arempula","866","507163"
"20787","Barugudem","866","507163"
"20788","Danavaigudem","866","507003"
"20789","Gollapadu","866","507003"
"20790","Gudimalla","866","507003"
"20791","Gudurupadu","866","507003"
"20792","Gurralapadu","866","507170"
"20793","Kachirajugudem","866","507003"
"20794","Kondapuram","866","507170"
"20795","M.Venkatayapalem","866","507003"
"20796","Maddulapally","866","507170"
"20797","Mallemadugu","866","507003"
"20798","Mutthagudem","866","507163"
"20799","Pallegudem","866","507003"
"20800","Polepally","866","507003"
"20801","Tallampadu","866","507170"
"20802","Thanagampadu","866","507003"
"20803","Theerdhala","866","507003"
"20804","Theldarupalli","866","507170"
"20805","Yedulapuram","866","507163"
"20806","Bhuranpuram","867",""
"20807","Khammam","867",""
"20808","Papakabanda","867",""
"20809","Ammapalem","868","507305"
"20810","Duddepudi","868","507165"
"20811","Goparam","868","507305"
"20812","Gopathi","868","507305"
"20813","Gubbagurthi","868","507165"
"20814","Gundrathimadugu","868","507165"
"20815","Kacharam H","868","507165"
"20816","Konda Vanamala","868","507305"
"20817","Konijerla","868","507305"
"20818","Linga Gudem","868","507305"
"20819","Mallupally","868","507305"
"20820","Munagala","868","507305"
"20821","Pallipadu","868","507165"
"20822","Singaraipalem","868","507165"
"20823","Sivaru Venkatapuram","868","507165"
"20824","Thanikella","868","507305"
"20825","Thummalapally","868","507305"
"20826","Yatham Kuntla","868","507305"
"20827","Bhagatveedu","869","507157"
"20828","Chegomma","869","507170"
"20829","Chowtapally","869","507161"
"20830","Eswaramadharam","869","507157"
"20831","Gaigollapalli","869","507161"
"20832","Gattu Singaram","869","507159"
"20833","Jakkepalli","869","507159"
"20834","Jeellacheruvu","869","507170"
"20835","Jujjularaopeta","869","507157"
"20836","Kusumanchi","869","507159"
"20837","Mallepally","869","507159"
"20838","Munigepalli","869","507170"
"20839","Nayakangudem","869","507159"
"20840","Nelapatla","869","507170"
"20841","Paleru","869","507157"
"20842","Perikasingaram","869","507159"
"20843","Pocharam","869","507163"
"20844","Rajupeta","869","507157"
"20845","Ambarupeta","870","507203"
"20846","Atukuru","870","507203"
"20847","Chilukuru","870","507203"
"20848","Dendukuru","870","507203"
"20849","Didugupadu","870","507203"
"20850","Illendulapadu","870","507203"
"20851","Illuru","870","507203"
"20852","Jalimudi","870","507304"
"20853","Khammampadu","870","507203"
"20854","Kistapuram @ Munagala","870","507203"
"20855","Madhira (Ct)","870","507203"
"20856","Madupalle","870","507203"
"20857","Mallavaram","870","507304"
"20858","Matoor","870","507203"
"20859","Nagavarappadu","870","507203"
"20860","Nakkalagaruvu","870","507203"
"20861","Nidanapuram","870","507203"
"20862","Rayapatnam","870","507203"
"20863","Rompinalla","870","507304"
"20864","Siddinenigudem","870","507201"
"20865","Siripuram (Pm)","870","507304"
"20866","Terlapadu","870","507201"
"20867","Tondala Gopavaram","870","507201"
"20868","Vangaveedu","870","507203"
"20869","Yendapalle","870","507304"
"20870","Ammapeta","871","507158"
"20871","Banapuram","871","507169"
"20872","Chirumarri","871","507158"
"20873","Gandhasiri","871","507158"
"20874","Gangapuram D","871","507158"
"20875","Gokinapally","871","507158"
"20876","Kamalapuram","871","507158"
"20877","Kanapuram","871","507158"
"20878","Katkoor","871","507170"
"20879","Madhapuram","871","507170"
"20880","Mallaram","871","507169"
"20881","Medepally","871","507158"
"20882","Mudigonda","871","507158"
"20883","Muttharam","871","507158"
"20884","Narasapuram D","871","507158"
"20885","Pammi","871","507158"
"20886","Pandregipally","871","507003"
"20887","Peddamandava","871","507169"
"20888","Suvarnapuram","871","507158"
"20889","Vallabhi","871","507169"
"20890","Vallapuram","871","507158"
"20891","Venkatapuram","871","507158"
"20892","Yedavalli","871","507170"
"20893","Acharlagudem","872","507160"
"20894","Anasagar","872","507160"
"20895","Aregudem","872","507160"
"20896","Biravunapally","872","507160"
"20897","Bodulabanda","872","507160"
"20898","Buddaram","872","507169"
"20899","Chandapuram","872","507160"
"20900","Chennaram","872","507160"
"20901","Cheruvu Madharam","872","507169"
"20902","Guvvalagudem","872","507158"
"20903","Kattu Kacharam","872","507169"
"20904","Konaigudem","872","507160"
"20905","Kongara","872","507169"
"20906","Mandrajupally","872","507160"
"20907","Mujjugudem","872","507160"
"20908","Nachepally","872","507160"
"20909","Nelakondapally","872","507160"
"20910","Painampally","872","507160"
"20911","Rajeswarapuram","872","507160"
"20912","Ramachandrapuram","872","507160"
"20913","Singireddypalem","872","507160"
"20914","Surdeypally","872","507160"
"20915","Tirumalapuram","872","507160"
"20916","Adavimallayala","873","507302"
"20917","Bayyannagudem","873","507302"
"20918","Bhavannapalem","873","507316"
"20919","Chinthagudem","873","507209"
"20920","Chowdaram","873","507302"
"20921","Ganeshpadu","873","507302"
"20922","Gollagudem","873","507302"
"20923","Gowararam","873","507302"
"20924","Karaigudem","873","507302"
"20925","Kondrupadu","873","507302"
"20926","Kuppenakuntla","873","507302"
"20927","Lankapalli","873","507302"
"20928","Lingagudem","873","507302"
"20929","Mandalapadu","873","507302"
"20930","Penuballi","873","507302"
"20931","Ramachandra Puram","873","507302"
"20932","Tallapenta","873","507209"
"20933","Tekulapalli","873","507209"
"20934","Telgaram","873","507209"
"20935","Tummalapalli","873","507302"
"20936","Yerugatla","873","507302"
"20937","Ballepalle (Ct)","874","507002"
"20938","Chimmapudi","874","507182"
"20939","Daredu","874","507003"
"20940","Dhamsalapuram","874","507003"
"20941","Earlapudi","874","507182"
"20942","Kamanchikal","874","507003"
"20943","Khanapuram Haveli (Ct)","874","507002"
"20944","Koya Chalka","874","507002"
"20945","Mallepalli Chinthagurthy","874","507318"
"20946","Manchukonda","874","507182"
"20947","Papapatapally","874","507003"
"20948","Ragunadha Palem","874","507002"
"20949","Regulachalaka","874","507002"
"20950","V. Venkatayapalem","874","507318"
"20951","Velugumatla","874","507318"
"20952","Vepakuntla","874","507318"
"20953","Ayyagaripeta","875",""
"20954","Bethupalle","875","507303"
"20955","Cherukupalle","875","507303"
"20956","Dacharam","875","507303"
"20957","Jaganadhapuram","875","507303"
"20958","Kakarlapally","875","507303"
"20959","Kistaram","875","507303"
"20960","Kommepally","875","507303"
"20961","Regallapadu","875","507164"
"20962","Rejerla","875","507164"
"20963","Rudrakashapally","875","507303"
"20964","Sadhasivunipalem","875","507303"
"20965","Sathupalli","875","507303"
"20966","Siddharam","875","507303"
"20967","Thumburu","875","507303"
"20968","Yathalakunta","875","507315"
"20969","Bajumallaigudem","876","507122"
"20970","Gatekarepally","876","507122"
"20971","Kamalapuram","876","507210"
"20972","Komatlagudem","876","507122"
"20973","Madharam","876","507122"
"20974","Manikyaram","876","507124"
"20975","Perupally","876","507122"
"20976","Relakayalapally","876","507122"
"20977","Singareni","876","507122"
"20978","Usirikayalapally","876","507123"
"20979","Vishwanadhapally","876","507122"
"20980","Annarugudem","877","507167"
"20981","Balapeta","877","507167"
"20982","Baswapuram","877","507165"
"20983","Billupadu","877","507167"
"20984","Gopalpeta","877","507167"
"20985","Kalakodima","877","507167"
"20986","Kodavatimetta","877","507167"
"20987","Kurnavalli","877","507167"
"20988","Laxmipuram","877","507167"
"20989","Mallaram","877","507167"
"20990","Mittapalli","877","507167"
"20991","Muddunuru","877","507167"
"20992","Nutankal","877","507167"
"20993","Pinapaka","877","507165"
"20994","Ramanujavaram","877","507167"
"20995","Rejerla","877","507167"
"20996","Tallada","877","507167"
"20997","Telagaram","877","507167"
"20998","Vengannapeta","877","507167"
"20999","Bachodu","878","507161"
"21000","Bandampally","878","507161"
"21001","Beerolu","878","507161"
"21002","Edulla Cheruvu","878","507183"
"21003","Hasnabad","878","507161"
"21004","Hydersaipeta","878","507183"
"21005","Jallepally","878","507183"
"21006","Jupeda","878","507161"
"21007","Kakaravai","878","507161"
"21008","Kokkireni","878","507163"
"21009","Laxmidevipally","878","507161"
"21010","Mahamadapuram","878","507161"
"21011","Medidapally","878","507161"
"21012","Muzahidpuram","878","507161"
"21013","Patharlapadu","878","507183"
"21014","Pinampally","878","507161"
"21015","Pindiprolu","878","507183"
"21016","Raghunadhapalem","878","507161"
"21017","Rajaram","878","507161"
"21018","Solipuram","878","507161"
"21019","Sublaidu","878","507161"
"21020","Talla Cheruvu","878","507163"
"21021","Tettelapadu","878","507183"
"21022","Thirumalayapalem","878","507163"
"21023","Tippareddygudem","878","507183"
"21024","Adasarlapadu","879","507164"
"21025","Ammapalem","879","507164"
"21026","Bharanipadu","879","507164"
"21027","Chowdaram (Ogiralavada)","879","507164"
"21028","Duddepudi","879","507303"
"21029","Guduru","879","507303"
"21030","Kallurugudem","879","507164"
"21031","Kandukuru","879","507164"
"21032","Kondrugatlamallela","879","507164"
"21033","Kunchaparthy","879","507164"
"21034","Pallevada","879","507302"
"21035","Vemsoor","879","507164"
"21036","Vennachedu","879","507316"
"21037","Yerragunta","879","507316"
"21038","Astanagurthi","880","507304"
"21039","Brahmanapalle (A.G)","880","507304"
"21040","Dachapuram","880","507165"
"21041","Gannavaram","880","507165"
"21042","Garikapadu","880","507165"
"21043","Gollapudi","880","507165"
"21044","Gollenapadu","880","507304"
"21045","Khanapuram","880","507165"
"21046","Konda Kodima","880","507165"
"21047","Lingannapalem","880","507165"
"21048","Medibanda","880","507165"
"21049","Musalimadugu","880","507165"
"21050","Narapunenipalli","880","507165"
"21051","Paladugu","880","507304"
"21052","Poosalapadu","880","507165"
"21053","Punyapuram","880","507165"
"21054","Rebbavaram","880","507165"
"21055","Siripuram (K.G.)","880","507165"
"21056","Somavaram","880","507165"
"21057","Tatipudi","880","507165"
"21058","Vallapuram","880","507304"
"21059","Veppala Madaka","880","507165"
"21060","Ayyavarigudem","881","507202"
"21061","Banigellapadu","881","507202"
"21062","Bheemavaram","881","507202"
"21063","Choppakatlapalem","881","507202"
"21064","Gatla Gowraram","881","507201"
"21065","Gosaveedu","881","507201"
"21066","Guntupalligoparam","881","507202"
"21067","Inagali","881","507201"
"21068","Jamalapuram","881","507201"
"21069","Kacharam","881","507202"
"21070","Kesireddypalli","881","507201"
"21071","Mamnoor","881","507202"
"21072","Meenavolu","881","507201"
"21073","Mulugumadu","881","507201"
"21074","Pedda Goparam","881","507202"
"21075","Pegallapadu","881","507201"
"21076","Rajulapalem","881","507201"
"21077","Rangagudem","881","507201"
"21078","Remidicherla","881","507201"
"21079","Sakhina Veedu","881","507201"
"21080","Takkellapadu","881","507201"
"21081","Tatigudem","881","507201"
"21082","Tripuraram","881","507201"
"21083","Yerrupalem","881","507201"
"21084","Ada","882","504293"
"21085","Ada - Dasnapur","882","504293"
"21086","Addaghat","882","504292"
"21087","Ankusapur","882","504293"
"21088","Appepalle","882","504292"
"21089","Asifabad","882","504293"
"21090","Asifabad (Ct)","882","504293"
"21091","Babapur","882","504293"
"21092","Balahanpur","882","504293"
"21093","Balegaon","882","504293"
"21094","Buruguda","882","504293"
"21095","Cherpalle","882","504293"
"21096","Chilatiguda","882","504294"
"21097","Chirrakunta","882","504294"
"21098","Dadpapur","882","504293"
"21099","Dagleshwar","882","504293"
"21100","Danaboinapeta","882","504294"
"21101","Danapur","882","504293"
"21102","Demmidiguda","882","504293"
"21103","Devadurgam","882","504294"
"21104","Edasgondi","882","504293"
"21105","Edulwada","882","504293"
"21106","Gadepalli","882",""
"21107","Govindapur","882","504293"
"21108","Gudigudi","882","504293"
"21109","Gundi","882","504293"
"21110","Ippalnavegaon","882","504293"
"21111","Itukyal","882","504293"
"21112","Jankapur","882",""
"21113","Keslapur","882","504293"
"21114","Khapri","882","504293"
"21115","Kommuguda","882","504293"
"21116","Kommuguda","882","504293"
"21117","Kosara","882","504294"
"21118","Kowdianmovad","882","504294"
"21119","Kutoda","882","504293"
"21120","Malan Gondi","882","504293"
"21121","Mankapur","882","504293"
"21122","Mekalwada","882","504293"
"21123","Mondepalle","882","504294"
"21124","Mothuguda","882","504293"
"21125","Mowad","882","504293"
"21126","Nandupa","882","504293"
"21127","Nimbada","882","504294"
"21128","Padibonda","882","504294"
"21129","Perasnambal","882","504292"
"21130","Pippalgaon","882","504294"
"21131","Rahapalle","882","504293"
"21132","Rajampet","882",""
"21133","Rajampet","882",""
"21134","Rajura","882","504293"
"21135","Routsankepalle","882","504292"
"21136","Saleguda","882","504293"
"21137","Samela","882","504293"
"21138","Sankepalle","882","504292"
"21139","Shakangondi","882","504293"
"21140","Singaraopet","882","504293"
"21141","Sirasgaon","882","504293"
"21142","Siryan Mowad","882","504293"
"21143","Suddha Ghat","882","504293"
"21144","Temrianmovad","882","504293"
"21145","Tumpalle","882","504294"
"21146","Wadigondi","882","504293"
"21147","Wadiguda","882","504293"
"21148","Wavudham","882","504293"
"21149","Yellaram","882","504293"
"21150","Ambhaghat","883","504299"
"21151","Bejjur","883","504299"
"21152","Bhatpalle","883","504299"
"21153","Chinnasiddapur","883","504299"
"21154","Gabbai","883","504299"
"21155","Katepalle","883","504299"
"21156","Kukuda","883","504299"
"21157","Kushnepalle","883","504299"
"21158","Marthadi","883","504299"
"21159","Mogavelly","883","504299"
"21160","Munjampalle","883","504299"
"21161","Nagepalle","883","504299"
"21162","Outsarangipalle","883","504299"
"21163","Papanpet","883","504299"
"21164","Peddasiddapur","883","504299"
"21165","Pothepalle","883","504299"
"21166","Rebbena","883","504299"
"21167","Rechini","883","504299"
"21168","Somini","883","504299"
"21169","Sushmeer","883","504299"
"21170","Talai","883","504299"
"21171","Tikkapalle","883","504299"
"21172","Adepally","884","504299"
"21173","Babapur","884","504299"
"21174","Babasagar","884","504299"
"21175","Balaji Ankoda","884","504299"
"21176","Bandepalle","884","504299"
"21177","Burepalle","884","504299"
"21178","Buruguda","884","504299"
"21179","Chintala Manepalle","884","504299"
"21180","Chittam","884","504299"
"21181","Dabba","884","504299"
"21182","Dimda","884","504299"
"21183","Gangapur","884","504299"
"21184","Gudem","884","504299"
"21185","Karjavelli","884","504299"
"21186","Kethini","884","504299"
"21187","Korisini","884","504299"
"21188","Koyapalle","884","504299"
"21189","Ranvalli","884","504299"
"21190","Ravindranagar","884","504299"
"21191","Rudrapur","884","504299"
"21192","Shivapalle","884","504299"
"21193","Ainam","885","504273"
"21194","Amargonda","885","504219"
"21195","Beebra","885","504273"
"21196","Bhamanagar","885","504296"
"21197","Bhogaram","885","504273"
"21198","Borlakunta","885","504273"
"21199","Brahmanchichal","885","504273"
"21200","Chandrapalle","885","504219"
"21201","Chinnaraspalle","885","504219"
"21202","Dahegaon","885","504273"
"21203","Digida","885","504296"
"21204","Dubbaguda","885","504273"
"21205","Etapalle","885","504219"
"21206","Girvelli","885","504219"
"21207","Gorregutta","885","504273"
"21208","Hathni","885","504273"
"21209","Itial","885","504273"
"21210","Kalwada","885","504273"
"21211","Kammarpalle","885","504273"
"21212","Kothmir","885","504273"
"21213","Kunchavelli","885","504219"
"21214","Laggaon","885","504273"
"21215","Loha","885","504219"
"21216","Motlaguda","885","504296"
"21217","Pambapur","885","504273"
"21218","Pesarkunta","885","504273"
"21219","Polampalle","885","504273"
"21220","Rampur","885","504296"
"21221","Ravalpalle","885","504296"
"21222","Teepergaon","885","504296"
"21223","Vodduguda","885","504296"
"21224","Addesar","886","504313"
"21225","Ashapalle","886","504313"
"21226","Bhusimatta","886","504313"
"21227","Daboli","886","504313"
"21228","Dubbaguda","886","504346"
"21229","Gudamamda","886","504311"
"21230","Jainoor (Ct)","886","504313"
"21231","Jamgaom","886","504313"
"21232","Jamni","886","504313"
"21233","Jendaguda","886","504313"
"21234","Lendiguda","886","504313"
"21235","Marlawai","886","504313"
"21236","Patnapur","886","504313"
"21237","Polasa","886","504346"
"21238","Powerguda","886","504313"
"21239","Rasimatta","886","504313"
"21240","Shivanur","886","504313"
"21241","Ushegaon","886","504313"
"21242","Andavelli","887","504296"
"21243","Ankhoda","887","504296"
"21244","Ankusapur","887","504296"
"21245","Bareguda","887","504296"
"21246","Bhatpalle","887","504296"
"21247","Bodepalle","887","504273"
"21248","Boregaon","887","504296"
"21249","Boregaon","887","504296"
"21250","Chinthaguda","887","504296"
"21251","Dubbaguda","887","504292"
"21252","Easgaon","887","504296"
"21253","Gannaram","887","504296"
"21254","Gondi","887","504292"
"21255","Jagannathpur","887","504296"
"21256","Jambuga","887","504296"
"21257","Jankapur","887","504296"
"21258","Kadamba","887","504296"
"21259","Kagaznagar","887",""
"21260","Kosni","887","504296"
"21261","Kothapet","887",""
"21262","Mahajanguda","887","504296"
"21263","Malni","887","504296"
"21264","Mandva","887","504296"
"21265","Marepalle","887","504296"
"21266","Metindhani","887","504295"
"21267","Metpalle","887","504292"
"21268","Mosam","887","504296"
"21269","Nagampet","887","504296"
"21270","Nandiguda","887","504296"
"21271","Narapur","887","504296"
"21272","Nazrulnagar","887","504296"
"21273","Raspalle","887","504296"
"21274","Regulguda","887","504296"
"21275","Sarsala","887","504296"
"21276","Seetanagar","887","504296"
"21277","Vallakonda","887","504296"
"21278","Vanjiri","887","504296"
"21279","Agarwada","888","504293"
"21280","Annarpalli","888","504293"
"21281","Anthapur","888","504293"
"21282","Arekepalle","888","504293"
"21283","Arepalle","888","504293"
"21284","Babejheri","888","504293"
"21285","Bheemangondi","888","504293"
"21286","Bolapater","888","504293"
"21287","Chalbadi","888","504293"
"21288","Chinthakara","888","504293"
"21289","Devapur","888","504293"
"21290","Devuepalli","888","504293"
"21291","Dhanora","888","504293"
"21292","Gowri","888","504293"
"21293","Goyagaon","888","504293"
"21294","Hatti","888","504293"
"21295","Indhapur","888","504293"
"21296","Isapur","888","504293"
"21297","Jankapur","888",""
"21298","Jhari","888","504293"
"21299","Jodeghat","888","504293"
"21300","Kallegaon","888","504293"
"21301","Karanjiwada","888","504293"
"21302","Keli Buzurg","888","504293"
"21303","Keli Khurd","888","504293"
"21304","Kerameri","888","504293"
"21305","Khairi","888","504293"
"21306","Kota","888","504293"
"21307","Kotari","888","504293"
"21308","Lakmapur","888","504293"
"21309","Mettapipri","888","504293"
"21310","Modi","888","504293"
"21311","Murkilonka","888","504293"
"21312","Nagapur","888","504293"
"21313","Narsapur","888","504293"
"21314","Nishani","888","504293"
"21315","Parandoli","888","504293"
"21316","Paraswada","888","504293"
"21317","Parda","888","504293"
"21318","Patnapur","888","504293"
"21319","Pipri","888","504293"
"21320","Sakada","888","504293"
"21321","Sangvi","888","504293"
"21322","Sankaraguda","888","504293"
"21323","Sawarkheda","888","504293"
"21324","Surdhapur","888","504293"
"21325","Token Movad","888","504293"
"21326","Bhalepalle","889","504299"
"21327","Chandaram","889","504299"
"21328","Chipurudubba","889","504299"
"21329","Gudlabori","889","504299"
"21330","Gundaipet","889","504299"
"21331","Gurudpet","889","504299"
"21332","Kanki","889","504299"
"21333","Kannepalle","889","504299"
"21334","Kouthala","889","504299"
"21335","Kumbari","889","504299"
"21336","Mogadagad","889","504299"
"21337","Muthampet","889","504299"
"21338","Nagepalle","889","504299"
"21339","Pardi","889","504299"
"21340","Sandgaon","889","504299"
"21341","Talodi","889","504299"
"21342","Tatipalle","889","504299"
"21343","Thumbadihatti","889","504299"
"21344","Veerdandi","889","504299"
"21345","Veervalli","889","504299"
"21346","Chorpalle","890","504313"
"21347","Ghumnur (Buzurg)","890","504313"
"21348","Ghumnur (Khurd)","890","504313"
"21349","Jamuldhara","890","504313"
"21350","Khanchanpalle","890","504313"
"21351","Kothapalle","890","504313"
"21352","Lingapur","890","504313"
"21353","Loddiguda","890","504297"
"21354","Mamidipalle","890","504313"
"21355","Vankamaddi","890","504313"
"21356","Yellapatar","890","504313"
"21357","Agarguda","891","504296"
"21358","Bombaiguda","891","504296"
"21359","Chedwai","891","504296"
"21360","Gannaram","891","504296"
"21361","Gundepalle","891","504296"
"21362","Guntlapet","891","504296"
"21363","Jilleda","891","504296"
"21364","Kammergaon","891","504296"
"21365","Kondapalle","891","504296"
"21366","Koyachichal","891","504296"
"21367","Lodpalle","891","504296"
"21368","Muraliguda","891","504296"
"21369","Nandigaon","891","504296"
"21370","Penchikalpet","891","504296"
"21371","Pothepalle","891","504296"
"21372","Tellapally (D)","891","504296"
"21373","Yelkapalle","891","504296"
"21374","Yellur","891","504296"
"21375","Dharmaram","892","504292"
"21376","Edvalli","892","504292"
"21377","Fakeerpalle","892","504292"
"21378","Gangapur","892","504292"
"21379","Gollet","892","504292"
"21380","Govindapur","892","504292"
"21381","Gudepalle","892","504292"
"21382","Jakkalpalle","892","504292"
"21383","Khairgaon","892","504292"
"21384","Kistapur","892","504292"
"21385","Komarvalli","892","504292"
"21386","Kondapalle","892","504292"
"21387","Mediguda","892","504292"
"21388","Nambal","892","504292"
"21389","Narayanpur","892","504292"
"21390","Navegaon","892","504292"
"21391","Nerpalle","892","504292"
"21392","Passigaon","892","504292"
"21393","Pothpalle","892","504296"
"21394","Pulikunta","892","504292"
"21395","Rajaram","892","504292"
"21396","Rampur","892","504292"
"21397","Rangapur","892","504292"
"21398","Rebbana","892","504292"
"21399","Rollapahad","892","504292"
"21400","Rollapet","892","504292"
"21401","Seethanagar","892","504296"
"21402","Sonapur","892","504292"
"21403","Takkallapalle","892","504292"
"21404","Tungeda","892","504296"
"21405","Venkulam","892","504292"
"21406","Achalli","893","504299"
"21407","Arepalle","893","504296"
"21408","Bhupalapatnam","893","504299"
"21409","Bonki","893","504296"
"21410","Cheelapalle","893","504299"
"21411","Chintakunta","893","504299"
"21412","Chunchupalle","893","504299"
"21413","Dhorpalle","893","504299"
"21414","Garlapet","893","504296"
"21415","Heerapur","893","504299"
"21416","Hudkili","893","504299"
"21417","Jakkapur","893","504299"
"21418","Laxmipur","893","504299"
"21419","Loanvelly","893","504299"
"21420","Makidi","893","504299"
"21421","Medpalle","893","504296"
"21422","Navegaon","893","504299"
"21423","Parigaon","893","504299"
"21424","Rajaram","893","504296"
"21425","Rudraram","893","504299"
"21426","Sirpur","893","504299"
"21427","Tonkini","893","504299"
"21428","Vempalle","893","504296"
"21429","Venkatraopet","893","504299"
"21430","Babjipet","894","504313"
"21431","Bhurnur","894","504313"
"21432","Chapri","894","504313"
"21433","Devadpalle","894","504313"
"21434","Dhanora","894","504313"
"21435","Kohinur (Buzurg)","894","504313"
"21436","Kohinur (Khurd)","894","504313"
"21437","Mahagaon","894","504313"
"21438","Netnur","894","504313"
"21439","Pamulawada","894","504313"
"21440","Pangdi","894","504313"
"21441","Phullara","894","504313"
"21442","Raghapur","894","504313"
"21443","Seetagondi","894","504313"
"21444","Shettihadapnur","894","504313"
"21445","Sirpur (U)","894","504313"
"21446","Areguda","895","504294"
"21447","Bheemapur","895","504297"
"21448","Boardham","895","504297"
"21449","Chintapalle","895","504297"
"21450","Chopidi","895","504294"
"21451","Dantanpalle","895","504294"
"21452","Devaiguda","895","504294"
"21453","Dondla","895","504297"
"21454","Dongargaon","895","504297"
"21455","Duggapur","895","504297"
"21456","Edulpad","895","504297"
"21457","Gadalpally","895","504297"
"21458","Gambhiraopet","895","504297"
"21459","Gangapur","895","504297"
"21460","Ginnedari","895","504297"
"21461","Goena","895","504297"
"21462","Goyagaon","895","504297"
"21463","Gundala","895","504297"
"21464","Irkapalle","895","504297"
"21465","Islampur","895","504297"
"21466","Jewni","895","504294"
"21467","Kannepalle","895","504297"
"21468","Korlanka","895","504297"
"21469","Koyatalandi","895","504297"
"21470","Lingiguda","895","504294"
"21471","Mandrumeda","895","504294"
"21472","Mangi","895","504297"
"21473","Manikyapur","895","504297"
"21474","Moindagudipet","895","504297"
"21475","Pangidimadra","895","504297"
"21476","Pedakunta","895","504297"
"21477","Rallakannepally","895","504297"
"21478","Rompally","895","504297"
"21479","Rudrapur","895","504294"
"21480","Sangapur","895","504297"
"21481","Sonapur","895","504297"
"21482","Talandi","895","504297"
"21483","Tiryani","895","504297"
"21484","Ullipitta Dorli","895","504294"
"21485","Akini","896","504295"
"21486","Arli","896","504295"
"21487","Bambara","896","504295"
"21488","Bendara","896","504295"
"21489","Boarda","896","504295"
"21490","Boranjiguda","896","504295"
"21491","Chichpally","896","504295"
"21492","Chincholi","896","504295"
"21493","Choupanguda","896","504295"
"21494","Devudpally (Ui)","896","504295"
"21495","Dhaba","896","504295"
"21496","Ghatjangaon","896","504295"
"21497","Goegaon","896","504295"
"21498","Gunjada","896","504295"
"21499","Indhani","896","504295"
"21500","Jaithpur","896","504295"
"21501","Jambuldhari","896","504295"
"21502","Kanneragaon","896","504296"
"21503","Khamana","896","504295"
"21504","Khedegaon","896","504295"
"21505","Khirdi","896","504295"
"21506","Komatiguda","896","504295"
"21507","Lanjanveera","896","504295"
"21508","Mahagaon","896","504295"
"21509","Narlapur","896","504295"
"21510","Navegaon","896","504295"
"21511","Neemgaon","896","504295"
"21512","Nukewada","896","504295"
"21513","Samela","896","504295"
"21514","Sarandi","896","504295"
"21515","Sarkepally","896","504295"
"21516","Sawathi","896","504295"
"21517","Sonapur","896","504295"
"21518","Tejapur","896","504295"
"21519","Velgi","896","504295"
"21520","Wankdi (Kalan)","896","504295"
"21521","Wankdi (Khurd)","896","504295"
"21522","Bayyaram","897","507211"
"21523","Dharmapuram","897","507211"
"21524","Gandhampalle","897","507211"
"21525","Gowraram","897","507211"
"21526","Gurimella","897","507211"
"21527","Irsulapuram","897","507211"
"21528","Jagathraopet","897","507211"
"21529","Kachanapalle","897","507211"
"21530","Kambalapalle","897","507211"
"21531","Kommavaram","897","507211"
"21532","Kothapeta","897","507211"
"21533","Lingagiri","897","507211"
"21534","Motlathimma Puram","897","507211"
"21535","Ramachandra Puram","897","507211"
"21536","Singaram","897","507211"
"21537","Uppalapadu","897","507211"
"21538","Venkatapuram","897","507211"
"21539","Chinnagudur","898","506104"
"21540","Gundamrajupalle","898","506104"
"21541","Jayyaram","898","506104"
"21542","Uggampalle","898","506315"
"21543","Veesampalle","898","506104"
"21544","Agapet","899","506324"
"21545","Bodlada","899","506324"
"21546","Danthalapalle","899","506324"
"21547","Datla","899","506324"
"21548","Gunnepalle","899","506324"
"21549","Kalvapalle","899","506324"
"21550","Kummarikuntla","899","506324"
"21551","Peddamupparam","899","506324"
"21552","Ramavaram","899","506324"
"21553","Reponi","899","506324"
"21554","Vemulapalle","899","506324"
"21555","Ammapalem","900","506368"
"21556","Burgupahad","900","506368"
"21557","Chilkodu","900","506368"
"21558","Dornakal (Ct)","900","506368"
"21559","Gollacherla","900","506368"
"21560","Gurralakunta","900","506381"
"21561","Kannegundla","900","506368"
"21562","Mulkalapalle","900","506368"
"21563","Perumandla -Sankesa","900","506368"
"21564","Ravigudem","900","506381"
"21565","Uyyalawada","900","506368"
"21566","Vennaram","900","506368"
"21567","Bhavurdagonda","901","506135"
"21568","Bhupalapatnam","901","506135"
"21569","Chinthaguda","901","506135"
"21570","Dubbaguda","901","506135"
"21571","Gangaram","901","506135"
"21572","Jangalapalli","901","506135"
"21573","Kamaram","901","506135"
"21574","Katrenam","901","506135"
"21575","Kodiselamitta","901","506135"
"21576","Komatlagudem","901","506135"
"21577","Madaguda","901","506135"
"21578","Mahadevunigudem","901","506135"
"21579","Mamadigudem","901","506135"
"21580","Marriguda","901","506135"
"21581","Narsiguda","901","506135"
"21582","Pandem","901","506135"
"21583","Peddayellapur","901","506135"
"21584","Ponugundla","901","506135"
"21585","Puttabhupathi","901","506135"
"21586","Ramavaram","901","506135"
"21587","Thirumalgandi","901","506135"
"21588","Vurabaka","901","506135"
"21589","Buddharam","902","507210"
"21590","Chandragiri","902","507210"
"21591","Garla","902","507210"
"21592","Gopalapuram","902","507210"
"21593","Kannaigudem","902","507210"
"21594","Maddi Vancha","902","507210"
"21595","Mulkanoor","902","507210"
"21596","Pocharam","902","507210"
"21597","Pulluru","902","507210"
"21598","Rampuram","902","507210"
"21599","Seripuram","902","507210"
"21600","Adivarampet","903","506134"
"21601","Apparajpalle","903","506103"
"21602","Ayodhyapur","903","506134"
"21603","Bhupathipet","903","506134"
"21604","Boddugonda","903","506103"
"21605","Bollepalle","903","506134"
"21606","Chinnayellapur","903","506134"
"21607","Damaravancha","903","506134"
"21608","Gajulagattu","903","506134"
"21609","Govindapur","903","506103"
"21610","Gudur","903","506134"
"21611","Gundenga","903","506332"
"21612","Keshavapatnam","903","506134"
"21613","Kolhapuram","903","506103"
"21614","Kongaragidda","903","506103"
"21615","Macherla","903","506134"
"21616","Madanapur","903","506134"
"21617","Matwada","903","506103"
"21618","Naikpalle","903","506112"
"21619","Neelavancha","903","506103"
"21620","Ootla","903","506103"
"21621","Ponugodu","903","506134"
"21622","Rajanpalle","903","506112"
"21623","Seetanagar","903","506134"
"21624","Teegalveni","903","506112"
"21625","Thimmapur","903","506103"
"21626","Veerampet","903","506103"
"21627","Vengapet","903","506134"
"21628","Chinnamupparam","904","506112"
"21629","Chinnanagaram","904","506112"
"21630","Inugurthy","904","506112"
"21631","Komatipalle","904","506112"
"21632","Mecharajupalle","904","506368"
"21633","Annaram","905","506102"
"21634","Arpanapalle","905","506112"
"21635","Beriwada","905","506102"
"21636","Dhadnnasari","905","506112"
"21637","Intikanne","905","506112"
"21638","Kalwala","905","506112"
"21639","Katrapalle","905","506112"
"21640","Kesamudram","905","506112"
"21641","Korukondapalle","905","506112"
"21642","Mahamoodpatnam","905","506112"
"21643","Narayanapuram","905",""
"21644","Penugonda","905","506102"
"21645","Rangapuram","905","506102"
"21646","Tallapoosapalle","905","506102"
"21647","Upparapalle","905","506112"
"21648","Ankannagudem","906","506135"
"21649","Bakkachintalapadu","906","506135"
"21650","Bathulapalle","906","506135"
"21651","Bothavaniguda","906","506135"
"21652","Devavaram","906","506132"
"21653","Doravarivempalle","906","506135"
"21654","Durgaram","906","506135"
"21655","Enchaguda","906","506135"
"21656","Eshwaragudem","906","506135"
"21657","Gopalpur","906","506135"
"21658","Govindapur","906","506135"
"21659","Gundam","906","506135"
"21660","Gundrapalle","906","506135"
"21661","Gunjedu","906","506135"
"21662","Ippalapagidapur","906","506135"
"21663","Irukulakunta","906","506135"
"21664","Jangalapally","906","506135"
"21665","Jangavaniguda","906","506135"
"21666","Karlai","906","506135"
"21667","Karnegandi","906","506135"
"21668","Kishtapur","906","506135"
"21669","Konapur","906","506135"
"21670","Kothagudem","906","506135"
"21671","Kothapalle","906","506135"
"21672","Kundanpalle","906","506135"
"21673","Manchanapally","906","506135"
"21674","Mokallapalle","906","506135"
"21675","Murraigudem","906","506135"
"21676","Musmi","906","506135"
"21677","Mylaram","906","506135"
"21678","Neelampalle","906","506135"
"21679","Ootai","906","506135"
"21680","Pegadapalle","906","506135"
"21681","Pogallapalle","906","506135"
"21682","Polaram","906","506135"
"21683","Rampur","906","506135"
"21684","Rangappagudem","906","506135"
"21685","Routhugudem","906","506135"
"21686","Rudravaram","906","506135"
"21687","Sadireddipalle","906","506135"
"21688","Thativarivempalle","906","506135"
"21689","Thimmapur","906","506135"
"21690","Upparagudem","906","506105"
"21691","Vajjavanigudem","906","506132"
"21692","Velbelly","906","506135"
"21693","Yedullapalle","906","506135"
"21694","Yerravaram","906","506135"
"21695","Ayyagaripalle","907","506105"
"21696","Balapala","907","506381"
"21697","Gundrathimadugu","907","506102"
"21698","Kancherlagudem","907","506102"
"21699","Kandikonda","907","506105"
"21700","Kuravi","907","506105"
"21701","Madugulagudem","907","506105"
"21702","Mogilicherla","907","506105"
"21703","Nallela","907","506105"
"21704","Narayanapur","907","506112"
"21705","Nerada","907","506104"
"21706","Rajole","907","506102"
"21707","Sudanpalle","907","506105"
"21708","Thattupalle","907","506105"
"21709","Thirumalapur","907","506105"
"21710","Ammangal","908","506102"
"21711","Anantharam","908","506102"
"21712","Bethole","908","506105"
"21713","Edulapusapalle","908","506102"
"21714","Gumudur","908","506101"
"21715","Jamandlapalle","908","506103"
"21716","Jangligonda","908","506104"
"21717","Khambhalpalle","908","506103"
"21718","Laxmipur","908","506102"
"21719","Madhavpuram","908","506105"
"21720","Mahabubabad (Ct)","908","506101"
"21721","Mallial","908","506102"
"21722","Mudupugal","908","506102"
"21723","Nadiwada","908","506103"
"21724","Parvathagiri","908","506104"
"21725","Reddial","908","506103"
"21726","Shanigapuram","908","506104"
"21727","Shingaram","908","506104"
"21728","Shingaram","908","506104"
"21729","V.S.Lakshmipur","908","506104"
"21730","Vemnoor","908","506102"
"21731","Abbaipalem","909","506315"
"21732","Anepuram","909","506315"
"21733","Beecharajpalle","909","506315"
"21734","Burhanpur","909","506315"
"21735","Chillamcherla","909","506315"
"21736","Dharmaram","909","506315"
"21737","Erjerla","909","506315"
"21738","Galivarigudem","909","506315"
"21739","Giripuram","909","506315"
"21740","Gundepudi","909","506315"
"21741","Maripeda","909","506315"
"21742","Neelkurthy","909","506315"
"21743","Purushothamaigudem","909","506315"
"21744","Rampuram","909","506315"
"21745","Tallaookal","909","506315"
"21746","Thanamcherla","909","506315"
"21747","Ullepalle","909","506315"
"21748","Veeraram","909","506315"
"21749","Yellampet","909","506315"
"21750","Akkirala","910","506324"
"21751","Bojjannapet","910","506368"
"21752","Jayapuram","910","506324"
"21753","Kausalyadevipalle","910","506104"
"21754","Kommulavancha","910","506324"
"21755","Mungimadugu","910","506324"
"21756","Narsimhulapet","910","506324"
"21757","Peddanagaram","910","506324"
"21758","Vanthadupula","910","506324"
"21759","Aleru","911","506102"
"21760","Bhrammanakothapalle","911","506324"
"21761","Kachikal","911","506368"
"21762","Madanathurthy","911","506368"
"21763","Munigalaveedu","911","506368"
"21764","Nainala","911","506368"
"21765","Narsimhulagudem","911","506104"
"21766","Nellikudur","911","506368"
"21767","Rajulakothapalli","911","506368"
"21768","Ramanjapuram","911","506368"
"21769","Ravirala","911","506368"
"21770","Sriramgiri","911","506368"
"21771","Vavilala","911","506102"
"21772","Yerrabelligudem","911","506368"
"21773","Authapur","912","506317"
"21774","Bommakal","912","506318"
"21775","Chinnavangara","912","506317"
"21776","Chityal","912","506318"
"21777","Gantlakunta","912","506318"
"21778","Koripalle","912","506318"
"21779","Peddavangara","912","506317"
"21780","Pochanpalle","912","506317"
"21781","Pocharam","912","506318"
"21782","Waddekothapalle","912","506318"
"21783","Chinthapalle","913","506105"
"21784","Kampalle","913","506105"
"21785","Mannegudem","913","506368"
"21786","Seerole","913","506105"
"21787","Tallasankeesa","913","506105"
"21788","Upparagudem","913","506105"
"21789","Ammapur","914","506163"
"21790","Bonthupalli","914","506163"
"21791","Cherlapalem","914","506163"
"21792","Chikataipalem","914","506163"
"21793","Chinthalapalle","914","506163"
"21794","Fathepur","914","506163"
"21795","Gopalagiri","914","506163"
"21796","Gurthur","914","506163"
"21797","Haripriyal","914","506163"
"21798","Kantaipalem","914","506163"
"21799","Karkal","914","506318"
"21800","Khanapur","914","506163"
"21801","Kommanapalle","914","506163"
"21802","Madipalle","914","506163"
"21803","Matedu","914","506163"
"21804","Nancharimadur","914","506317"
"21805","Polepalle","914","506163"
"21806","Somaram","914","506314"
"21807","Thorrur (Ct)","914","506163"
"21808","Velikatte","914","506163"
"21809","Venkatapur","914","506163"
"21810","Zamisthanpur","914","506314"
"21811","Addakal","915","509382"
"21812","Addakal","915","509382"
"21813","Baleedupalle","915","509381"
"21814","Chinnamungalachedu","915","509382"
"21815","Gudibanda","915","509382"
"21816","Kandur","915","509382"
"21817","Kanmanoor","915","509381"
"21818","Katavaram","915","509382"
"21819","Muthyalampalle","915","509219"
"21820","Peddamungalachedu","915","509382"
"21821","Ponnakal","915","509382"
"21822","Rachala","915","509219"
"21823","Shakhapur","915","509382"
"21824","Thimmaipalle","915","509382"
"21825","Varne","915","509219"
"21826","Appajipalle","916","509202"
"21827","Balanagar","916","509202"
"21828","Bodajanampeta","916","509202"
"21829","Chinna Revalli","916","509408"
"21830","Gouthapur","916","509202"
"21831","Gunded","916","509202"
"21832","Hemajipur","916","509202"
"21833","Kethireddipalle","916","509202"
"21834","Lingaram","916","509202"
"21835","Macharam","916","509202"
"21836","Modampalle","916","509408"
"21837","Mothighanapur","916","509202"
"21838","Nandaram","916","509202"
"21839","Nerellapalle","916","509202"
"21840","Peddarevelly","916","509408"
"21841","Peddayapalle","916","509202"
"21842","Seriguda","916","509202"
"21843","Suraram","916","509202"
"21844","Thirmalagiri","916","509408"
"21845","Udithyal","916","509202"
"21846","Vanamavaniguda","916","509202"
"21847","Amistapur","917","509382"
"21848","Annasagar","917","509382"
"21849","Bhoothpur","917","509382"
"21850","Gopalapur (Khurd)","917","509382"
"21851","Hasnapur","917","509382"
"21852","Kappeta","917","509382"
"21853","Karvena","917","509302"
"21854","Kothamolgara","917","509382"
"21855","Kothur","917","509302"
"21856","Maddigatla","917","509406"
"21857","Pathamolgara","917","509382"
"21858","Pothulamadugu","917","509382"
"21859","Ravalpalle","917","509382"
"21860","Tadikonda","917","509382"
"21861","Tadparthy","917","509302"
"21862","Yelkicharla","917","509406"
"21863","Allipur","918","509110"
"21864","Ammapur","918","509110"
"21865","Bandrepalle","918","509409"
"21866","Chinnachintakunta (Ct)","918","509131"
"21867","Damagnapur","918","509409"
"21868","Edulapur","918","509131"
"21869","Fareedpur","918","509409"
"21870","Gudur","918","509110"
"21871","Kurumurthy","918","509110"
"21872","Lakshmidevipur","918","509131"
"21873","Lalkota","918","509409"
"21874","Maddur","918","509110"
"21875","Nellikondi","918","509409"
"21876","Pallamarri","918","509409"
"21877","Seetharampeta","918","509409"
"21878","Undyala","918","509130"
"21879","Waddemanu","918","509409"
"21880","Ajilapur","919","509204"
"21881","Balsupalle","919","509204"
"21882","Baswaipalle","919","509204"
"21883","Baswapur","919","509204"
"21884","Bollaram","919","509204"
"21885","Chinnarajmoor","919","509204"
"21886","Chowdarpalle","919","509204"
"21887","Devarkadra","919","509204"
"21888","Dokur","919","509204"
"21889","Gaddeguda","919","509204"
"21890","Gopanpalle","919","509219"
"21891","Goplapurkalan","919","509409"
"21892","Gudibanda","919","509409"
"21893","Gurakonda","919","509409"
"21894","Hajilapur","919","509204"
"21895","Jeenugurala","919","509204"
"21896","Laxmipalle","919","509380"
"21897","Meenuguvanipalle","919","509204"
"21898","Nagaram","919","509204"
"21899","Pedda Gopalpoor","919",""
"21900","Peddarajmoor","919","509204"
"21901","Venkataipalle","919","509204"
"21902","Baispalle","920","509337"
"21903","Balsulgonda","920","509371"
"21904","Chelmilla","920","509339"
"21905","Chinnavarval","920","509335"
"21906","Gandeed","920","509337"
"21907","Govindapalle","920","509337"
"21908","Jinnaram","920","509339"
"21909","Kaplapur","920","509339"
"21910","Komreddipalle","920","509337"
"21911","Kondapur","920","509371"
"21912","Mansoorpalle","920","509337"
"21913","Pagdiyal","920","509371"
"21914","Peddavarval","920","509335"
"21915","Reddipalle","920","509337"
"21916","Rusumpalle","920","509335"
"21917","Salarnagar","920","509335"
"21918","Salkerpet","920","509337"
"21919","Varahagiripalle","920","509337"
"21920","Vennached","920","509339"
"21921","Ammapur","921","509334"
"21922","Ayodhyanagar","921","509334"
"21923","Budharam","921","509334"
"21924","Cheekarlapalle","921","509371"
"21925","Chinnadharpalle","921","509334"
"21926","Dachekpalle","921","509334"
"21927","Dorasamudram","921","509334"
"21928","Guddimalkapur","921","509334"
"21929","Gundyala","921","509334"
"21930","Hanwada","921","509334"
"21931","Ibrahimbad","921","509334"
"21932","Kothapeta","921","509002"
"21933","Madharam","921","509334"
"21934","Munimokesham","921","509334"
"21935","Naginonipalle","921","509334"
"21936","Peddadharpalle","921","509334"
"21937","Shaikpalle","921","509334"
"21938","Tankara","921","509334"
"21939","Vepoor","921","509334"
"21940","Yarenpalle","921","509334"
"21941","Aloor","922","509302"
"21942","Alwanpalle","922","509302"
"21943","Ambatapur","922","509302"
"21944","Ammapalle","922","509406"
"21945","Badepalle (Ct)","922","509301"
"21946","Badepally","922","509301"
"21947","Bureddipalle","922","509302"
"21948","Burgupalle","922","509406"
"21949","Chinna Adiryal","922","509408"
"21950","Chintaboinpalle","922","509302"
"21951","Earlapalle","922","509302"
"21952","Gangapur","922","509302"
"21953","Gollapalle","922","509302"
"21954","Goplapur (Kalan)","922","509302"
"21955","Jadcherla","922","509301"
"21956","Jadcherla (Ct)","922","509301"
"21957","Khanapur","922","509302"
"21958","Kishtaram","922","509302"
"21959","Kistampally","922","509301"
"21960","Kistaram","922","509302"
"21961","Kodgal","922","509302"
"21962","Koduparthy","922","509302"
"21963","Konded","922","509408"
"21964","Macharam","922","509302"
"21965","Malleboinpalle","922","509302"
"21966","Nagasala","922","509302"
"21967","Nasrullabad","922","509302"
"21968","Nekkonda","922","509302"
"21969","Pedda Adiryal","922","509408"
"21970","Peddapally","922","509302"
"21971","Polepalle","922","509302"
"21972","Shankarayapalle","922","509301"
"21973","Shankarayapalle","922","509301"
"21974","Soudagarpalle","922","509301"
"21975","Uddandapur","922","509302"
"21976","Vallur","922","509302"
"21977","Abhangapatnam","923","509371"
"21978","Acharyapur","923","509371"
"21979","Akkaipalle","923","509371"
"21980","Ananthapur","923","509371"
"21981","Ankilla","923","509371"
"21982","Ayyawarpalle","923","509371"
"21983","Burgupalle","923","509371"
"21984","Chandapur","923","509371"
"21985","Chandraspalle","923","509371"
"21986","Chanmanpalle","923","509371"
"21987","Garlapad","923","509371"
"21988","Ibrahimnagar","923","509371"
"21989","Jamalpur","923","509371"
"21990","Kannaipalle","923","509371"
"21991","Kesavapur","923","509371"
"21992","Khazipur","923","509371"
"21993","Koilkonda","923","509371"
"21994","Kothlabad","923","509371"
"21995","Kushmohmedpalle","923","509371"
"21996","Lingalched","923","509371"
"21997","Lingupalle","923","509371"
"21998","Malkapur","923","509371"
"21999","Mallapur","923","509371"
"22000","Modipur","923","509371"
"22001","Mubarakpur","923","509371"
"22002","Nallavelly","923","509371"
"22003","Parpalle","923","509371"
"22004","Perkiweedu","923","509204"
"22005","Rampur","923","509371"
"22006","Salepalle","923","509371"
"22007","Serivenkatapur","923","509371"
"22008","Suraram","923","509371"
"22009","Thirumalampalle","923","509371"
"22010","Veerampalle","923","509371"
"22011","Vinjamur","923","509371"
"22012","Vinjamur","923","509371"
"22013","Yellareddipalle","923","509371"
"22014","Appampalle","924","509110"
"22015","Dasarpalle","924","509110"
"22016","Isrampalle","924","509219"
"22017","Koukuntla","924","509219"
"22018","Mutchintala","924","509219"
"22019","Perur","924","509219"
"22020","Puttapalle","924","509219"
"22021","Rekulampalle","924","509219"
"22022","Thirumalapur","924","509110"
"22023","Allipur","925","509002"
"22024","Appaipalle","925","509002"
"22025","Dharmapur","925","509002"
"22026","Fathepur","925","509340"
"22027","Gajulapeta","925","509382"
"22028","Ippalpalle","925","509382"
"22029","Kadur","925","509002"
"22030","Kotakadira","925","509204"
"22031","Machanpalle","925","509204"
"22032","Manikonda","925","509204"
"22033","Oblaipalle","925","509204"
"22034","Ramchandrapur","925","509204"
"22035","Venkatapur","925","509002"
"22036","Zainallipur","925","509002"
"22037","Zamistapur","925","509002"
"22038","Appannapally","926","509002"
"22039","Bandameedipally","926","509002"
"22040","Bokkalonipally","926","509002"
"22041","Boyapalle (Ct)","926","509002"
"22042","Chowderpally","926","509002"
"22043","Christianpally","926","509002"
"22044","Divitipalli","926","509002"
"22045","Doddalonipallyy","926","509002"
"22046","Edira","926","509002"
"22047","Jainalipur","926","509002"
"22048","Jannappapalle","926","509002"
"22049","Machanpally Thanda","926","509002"
"22050","Mahbubnagar (R) (Og)","926","509002"
"22051","Palakonda (R)","926","509002"
"22052","Pothanpally","926","509204"
"22053","Thimmasanipally","926","509002"
"22054","Yedira (Part)","926","509002"
"22055","Yenugonda (Ct)","926","509002"
"22056","Yerravalli","926","509002"
"22057","Ayyawaripally","927","509357"
"22058","Bhairampalle","927","509357"
"22059","Boinpalle","927","509357"
"22060","Chedughattu","927","509357"
"22061","Chiluveru","927","509357"
"22062","Donur","927","509357"
"22063","Kanchanpalle","927","509357"
"22064","Kothapalle","927","509357"
"22065","Kothur","927","509357"
"22066","Mallapoor","927","509357"
"22067","Masigundlapalle","927","509357"
"22068","Midjil","927","509357"
"22069","Munnanur","927","509357"
"22070","Singamdoddi","927","509357"
"22071","Vallabharaopally","927","509357"
"22072","Vaspula","927","509357"
"22073","Velugommula","927","509357"
"22074","Vemula","927","509357"
"22075","Wadiyal","927","509357"
"22076","Annareddipalle","928","509337"
"22077","Chowderpalle","928","509337"
"22078","Gadrial","928","509335"
"22079","Julapalle","928","509337"
"22080","Lingaipalle","928","509339"
"22081","Mangampet","928","509337"
"22082","Mohammadabad","928","509337"
"22083","Mukarlabad","928","509337"
"22084","Nancherla","928","509337"
"22085","Sangaipalle","928","509334"
"22086","Chakrapur","929","509380"
"22087","Dasaripalle","929","509380"
"22088","Janampeta","929","509382"
"22089","Kankapur","929","509382"
"22090","Komireddipalle","929","509382"
"22091","Mohammed Hussainpalle","929","509380"
"22092","Nandipet","929","509204"
"22093","Nizalapur","929","509380"
"22094","Polkampalle","929","509382"
"22095","Sankalamaddi","929","509380"
"22096","Thimmapur","929","509382"
"22097","Thunkinipur","929","509380"
"22098","Vemula","929","509380"
"22099","Ammapur","930","509340"
"22100","Chowdoor","930","509202"
"22101","Darpalle","930","509340"
"22102","Depalle","930","509202"
"22103","Gurukunta","930","509340"
"22104","Hajilapur","930","509340"
"22105","Hanmasanipalle","930","509340"
"22106","Ippatur","930","509340"
"22107","Kakarjala","930","509202"
"22108","Kakarlapahad","930","509340"
"22109","Kamaram","930","509340"
"22110","Karkonda","930","509340"
"22111","Karoor","930","509340"
"22112","Kolloor","930","509202"
"22113","Kondapur","930","509340"
"22114","Kuchoor","930","509340"
"22115","Lingampalle","930","509340"
"22116","Lokirev","930","509340"
"22117","Nawabpet","930","509340"
"22118","Parvathapur","930","509380"
"22119","Pomal","930","509202"
"22120","Rekulachowdapur","930","509340"
"22121","Rudraram","930","509340"
"22122","Siddotam","930","509340"
"22123","Teegalapalle","930","509340"
"22124","Veersettipalle","930","509340"
"22125","Yemmanagandla","930","509340"
"22126","Agraharam Potlapalle","931","509202"
"22127","Bibinagar","931","509302"
"22128","Chennavalli","931","509202"
"22129","Dondlapalle","931","509340"
"22130","Edganpalle","931","509302"
"22131","Gundlapotlapalle","931","509202"
"22132","Kallepalle","931","509202"
"22133","Khanapur","931","509340"
"22134","Kuchcherkal","931","509202"
"22135","Kuthnepalle","931","509340"
"22136","Mallepalle","931","509302"
"22137","Raghvapur","931","509340"
"22138","Raipalle","931","509202"
"22139","Rajapur","931","509202"
"22140","Rangareddiguda","931","509202"
"22141","Thirumalapur","931","509340"
"22142","Akenipalle","932","504251"
"22143","Ankusam","932","504251"
"22144","Batwanpalle","932","504251"
"22145","Bellampalle","932",""
"22146","Budha Kalan (R)","932","504251"
"22147","Budha Khurd (R)","932","504251"
"22148","Chakepalle","932","504251"
"22149","Chandravelli","932","504251"
"22150","Dugnepalle","932","504251"
"22151","Gurjal (R) @ Talla Gurjal","932","504251"
"22152","Kannal (R)","932","504251"
"22153","Perkapalle","932","504251"
"22154","Rangapet","932","504251"
"22155","Ankushapur","933","504204"
"22156","Arepalle","933","504204"
"22157","Arkepalle","933","504204"
"22158","Bhimaram","933","504204"
"22159","Burugupalle","933","504204"
"22160","Dampur","933","504204"
"22161","Kothapalle","933","504204"
"22162","Maddikal","933","504204"
"22163","Polampalle","933","504204"
"22164","Pothanpalle","933","504204"
"22165","Reddipalle","933","504204"
"22166","Vellapalle","933","504204"
"22167","Akkalapalle","934","504273"
"22168","Bhimini","934","504273"
"22169","Bitturpalle","934","504273"
"22170","Chinna Thimmapur","934","504273"
"22171","Chinnagudipet","934","504273"
"22172","Kamalapur","934","504273"
"22173","Karjibheempur","934","504273"
"22174","Keslapur","934","504273"
"22175","Laxmipur","934","504273"
"22176","Mallidi","934","504273"
"22177","Pedda Thimmapur","934","504273"
"22178","Peddagudipet","934","504273"
"22179","Peddapeta","934","504273"
"22180","Pothepalle","934","504273"
"22181","Rajaram","934","504273"
"22182","Rampur","934","504273"
"22183","Ramraopeta","934","504273"
"22184","Thangallapalle","934","504273"
"22185","Veegaon","934","504251"
"22186","Venkatapur","934","504219"
"22187","Wadal","934","504273"
"22188","Adiwarpet","935","504201"
"22189","Akkapalle","935","504201"
"22190","Amudalpalle","935","504201"
"22191","Angarajpalle","935","504201"
"22192","Asnad","935","504201"
"22193","Beervelli","935","504201"
"22194","Bhamraopet","935","504201"
"22195","Buddaram","935","504204"
"22196","Chakepalle","935","504201"
"22197","Chennur (Ct)","935","504201"
"22198","Chintapalle","935","504201"
"22199","Dugnepalle","935","504201"
"22200","Gangaram","935","504204"
"22201","Guddirampur","935","504201"
"22202","Kachanpalle","935","504201"
"22203","Kannepalle","935","504204"
"22204","Kathersala","935","504201"
"22205","Khambojipet","935","504201"
"22206","Kistampet","935","504204"
"22207","Kommera","935","504201"
"22208","Konampet","935","504201"
"22209","Lingampalle","935","504204"
"22210","Nagapur","935","504201"
"22211","Narasakkapet","935","504201"
"22212","Narayanpur","935","504201"
"22213","Pokkur","935","504201"
"22214","Ponnaram","935","504201"
"22215","Raipet","935","504201"
"22216","Sankaram","935","504204"
"22217","Shivalingapur","935","504201"
"22218","Somanpalle","935","504201"
"22219","Suddal","935","504204"
"22220","Sundersala","935","504201"
"22221","Yellakkapet","935","504201"
"22222","Allipur","936","504206"
"22223","Andugulpet","936","504215"
"22224","Bikkanguda","936","504206"
"22225","Chintapalle","936","504215"
"22226","Dandepalle","936","504206"
"22227","Dharmaraopet","936","504206"
"22228","Dwaraka","936","504206"
"22229","Gudam","936","504215"
"22230","Gurrevu","936","504206"
"22231","Jaidapet","936","504215"
"22232","Kamepalle","936","504206"
"22233","Karvichelma","936","504215"
"22234","Kasipet","936","504215"
"22235","Kondapur","936","504206"
"22236","Kundelapahad","936","504206"
"22237","Laxmikantapur","936","504206"
"22238","Lingapur","936","504206"
"22239","Makulpet","936","504206"
"22240","Mamidipalle","936","504206"
"22241","Medaripet","936","504206"
"22242","Mutyampet","936","504215"
"22243","Nagasamudram","936","504206"
"22244","Nambal","936","504215"
"22245","Narsapur","936","504206"
"22246","Peddapet","936","504206"
"22247","Rebbenpalle","936","504215"
"22248","Rollpahad","936","504206"
"22249","Tallapet","936","504206"
"22250","Tanimadugu","936","504206"
"22251","Velganoor","936","504215"
"22252","Venkatapur","936","504206"
"22253","Chandanapur","937","504207"
"22254","Donabanda","937","504207"
"22255","Gadhpur","937","504209"
"22256","Gudipet","937","504207"
"22257","Hajipur","937","504207"
"22258","Hussainsagar","937","504207"
"22259","Karnamamidi","937","504207"
"22260","Kondapur","937","504207"
"22261","Kondepalle","937","504207"
"22262","Kothapalle","937","504209"
"22263","Mulkalla","937","504209"
"22264","Nagaram","937","504209"
"22265","Namnur","937","504207"
"22266","Narsingapur","937","504302"
"22267","Padthenpalle","937","504207"
"22268","Peddampet","937","504207"
"22269","Pochammapad","937","504207"
"22270","Rapalle","937","504207"
"22271","Ryali","937","504209"
"22272","Subbapalle","937","504207"
"22273","Vempalle","937","504209"
"22274","Bejjal","938","504216"
"22275","Gangipalle","938","504216"
"22276","Gopalpur","938","504216"
"22277","Indaram","938","504216"
"22278","Jaipur","938","504216"
"22279","Kachanpalle","938","504216"
"22280","Kankur","938","504216"
"22281","Kistapur","938","504216"
"22282","Kundaram","938","504216"
"22283","Maddikunta","938","504216"
"22284","Maddulapalle","938","504216"
"22285","Mittapalle","938","504216"
"22286","Narasingapuram","938","504216"
"22287","Narva","938","504216"
"22288","Pegadapalle","938","504216"
"22289","Pownur","938","504216"
"22290","Ramaraopet","938","504216"
"22291","Rommipur","938","504216"
"22292","Shetpalle","938","504216"
"22293","Shivvaram","938","504216"
"22294","Tekumatla","938","504216"
"22295","Velal","938","504216"
"22296","Yelkanti","938","504216"
"22297","Badampalle","939","504205"
"22298","Bommena","939","504205"
"22299","Chintaguda","939","504205"
"22300","Dharmaram","939","504205"
"22301","Dongapalle","939","504205"
"22302","Indhanpalle","939","504205"
"22303","Jannaram","939","504205"
"22304","Juviguda","939","504205"
"22305","Kalmadagu","939","504205"
"22306","Kamanpalle","939","504205"
"22307","Kawal","939","504205"
"22308","Kishtapur","939","504205"
"22309","Kothapet","939","504205"
"22310","Malyal","939","504205"
"22311","Marriguda","939","504205"
"22312","Murimadugu","939","504205"
"22313","Narsingapur","939","504205"
"22314","Paidpalle","939","504205"
"22315","Papammaguda","939","504205"
"22316","Ponakal","939","504205"
"22317","Puttiguda","939","504205"
"22318","Raindlaguda","939","504205"
"22319","Rampur","939","504205"
"22320","Singaraipet","939","504206"
"22321","Thimmapur","939","504206"
"22322","Venkatapur","939","504205"
"22323","Ankannapeta","940","504219"
"22324","Babapur","940","504219"
"22325","Chintapudi","940","504219"
"22326","Dampur","940","504251"
"22327","Gollaghat","940","504219"
"22328","Jajjarvelly","940","504251"
"22329","Jankapur","940","504251"
"22330","Kannepalle","940","504219"
"22331","Kothapalle","940","504251"
"22332","Lingala","940","504219"
"22333","Lingapur","940","504219"
"22334","Madavelli","940","504219"
"22335","Metpalle","940","504219"
"22336","Motkupalle","940","504219"
"22337","Muthapur","940","504219"
"22338","Nagepalle","940","504219"
"22339","Polampalle","940","504219"
"22340","Rebbena","940","504219"
"22341","Saligaon","940","504219"
"22342","Shiknam","940","504251"
"22343","Surjapur","940","504219"
"22344","Tekulapalle","940","504251"
"22345","Veerapur","940","504219"
"22346","Yellaram","940","504251"
"22347","Chintaguda","941","504218"
"22348","Devapur (Ct)","941","504218"
"22349","Dharmaraopet","941","504231"
"22350","Gatrapalle","941","504218"
"22351","Gurvapur","941","504231"
"22352","Kankalapur","941","504231"
"22353","Kasipet (Ct)","941","504231"
"22354","Kometichenu","941","504231"
"22355","Kondapur","941","504231"
"22356","Konur","941","504231"
"22357","Kurreghad","941","504231"
"22358","Malkepalle","941","504231"
"22359","Muthempalle","941","504231"
"22360","Pallamguda","941","504231"
"22361","Peddampalle (R)","941","504231"
"22362","Peddapur","941","504218"
"22363","Rottepalle","941","504231"
"22364","Sonapur","941","504218"
"22365","Tirmalapur","941","504231"
"22366","Varipet","941","504231"
"22367","Venkatapur","941","504231"
"22368","Adkapalle","942","504214"
"22369","Algaon","942","504201"
"22370","Annaram","942","504201"
"22371","Arjungutta","942","504201"
"22372","Ayepalle","942","504214"
"22373","Bopparam","942","504214"
"22374","Borampalle","942","504201"
"22375","Brahmanpalle","942","504214"
"22376","Chintakunta","942","504214"
"22377","Dewalwada","942","504201"
"22378","Edagatta","942","504214"
"22379","Edula Bandam","942","504201"
"22380","Jangaon","942","504214"
"22381","Kawarkothapalle","942","504201"
"22382","Kollur","942","504201"
"22383","Kondampet","942","504214"
"22384","Kotapalle","942","504214"
"22385","Lingannapet","942","504201"
"22386","Mallampet","942","504214"
"22387","Nagampet","942","504214"
"22388","Nakkalpalle","942","504214"
"22389","Pangadisomaram","942","504214"
"22390","Parpalle","942","504201"
"22391","Pinnaram","942","504201"
"22392","Pullagaon","942","504201"
"22393","Rajaram","942","504201"
"22394","Rampur","942","504201"
"22395","Rapanpalle","942","504201"
"22396","Rawalpalle","942","504214"
"22397","Sarvaipet","942","504214"
"22398","Shankarpur","942","504214"
"22399","Shetpalle","942","504214"
"22400","Sirsa","942","504201"
"22401","Supak","942","504214"
"22402","Venchapalle","942","504214"
"22403","Vesonvai","942","504214"
"22404","Yerraipet","942","504201"
"22405","Balraopet","943","504207"
"22406","Challampet","943","504215"
"22407","Chandram","943","504215"
"22408","Dowdepalle","943","504215"
"22409","Ellaram","943","504215"
"22410","Gullakota","943","504207"
"22411","Itkyal","943","504215"
"22412","Jendavenkatapur","943","504207"
"22413","Kothur","943","504215"
"22414","Laxmipur","943","504207"
"22415","Lingapur","943","504206"
"22416","Luxettipet (Ct)","943","504215"
"22417","Mittapally","943","504216"
"22418","Modela","943","504215"
"22419","Patha Kommugudem","943","504215"
"22420","Pothepalle","943","504215"
"22421","Rangapet","943","504207"
"22422","Talamalla","943","504215"
"22423","Thimmapur","943","504207"
"22424","Utukur","943","504215"
"22425","Venkataraopet","943","504215"
"22426","Venkataraopet","943",""
"22427","Garmilla","944",""
"22428","Mancherial","944",""
"22429","Naspur (Ct)","944","504302"
"22430","Singapur (Ct)","944","504302"
"22431","Teegalpahad (Ct)","944","504302"
"22432","Thallapalle (Ct)","944","504302"
"22433","Amerwadi","945","504301"
"22434","Andgulapet","945","504231"
"22435","Chirrakunta","945","504216"
"22436","Kyathampalle","945","504301"
"22437","Kyathampalle (Ct)","945","504301"
"22438","Lemur","945","504231"
"22439","Mamidighat","945","504216"
"22440","Mandamarrri","945",""
"22441","Ponnaram","945","504216"
"22442","Sarangapalle","945","504216"
"22443","Thimmapur","945","504209"
"22444","Venkatapur","945","504231"
"22445","Naspur","946","504302"
"22446","Seetarampalle (Og)","946","504302"
"22447","Singapur","946","504302"
"22448","Teegalpahad","946","504302"
"22449","Thallapalle","946","504302"
"22450","Avadam","947","504204"
"22451","Bhadrapur","947","504219"
"22452","Bhagirathipet","947","504219"
"22453","Bodhapur","947","504219"
"22454","Chinavenkatapur","947","504204"
"22455","Chittapur","947","504204"
"22456","Dammireddipet","947","504219"
"22457","Ghanpur","947","504219"
"22458","Gollapalle","947","504219"
"22459","Gudipet","947","504204"
"22460","Gundlasomaram","947","504251"
"22461","Jangalpet","947","504219"
"22462","Jhandavenkatapur","947","504204"
"22463","Jogapur","947","504219"
"22464","Khammampalle","947","504219"
"22465","Kharji","947","504219"
"22466","Konampet","947","504219"
"22467","Kothur","947","504204"
"22468","Kushenapalle","947","504219"
"22469","Mailaram","947","504219"
"22470","Mankapur","947","504219"
"22471","Manneguda","947","504251"
"22472","Metpalle","947","504219"
"22473","Nandulapalle","947","504219"
"22474","Nennal","947","504219"
"22475","Pottiyal","947","504204"
"22476","Puppulawanipet","947","504219"
"22477","Singapur","947","504204"
"22478","Sitanagar","947","504219"
"22479","Abbapur","948","504272"
"22480","Achalapur","948","504273"
"22481","Ankepalle","948","504251"
"22482","Annaram","948","504273"
"22483","Balhanpur","948","504273"
"22484","Boyapalle","948","504272"
"22485","Chandrapalle","948","504272"
"22486","Choutpalle","948","504272"
"22487","Dwarakapur","948","504272"
"22488","Gampalpalle","948","504273"
"22489","Gopalnagar","948","504272"
"22490","Kasipet","948","504272"
"22491","Katherla","948","504272"
"22492","Kistampet","948","504272"
"22493","Kothapalle","948","504220"
"22494","Madaram","948","504220"
"22495","Madaram","948","504220"
"22496","Madnapur","948","504272"
"22497","Narsapur","948","504272"
"22498","Pegadapalle","948","504272"
"22499","Rampur","948","504273"
"22500","Rechini","948","504273"
"22501","Repallewada","948","504272"
"22502","Tandur","948","504272"
"22503","Venkaipalle","948","504272"
"22504","Baddampalle","949","504214"
"22505","Baddevelle","949","504214"
"22506","Bommena","949","504219"
"22507","Buyyaram","949","504219"
"22508","Chamanpalle","949","504214"
"22509","Dasnapur","949","504214"
"22510","Gorlapalle","949","504214"
"22511","Gudampet","949","504214"
"22512","Gudepalle","949","504214"
"22513","Jajulpet","949","504214"
"22514","Jakkepalle","949","504219"
"22515","Jilleda","949","504219"
"22516","Kallampalle","949","504214"
"22517","Kalmalpet","949","504214"
"22518","Katepalle","949","504214"
"22519","Kothapalle","949","504214"
"22520","Kyathanpalle","949","504214"
"22521","Maddulapalle","949","504214"
"22522","Mamda","949","504214"
"22523","Mukkidigudem","949","504214"
"22524","Mulkalpet","949","504214"
"22525","Nagaram","949","504219"
"22526","Neelwai","949","504214"
"22527","Oddugudem","949","504214"
"22528","Racherla","949","504214"
"22529","Rajaram","949","504214"
"22530","Sumputum","949","504214"
"22531","Suraram","949","504219"
"22532","Upparlapahad","949","504214"
"22533","Vemanpalle","949","504214"
"22534","Alladurg","950","502269"
"22535","Appajipally","950","502269"
"22536","Bhahirandibba","950","502269"
"22537","Chevella","950","502269"
"22538","Chilvera","950","502269"
"22539","Kaidampally","950","502269"
"22540","Mahammadapur","950","502269"
"22541","Mupparam","950","502302"
"22542","Muslapur","950","502269"
"22543","Peddapur","950","502270"
"22544","Rampur","950","502269"
"22545","Reddipally","950","502269"
"22546","Seethanagar","950",""
"22547","Venkatraopet","950","502269"
"22548","Ananthasagar","951","502247"
"22549","Bonal","951","502247"
"22550","Chandaipet","951","502247"
"22551","Chegunta (Ct)","951","502255"
"22552","Chinna Shivnoor","951","502255"
"22553","Gollapally","951","502247"
"22554","Ibrahimpur","951","502247"
"22555","Kasanpally","951","502247"
"22556","Kistapur","951","502102"
"22557","Kondapur [Bonal]","951","502102"
"22558","Makkarajpet","951","502247"
"22559","Pedda Shivnoor","951","502255"
"22560","Polampally","951","502255"
"22561","Pulamamidi","951","502102"
"22562","Ramapur","951","502247"
"22563","Reddipally","951","502255"
"22564","Rukmapur","951","502247"
"22565","Ulli Thimmaipally","951","502247"
"22566","Vallabhapur","951","502248"
"22567","Wadiaram","951","502255"
"22568","Ajjamarri","952","502314"
"22569","Banda Pothugal","952","502314"
"22570","Chandur","952","502314"
"22571","Chilipched","952","502314"
"22572","Chitkul","952","502270"
"22573","Dasguda","952","502314"
"22574","Faizabad","952","502314"
"22575","Gangaram","952","502314"
"22576","Gouthapur","952","502314"
"22577","Jaggampet","952","502314"
"22578","Lingaraoguda","952","502314"
"22579","Mangalpally","952","502314"
"22580","Rahimguda","952","502314"
"22581","Ramdasguda","952","502314"
"22582","Seri Faizabad","952","502314"
"22583","Somakkapet","952","502314"
"22584","Ananthasagar","953","502113"
"22585","Aurangabad","953","502113"
"22586","Bogada Bhoopathipur","953","502113"
"22587","Burugupally","953","502113"
"22588","Byathole","953","502113"
"22589","Byathole Thimmaipally","953","502113"
"22590","Fareedpur","953","502130"
"22591","Gangapur","953","502115"
"22592","Havelighanpur","953","502113"
"22593","Kuchanpally","953","502130"
"22594","Lingasanpally","953","502113"
"22595","Mirgudpally","953","502113"
"22596","Mudulwai","953","502130"
"22597","Muthaipalle","953","502113"
"22598","Nagapur","953","502113"
"22599","Rajpet","953","502113"
"22600","Sardhana","953","502130"
"22601","Serikuchanpalle","953","502130"
"22602","Shalipet","953","502113"
"22603","Shamnapur","953","502115"
"22604","Suklapet","953","502113"
"22605","Thogita","953","502130"
"22606","Antharam","954","502314"
"22607","Bujarampet","954","502316"
"22608","Burugadda","954",""
"22609","Devalpally","954","502381"
"22610","Dharmasagar","954","502316"
"22611","Kanchanpally","954","502316"
"22612","Kannavaram","954","502316"
"22613","Kottala","954",""
"22614","Kowdipally","954","502316"
"22615","Kukatpally","954","502316"
"22616","Lingampally","954",""
"22617","Mohammednagar @ Munirai","954","502316"
"22618","Mutrajpally","954","502316"
"22619","Nagasanpally","954","502316"
"22620","Pampally","954",""
"22621","Rajilapur","954","502316"
"22622","Rajpet","954","502316"
"22623","Sadashivapalle","954",""
"22624","Salabatpur","954","502314"
"22625","Seelampalli","954","502314"
"22626","Thimmapur","954","502316"
"22627","Thunki","954","502316"
"22628","Venkatapur","954","502316"
"22629","Venkatapur","954","502316"
"22630","Yelmakanna","954","502316"
"22631","Amsanpally","955","502109"
"22632","Appajipally","955","502109"
"22633","Chinnaghanpur","955","502381"
"22634","Etigadda Mahmmadapur","955","502381"
"22635","Kistapur","955","502109"
"22636","Konapur","955","502381"
"22637","Kongode","955","502109"
"22638","Kulcharam","955","502381"
"22639","Nainjalalpur","955","502109"
"22640","Paithara","955","502381"
"22641","Pothamsettipally","955","502109"
"22642","Pothireddipally","955","502109"
"22643","Rampur","955","502109"
"22644","Rangampet","955","502381"
"22645","Sangaipet","955","502381"
"22646","Serivariguntham","955","502381"
"22647","Thukkapur","955","502381"
"22648","Tummalapally","955","502109"
"22649","Variguntham","955","502381"
"22650","Venkatapur","955","502109"
"22651","Yenigandla","955","502381"
"22652","Chatla Gouraram","956","502336"
"22653","Dharmarajpally","956","502336"
"22654","Jeedipalle","956","502336"
"22655","Kallakal","956","502336"
"22656","Konaipally (Patti Tupran)","956","502336"
"22657","Kondapur","956","502336"
"22658","Kucharam","956","502336"
"22659","Lingareddipet","956","502336"
"22660","Manoharabad","956","502336"
"22661","Muppireddipally","956","502336"
"22662","Palat","956","502336"
"22663","Parkibanda","956","502336"
"22664","Potharam","956","502336"
"22665","Ramaipally","956","502336"
"22666","Rangaipally","956","502336"
"22667","Venkatapur Agraharam","956","502334"
"22668","Achampet","957","502255"
"22669","Chetlathimmaipally","957","502335"
"22670","Hakimpet","957","502255"
"22671","Koppulapalle","957","502335"
"22672","Lingareddipalle","957","502255"
"22673","Masaipet","957","502335"
"22674","Pothampally","957","502247"
"22675","Pothamshetpally","957","502335"
"22676","Ramanthapur","957","502255"
"22677","Ausulpalle (Og)","958","502113"
"22678","Balanagar","958","502117"
"22679","Chityal","958","502109"
"22680","Jakkannapet","958","502113"
"22681","Khazipalle","958","502117"
"22682","Komtoor","958","502117"
"22683","Makta Bhoopathipur","958","502117"
"22684","Maqdumpur","958","502130"
"22685","Medak (R)","958","502110"
"22686","Mombojipally","958","502109"
"22687","Pashapur","958","502117"
"22688","Pathur","958","502113"
"22689","Perur","958","502109"
"22690","Pocharam Tank","958","502113"
"22691","Rajpalle","958","502117"
"22692","Rayalamadugu","958","502109"
"22693","Rayanpalle","958","502113"
"22694","Venkatapur","958","502117"
"22695","Achampet","959","502313"
"22696","Admapur","959","502316"
"22697","Ahmednagar","959","502316"
"22698","Awancha","959","502313"
"22699","Brahmanpalle","959","502313"
"22700","Chinna Chintakunta","959","502313"
"22701","Chippalturthi","959","502296"
"22702","Dharmaram","959","502319"
"22703","Ganyathanda Narsapur","959","502313"
"22704","Gollapalle","959","502313"
"22705","Hanmanthapur","959","502313"
"22706","Ibrahimbad","959","502314"
"22707","Jakkupalle","959","502296"
"22708","Kagazmaddur","959","502313"
"22709","Khazipet","959","502316"
"22710","Kondapur","959","502313"
"22711","Lingapur","959","502313"
"22712","Madapur","959","502313"
"22713","Malparthi","959","502316"
"22714","Manthoor","959","502316"
"22715","Mohamadabad","959","502313"
"22716","Mohamadabad Ramjathanda","959","502313"
"22717","Mohammadabad @ Janakampet","959","502313"
"22718","Moosapet","959","502313"
"22719","Nagulpalle","959","502313"
"22720","Naimatullaguda","959","502313"
"22721","Narayanpur","959","502313"
"22722","Narsapur","959","502313"
"22723","Nathinoipalle","959","502313"
"22724","Pedda Chintakunta","959","502313"
"22725","Ramachandrapur","959","502313"
"22726","Reddipalle","959","502313"
"22727","Rustumpet","959","502313"
"22728","Sitarampur","959","502313"
"22729","Thirmalapur","959","502316"
"22730","Tujalpur","959","502313"
"22731","Tuljarampet","959","502313"
"22732","Yellapur","959","502296"
"22733","Bheemraopalle","960","502255"
"22734","Narsampalle","960","502248"
"22735","Narsingi","960","502248"
"22736","Sankhapur","960","502248"
"22737","Seripalle","960","502248"
"22738","Valloor","960","502255"
"22739","Zapthishivnur","960","502248"
"22740","Bachurajpalle","961","502102"
"22741","Chelmeda","961","502102"
"22742","Kalwakunta","961","502102"
"22743","Nandigaon","961","502102"
"22744","Narlapur","961","502102"
"22745","Naskal","961","502102"
"22746","Nizampet","961","502102"
"22747","Venkatapur","961","502102"
"22748","Ablapur","962","502331"
"22749","Annaram","962","502331"
"22750","Arkela","962","502302"
"22751","Bacharam","962","502302"
"22752","Cheekode","962","502303"
"22753","Chitriyal","962","502331"
"22754","Doulapur","962","502331"
"22755","Ellapoor","962","502125"
"22756","Enkepalle","962","502331"
"22757","Gandharpalle","962","502331"
"22758","Kodpak","962","502331"
"22759","Kompalle","962","502271"
"22760","Kothapalle","962","502331"
"22761","Kurthiwada","962","502331"
"22762","Lingaipalle","962","502303"
"22763","Mallampet","962","502303"
"22764","Minpur","962","502331"
"22765","Muddapur","962","502331"
"22766","Nagsanpalle","962","502331"
"22767","Namapur","962","502302"
"22768","Narsingi","962","502302"
"22769","Papannapet","962","502303"
"22770","Podchenpalle","962","502125"
"22771","Ramathirtham","962","502303"
"22772","Thimmaipalle","962","502303"
"22773","Yousufpet","962","502331"
"22774","Akkannapet","963","502115"
"22775","Damaracheru","963","502101"
"22776","Dantepalle","963","502115"
"22777","Dhanthapally","963","502115"
"22778","Dongal Dharmaram","963","502102"
"22779","Jamsing Lingapur","963","502248"
"22780","Katrial","963","502115"
"22781","Komatipalle","963","502101"
"22782","Konapur","963","502102"
"22783","Lakshmapur","963","502115"
"22784","Parvathapur","963","502115"
"22785","Ramayampet","963","502101"
"22786","Rayalapur","963","502102"
"22787","Sadasivnagar","963","502115"
"22788","Sivaipalle","963","502248"
"22789","Sutarpalle","963","502102"
"22790","Thonigandla","963","502115"
"22791","Burhanwadi","964","502290"
"22792","Chowderpalle","964","502290"
"22793","Dosapalle","964","502290"
"22794","Gajwada","964","502290"
"22795","Jagriyal","964","502290"
"22796","Kondapur","964","502290"
"22797","Kothwalpalle","964","502290"
"22798","Lingampalle","964","502290"
"22799","Marpalle","964","502290"
"22800","Pocharam","964","502290"
"22801","Pyararam","964","502290"
"22802","R. Itikyal","964","502290"
"22803","Regode","964","502290"
"22804","Sindole","964","502290"
"22805","Tatpalle","964","502290"
"22806","Timmapur","964","502290"
"22807","Venkatapur [Maktha]","964","502290"
"22808","Baddaram","965","502271"
"22809","Burugupalle","965","502271"
"22810","Cheelapalle","965","502271"
"22811","Chintal Lakshmapur","965","502271"
"22812","Danampalle","965","502271"
"22813","Gottimukkala","965","502290"
"22814","Jukal","965","502271"
"22815","Kamalapur","965","502271"
"22816","Kollapalle","965","502271"
"22817","Koppole","965","502271"
"22818","Kothapet","965","502271"
"22819","Maktha Lakshmapur","965","502271"
"22820","Malkapur","965","502290"
"22821","Marshetpalle","965","502271"
"22822","Musapet","965","502271"
"22823","Narayanapalle","965","502271"
"22824","Ramajipalle","965","502271"
"22825","Shankarampet (A) (Ct)","965","502271"
"22826","Sivaipalle","965","502271"
"22827","Tenkati","965","502271"
"22828","Thirumalapur","965","502271"
"22829","Uthloor","965","502271"
"22830","Venkatapur (Katela)","965","502271"
"22831","Virojipalle","965","502271"
"22832","Ambajipet","966","502255"
"22833","Chandampet","966","502255"
"22834","Chandapur","966","502248"
"22835","Dharpalle","966","502255"
"22836","Gajgatlapalle","966","502248"
"22837","Gavalpalle","966","502248"
"22838","Jangrai","966","502255"
"22839","Kamaram","966","502248"
"22840","Kaslapur","966","502248"
"22841","Khajapur","966","502248"
"22842","Korivipalle","966","502248"
"22843","Madur","966","502248"
"22844","Mirzapalle","966","502248"
"22845","Shankaraj Kondapur","966","502117"
"22846","Shankarampet (R)","966","502248"
"22847","Suraram","966","502255"
"22848","Turkala Mohammedapur","966","502117"
"22849","Allipur","967","502313"
"22850","Bijilipur","967","502334"
"22851","Chandi","967","502334"
"22852","Chennapur","967","502313"
"22853","Chinnagottimukkala","967","502313"
"22854","Donthi","967","502334"
"22855","Edulapur","967","502334"
"22856","Gangaipalle","967","502334"
"22857","Gomaram","967","502313"
"22858","Gundlapalle","967","502335"
"22859","Jagyathanda","967","502334"
"22860","Konthanpalle","967","502335"
"22861","Kothapet","967","502313"
"22862","Lingojiguda","967","502313"
"22863","Maqdumpur","967","502334"
"22864","Nawabpet","967","502313"
"22865","Pambanda","967","502334"
"22866","Pedda Gottimukkala","967","502313"
"22867","Pillutla","967","502313"
"22868","Pothula Boguda","967","502335"
"22869","Ratnapoor","967","502313"
"22870","Shabashpalle","967","502334"
"22871","Shivampet","967","502334"
"22872","Shivampet - Shivampet - II","967",""
"22873","Sikindlapur","967","502336"
"22874","Thimmapur","967","502313"
"22875","Usirikapalle","967","502334"
"22876","Achannapalle","968","502302"
"22877","Bardipur","968","502302"
"22878","Bodagat","968","502302"
"22879","Bodmatpalle","968","502269"
"22880","Dadaipalle","968","502302"
"22881","Dhanoora","968","502302"
"22882","Eklaspur","968","502302"
"22883","Hasanmohmadpalle","968","502302"
"22884","Kadloor","968","502302"
"22885","Korampalle","968","502302"
"22886","Kusangi","968","502270"
"22887","Malkapur","968","502270"
"22888","Palvancha","968","502302"
"22889","Salojipally","968","502302"
"22890","Salojipally","968","502302"
"22891","Shabad","968","502302"
"22892","Tamploor","968","502302"
"22893","Tekmal","968","502302"
"22894","Yelkurthi","968","502302"
"22895","Yellampalle","968","502302"
"22896","Yellupet","968","502302"
"22897","Yelupugonda","968","502302"
"22898","Allapur","969","502334"
"22899","Brahmanapalle","969","502334"
"22900","Datarpalle","969","502335"
"22901","Ghanpur","969","502334"
"22902","Gundareddipalle","969","502335"
"22903","Hussainpur","969","502334"
"22904","Immapur","969","502334"
"22905","Islampur","969","502335"
"22906","Jandapallyy","969","502335"
"22907","Kistapur","969","502335"
"22908","Konaipalle (Pattibegampet)","969","502334"
"22909","Majeedpally (Dp)","969","502334"
"22910","Malkapur","969","502334"
"22911","Masjid Palle (Nk)","969","502334"
"22912","Nagulapalle","969","502335"
"22913","Narsampally Patti Velur","969","502334"
"22914","Padalpalle","969","502334"
"22915","Ravelli","969","502336"
"22916","Toopran","969","502334"
"22917","Vattur","969","502334"
"22918","Venkatapur @ Pattitupran","969","502334"
"22919","Venktaipalle","969","502335"
"22920","Yavapur","969","502334"
"22921","Andugulapalle","970","502109"
"22922","Bandaposanpalle","970","502117"
"22923","Damarancha","970","502117"
"22924","Dharmaram","970","502109"
"22925","Edulapalle","970","502117"
"22926","Esvantharaopet","970","502109"
"22927","Hastalpur","970","502255"
"22928","Kuknoor","970","502109"
"22929","Manepalle","970","502109"
"22930","Mangalparthy","970","502109"
"22931","Mannevar Jalalpur","970","502109"
"22932","Mellor","970","502255"
"22933","Peddapur","970","502255"
"22934","Settipalle Kalan","970","502117"
"22935","Uppulingapur","970","502255"
"22936","Yeldurthy","970","502255"
"22937","Akbarja","971","500010"
"22938","Alwal","971","500010"
"22939","Dammaiguda","971","500083"
"22940","Farzanguda","971","500010"
"22941","Kowkoor","971","500010"
"22942","Lothukunta","971","500010"
"22943","Macha Bollaram","971","500010"
"22944","Mahadevpur","971","500010"
"22945","Turkapally","971","500101"
"22946","Yapral","971","500087"
"22947","Bachupally","972","500090"
"22948","Nizampet (Og)","972","500090"
"22949","Babbuguda","973","500037"
"22950","Balanagar","973","500037"
"22951","Begumpet","973","500016"
"22952","Fathenagar","973","500018"
"22953","Ferozguda","973","500011"
"22954","Hasmathpet","973","500011"
"22955","Old Bowenpally","973","500011"
"22956","Zinkalawada","973","500018"
"22957","Bahadurpally","974","500043"
"22958","Bowrampet (Og)","974","500043"
"22959","Dommara Pochampally","974","500043"
"22960","Doolapally","974","500100"
"22961","Dundigal (Ct)","974","500043"
"22962","Gagilapur (Og)","974","500043"
"22963","Kompally","974","500100"
"22964","Mallampet (Og)","974","500090"
"22965","Nagaloor","974","500043"
"22966","Shambipur","974","500043"
"22967","Ankushapur","975","501301"
"22968","Annojiguda","975","500088"
"22969","Aushapur","975","501301"
"22970","Badesahebguda","975","501301"
"22971","Edulabad","975","501301"
"22972","Ghatkesar","975","501301"
"22973","Ghatkesar (Ct)","975","501301"
"22974","Ismailkhanguda","975","501301"
"22975","Kachwanisingaram","975","500088"
"22976","Kondapur","975","501301"
"22977","Korremul","975","500088"
"22978","Madharam","975","501301"
"22979","Majarguda","975","501301"
"22980","Marripallyguda","975",""
"22981","Muthawalliguda","975","501301"
"22982","Narepally","975","500088"
"22983","Padamatisaiguda","975","501301"
"22984","Pocharam","975","500088"
"22985","Prathapsingaram","975","500088"
"22986","Yamnampet","975","501301"
"22987","Cherlapally","976",""
"22988","Jawaharnagar (Ct)","976","500087"
"22989","Kapra","976",""
"22990","Ahmedguda","977","500083"
"22991","Bogaram","977","501301"
"22992","Cheeryal","977","501301"
"22993","Dharmaram","977","501301"
"22994","Godumakunta","977","501301"
"22995","Haridaspally","977","501301"
"22996","Keesara","977","501301"
"22997","Keesara Daira","977","501301"
"22998","Kundanpally","977","501301"
"22999","Nagaram (Ct)","977","500083"
"23000","Narsampally","977","501301"
"23001","Rampally","977","501302"
"23002","Rampally Daira","977","501302"
"23003","Thimmaipally","977","501301"
"23004","Yadgarpally (East)","977","501301"
"23005","Yadgarpally (West)","977","501301"
"23006","Allapur","978","500085"
"23007","Baghameer","978","500072"
"23008","Hydernagar","978","500085"
"23009","Kukatpally","978","500072"
"23010","Moosapet","978","500018"
"23011","Shamshiguda","978","500085"
"23012","Ammuguda","979","500056"
"23013","Malkajgiri","979","500047"
"23014","Akbarjapet","980","501401"
"23015","Athwelli","980","501401"
"23016","Bandakunta","980","500043"
"23017","Bandamadaram","980","500043"
"23018","Dabilpur","980","501401"
"23019","Ghanpur","980","501401"
"23020","Girmapur","980","501401"
"23021","Gosaiguda","980","501401"
"23022","Gowdavelli","980","501401"
"23023","Gundlapochampally","980","500100"
"23024","Kandlakoya","980","501401"
"23025","Khajiguda","980","501401"
"23026","Konaipally","980","501401"
"23027","Maisireddypally","980","501401"
"23028","Medchal (Ct)","980","501401"
"23029","Muneerabad","980","501401"
"23030","Nuthankal","980","501401"
"23031","Pudur","980","501401"
"23032","Railapur","980","501401"
"23033","Raj Bollaram","980","501401"
"23034","Ravlkole","980","501401"
"23035","Shahajadiguda","980","501401"
"23036","Somaram","980","501401"
"23037","Srirangavaram","980","500043"
"23038","Suthariguda","980","501401"
"23039","Velgalkunta","980","500043"
"23040","Yellampet","980","501401"
"23041","Bibi Shaeb Maqta","981","500039"
"23042","Boduppal (Ct)","981","500092"
"23043","Chengicherla (Og)","981","500092"
"23044","Gulam Aliguda","981","500098"
"23045","Medipally","981","500098"
"23046","Miyapur (Og)","981","500092"
"23047","Parvatapur","981","500098"
"23048","Peerzadiguda","981","500098"
"23049","Adraspally","982","500101"
"23050","Anantharam","982","500101"
"23051","Chinaparvathapur","982","500101"
"23052","Jaggamguda","982","500101"
"23053","Kesavapur","982","500101"
"23054","Keshawaram","982","500101"
"23055","Kolthur","982","500101"
"23056","Lakshmapur","982","500101"
"23057","Lingapur","982","500101"
"23058","Mooduchintalaphally","982","500101"
"23059","Nagisettipally","982","500101"
"23060","Narayanpur","982","500101"
"23061","Potharam","982","500101"
"23062","Sampanbole","982","500101"
"23063","Uddemarry","982","500101"
"23064","Usharpally","982","500101"
"23065","Yakutpur","982","500101"
"23066","Gajularamaram","983","500055"
"23067","Jeedimetla","983",""
"23068","Namdarnagar","983",""
"23069","Pet Basheerabad","983",""
"23070","Quthbullapur","983",""
"23071","Suraram","983",""
"23072","Aliabad","984","500101"
"23073","Anthaipally","984","500101"
"23074","Bommaraspet","984","500078"
"23075","Devaryamjal","984","500078"
"23076","Lalgadimalakpet","984","500101"
"23077","Majeedpur","984","500101"
"23078","Mandaipally","984","500101"
"23079","Muraharipally","984","500101"
"23080","Ponnal","984","500078"
"23081","Pothaipally","984","500101"
"23082","Shamirpet","984","500101"
"23083","Singaipally","984","500101"
"23084","Thumkunta","984","500078"
"23085","Turkapally","984","500101"
"23086","Yadaram","984","500101"
"23087","Bandlaguda","985","500068"
"23088","Fathullaguda","985","500068"
"23089","Habsiguda","985","500007"
"23090","Kothapet","985","500102"
"23091","Mallapur","985","500076"
"23092","Meerpet","985","500097"
"23093","Nacharam","985","500076"
"23094","Nagole","985","500068"
"23095","Navoranguda Bhagayath","985","500039"
"23096","Navoranguda Khalsa","985","500039"
"23097","Ramanthapur Bagayath","985","500039"
"23098","Ramanthapur Khalsa","985","500013"
"23099","Uppal Bagayath","985","500039"
"23100","Uppal Khalsa","985","500039"
"23101","Akulavari Ghanpur","986","506169"
"23102","Allamvari Ghanapuram","986","506165"
"23103","Alugubelle","986","506165"
"23104","Banaji Bandham","986","506165"
"23105","Buttaram","986","506165"
"23106","Chalpaka","986","506169"
"23107","Chinaboinapalle","986","506169"
"23108","Chinavenkata Puram","986","506165"
"23109","Chirragudem","986","506165"
"23110","Dodla","986","506165"
"23111","Ekkela","986","506165"
"23112","Elishettipalle","986","506165"
"23113","Eturnagaram","986","506169"
"23114","Gogubelle","986","506169"
"23115","Gundenguvai","986","506165"
"23116","Kondai","986","506169"
"23117","Kondred","986","506165"
"23118","Koratpalle (D)","986","506165"
"23119","Kothagudem","986","506165"
"23120","Lingapuram","986","506165"
"23121","Mallyala","986","506165"
"23122","Manasapalle","986","506165"
"23123","Maredupaka","986","506165"
"23124","Medaram","986","506165"
"23125","Mullakatta","986","506165"
"23126","Oddugudem","986","506165"
"23127","Papkapuram","986","506165"
"23128","Pedda Venkatapur","986","506165"
"23129","Raigudem","986","506165"
"23130","Ramannagudem","986","506169"
"23131","Ramnagar (Koyagudem)","986","506165"
"23132","Rampuragrahar","986","506165"
"23133","Roheer","986","506169"
"23134","Shankarajpalle","986","506169"
"23135","Shapalle","986","506169"
"23136","Shivapuram","986","506169"
"23137","Teegalvai","986","506165"
"23138","Yellapuram","986","506165"
"23139","Bussapur","987","506344"
"23140","Chalwai","987","506344"
"23141","Dammakkapalle","987","506344"
"23142","Kannaigudem","987","506352"
"23143","Karlapalle","987","506347"
"23144","Laknavaram","987","506347"
"23145","Machchapur","987","506344"
"23146","Medaram (Patti Chelva)","987","506347"
"23147","Motlagudem","987","506347"
"23148","Muthapur","987","506347"
"23149","Pasranagaram","987","506347"
"23150","Rampur","987","506347"
"23151","Rangapur","987","506344"
"23152","Venkatapur","987","506352"
"23153","Andukapalle","988","506165"
"23154","Bhupathipuram","988","506165"
"23155","Buttaigudem","988","506169"
"23156","Chintagudem","988","506165"
"23157","Chinthagudem","988","506165"
"23158","Chityala","988","506165"
"23159","Devadhumula","988","506165"
"23160","Etur","988","506169"
"23161","Gangaram(Guttala)","988","506165"
"23162","Gangugudem","988","506165"
"23163","Gurrevula","988","506169"
"23164","Ilapur","988","506169"
"23165","Kannaigudem","988","506169"
"23166","Kanthanpalle","988","506165"
"23167","Kothur","988","506165"
"23168","Laxmipuram","988","506169"
"23169","Malkapalle","988","506165"
"23170","Marepalle","988","506165"
"23171","Muppanapalle","988","506165"
"23172","Padigapuram","988","506165"
"23173","Paredu","988","506165"
"23174","Rajannapet","988","506169"
"23175","Rampur","988","506165"
"23176","Sarvai","988","506169"
"23177","Singaram (Pattigorrevula)","988","506165"
"23178","Thupakulagudem","988","506169"
"23179","Mallampalle","989","506349"
"23180","Ramachandrapuram","989","506349"
"23181","Akinepalle Mallaram","990","506172"
"23182","Balannagudem","990",""
"23183","Bandarugudem","990","506172"
"23184","Barlagudem","990","506172"
"23185","Brahmanapalle","990","506172"
"23186","Cherupalle","990","506172"
"23187","Chunchupalle","990","506172"
"23188","Domeda","990","506172"
"23189","Gollagudem","990","506172"
"23190","Kamalapuram (Ct)","990","506172"
"23191","Kathigudem","990","506172"
"23192","Komatipalle","990","506172"
"23193","Lodukgudem","990","506172"
"23194","Mallur","990","506172"
"23195","Mangapet (Podmur)","990","506172"
"23196","Narsapur (Mangapet)","990","506172"
"23197","Narsimhasagar","990","506172"
"23198","Poredupalle","990","506172"
"23199","Rajupet","990","506172"
"23200","Ramachandrunipet","990","506172"
"23201","Ramanakkapet","990","506172"
"23202","Thimmampet","990","506172"
"23203","Tondyala Laxmipur","990","506172"
"23204","Wadagudem","990","506172"
"23205","Abbapuram","991","506343"
"23206","Ankannagudem","991","506352"
"23207","Annampalle","991","506352"
"23208","Bandarupalle","991","506343"
"23209","Incherla","991","506352"
"23210","Jaggannapet","991","506343"
"23211","Jakaram","991","506343"
"23212","Kannaigudem","991","506352"
"23213","Kasimdevipet","991","506352"
"23214","Kothur","991","506352"
"23215","Madanapalle","991","506343"
"23216","Mulug","991","506343"
"23217","Pathepalle","991","506352"
"23218","Pegadapalle","991","506352"
"23219","Potlapur","991","506352"
"23220","Ranabandala (D)","991","506352"
"23221","Sarvapuram","991","506352"
"23222","Adhervai","992","506347"
"23223","Alligudem","992","506347"
"23224","Ankampalle","992","506344"
"23225","Annaram","992","506344"
"23226","Ashannagudem Yellapur","992","506344"
"23227","Banjarellapur","992","506344"
"23228","Bayyakkapet","992","506347"
"23229","Beerelli","992","506344"
"23230","Bhupatipuram","992","506344"
"23231","Bittupalle (P.L)","992","506347"
"23232","Bodigudem","992","506347"
"23233","Bollepalle (P.L)","992","506344"
"23234","Bondal","992","506347"
"23235","Budigavanipahad","992","506347"
"23236","Chennapuram","992","506344"
"23237","Chintalakatapur","992","506344"
"23238","Chowled","992","506344"
"23239","Damervai","992","506344"
"23240","Durgaram","992","506344"
"23241","Elbaka","992","506347"
"23242","Gangaram (P.A)","992","506344"
"23243","Gonepalle","992","506347"
"23244","Gopaigudem (P.A)","992","506347"
"23245","Gouraram (P.A)","992","506344"
"23246","Immadigudem","992","506344"
"23247","Jampangavai","992","506347"
"23248","Kalwapalle","992","506347"
"23249","Kamaram (P.A)","992","506344"
"23250","Kamaram (P.T)","992","506344"
"23251","Kamsettigudem","992","506344"
"23252","Kanneboinapalle","992","506347"
"23253","Katapuram","992","506344"
"23254","Katnarsapuram","992","506344"
"23255","Keshavapoor","992","506172"
"23256","Kistapuram","992","506344"
"23257","Kondaiguda","992","506344"
"23258","Kondalanagaram","992","506347"
"23259","Kondaparthi","992","506344"
"23260","Kothagudem (P.L)","992","506344"
"23261","Kothur (Pattipangidi)","992","506344"
"23262","Kousettivai","992","506344"
"23263","Lavval","992","506347"
"23264","Laxmipuram (P.A).","992","506347"
"23265","Lingala","992","506347"
"23266","Maredigudem","992","506347"
"23267","Medaram (D)","992","506347"
"23268","Medaram (Sammakkajatara)","992","506347"
"23269","Motlagudem","992","506347"
"23270","Narlapur","992","506347"
"23271","Narsapur (P.A)","992","506344"
"23272","Narsapur (P.L)","992","506344"
"23273","Nimmagudem","992","506344"
"23274","Nimmakayala Nagaram","992","506344"
"23275","Oorattam","992","506347"
"23276","Padigapuram (P.A.)","992","506347"
"23277","Padigapuram (P.P)","992","506347"
"23278","Pambapuram","992","506344"
"23279","Pocha Palle","992","506344"
"23280","Ramannagudem","992","506165"
"23281","Rampur (P.A)","992","506347"
"23282","Rangapuram (P.A)","992","506347"
"23283","Sattaram","992","506347"
"23284","Serigaram","992","506344"
"23285","Somaigudem","992","506344"
"23286","Tadvai","992","506344"
"23287","Thakkallagudem","992","506172"
"23288","Timmanitogu","992","506344"
"23289","Uppukunta","992","506344"
"23290","Vaddagudem (P.L)","992","506347"
"23291","Veerapuram","992","506344"
"23292","Vengalapuram","992","506347"
"23293","Venkannagudem","992","506344"
"23294","Waddegudem","992","506347"
"23295","Adavirangapur","993","506168"
"23296","Bandlapahad","993","506347"
"23297","Laxmidevipeta","993","506345"
"23298","Nallagunta","993","506345"
"23299","Narasapuram","993","506343"
"23300","Palampeta","993","506345"
"23301","Ramanathapalle","993","506352"
"23302","Ramanujapuram","993","506345"
"23303","Thimmapur","993","506345"
"23304","Venkatapur","993","506352"
"23305","A. Kathigudem","994","507136"
"23306","Alligudem (G)","994","507136"
"23307","Alubaka [G]","994","507133"
"23308","Alubaka [Z]","994","507133"
"23309","Ankannagudem(Z)","994","507136"
"23310","Bandagudem (G)","994","507136"
"23311","Bandarugudem","994","507136"
"23312","Bandarupalle (G)","994","507136"
"23313","Barlagattugudem (Z)","994","507136"
"23314","Barlagudem (G)","994","507136"
"23315","Barlagudem (Z)","994","507136"
"23316","Bodapuram [G]","994","507133"
"23317","Burugudem(Z)","994","507136"
"23318","Chalamala (G)","994","507133"
"23319","Chinagangaram (G)","994","507136"
"23320","Chinneda [G]","994","507136"
"23321","Chinneda [Z]","994","507136"
"23322","Chirtapalle (G)","994","507136"
"23323","Chirutapalle (Z)","994","507136"
"23324","Desarajupalle (G)","994","507136"
"23325","Desarajupalle (Z)","994","507136"
"23326","Doli(G)","994","507136"
"23327","Edhira [G]","994","507133"
"23328","Ippagudem (Z)","994","507136"
"23329","Ippagudem [G]","994","507136"
"23330","Ippapuram [G]","994","507133"
"23331","K.Kondapuram [Z]","994","507133"
"23332","Kalipaka [G]","994","507133"
"23333","Kondapuram [Z]","994","507133"
"23334","Kothagudem (G)","994","507136"
"23335","Koyabestagudem (G)","994","507136"
"23336","Mahitapuram (G)","994","507136"
"23337","Mahitapuram (Z)","994","507136"
"23338","Mallapuram (G)","994","507136"
"23339","Mallapuram (Z)","994","507136"
"23340","Marikala (G)","994","507136"
"23341","Marikala (Z)","994","507136"
"23342","Marrigudem (Z)","994","507136"
"23343","Morram Vanigudem [G]","994","507136"
"23344","Mukunuru (G)","994","507136"
"23345","Nallaguntapalle [Z]","994","507136"
"23346","Narsireddigudem (G)","994","507136"
"23347","Narsireddigudem (Z)","994","507136"
"23348","Nuguru(G)","994","507136"
"23349","Nuguru(Z)","994","507136"
"23350","Ontichintalagudem [G]","994","507136"
"23351","Palem (G)","994","507136"
"23352","Palem (Z)","994","507136"
"23353","Pamunoor","994","507136"
"23354","Pujarigudem [Z]","994","507136"
"23355","Punem Veerapuram (G)","994","507136"
"23356","Punem Veerapuram (Z)","994","507136"
"23357","Rachapalle (G)","994","507136"
"23358","Ramannagudem [Z]","994","507136"
"23359","Ramavaram (G)","994","507136"
"23360","Ramavaram (Z)","994","507136"
"23361","Sarakalanka","994","507136"
"23362","Sudibaka (G)","994","507136"
"23363","Sudibaka (Z)","994","507136"
"23364","Suraveedu [G]","994","507133"
"23365","Suraveedu [Z]","994","507133"
"23366","Tadapala (G)","994","507136"
"23367","Taniparthy [G]","994","507136"
"23368","Uppedu (Z)","994","507136"
"23369","Uppedu Veerapuram (Z)","994","507136"
"23370","Veerabhadraram (Z)","994","507136"
"23371","Veerapuram (Z)","994","507136"
"23372","Venkatapuram(G)","994","507136"
"23373","Venkatapuram(Z)","994","507136"
"23374","Wadagudem (G)","994","507136"
"23375","Wadagudem (Z)","994","507136"
"23376","Zella (G)","994","507136"
"23377","Annavaram (G)","995","507136"
"23378","Arguntapalle (G)","995","507136"
"23379","Arguntapalle (Z)","995","507136"
"23380","Arlagudem (G)","995","507136"
"23381","Arlagudem (Z)","995","507136"
"23382","Arunachalapuram","995","507136"
"23383","Ayyavaripeta (G)","995","507136"
"23384","Ayyavaripeta (Z)","995","507136"
"23385","Bhuvanapalle","995","507136"
"23386","Bijenapalle","995","507136"
"23387","Bollaram [Z]","995","507136"
"23388","Bommanapalle (G)","995","507136"
"23389","Chandrupatla (Z)","995","507136"
"23390","Cheekupalle (Z)","995","507136"
"23391","Cherukur (G)","995","507136"
"23392","Cherukur (Z)","995","507136"
"23393","Chinnagollagudem (Z)","995","507136"
"23394","Chintoor (G)","995","507136"
"23395","Chintoor (Z)","995","507136"
"23396","Dharmavaram","995","507136"
"23397","Dulapuram(G)","995","507136"
"23398","Edjarlapalle (G)","995","507136"
"23399","Edjarlapalle (Z)","995","507136"
"23400","Ghanapuram (Z)","995","507136"
"23401","Ghattuveerapuram (Z)","995","507136"
"23402","Gummadidoddi(G) Chalka","995","507136"
"23403","Gummadidoddi(Z)","995","507136"
"23404","Ippagudem(G)","995","507136"
"23405","Janagalapalle (G)","995","507136"
"23406","Kacharam (G)","995","507136"
"23407","Kadekal (G)","995","507136"
"23408","Kadekal (Z)","995","507136"
"23409","Kongala (G)","995","507136"
"23410","Koppusuru","995","507136"
"23411","Korakal (Z)","995","507136"
"23412","Koyaveerapuram (G)","995","507136"
"23413","Krishnapuram (G)","995","507136"
"23414","Lakshmipuram","995","507136"
"23415","Lalpet (G)","995","507136"
"23416","Lingapeta (Z)","995","507136"
"23417","Morumuru (G)","995","507136"
"23418","Morumuru (Z)","995","507136"
"23419","Mulkanapalle (G)","995","507136"
"23420","Mutharam Chowk","995","507136"
"23421","Nagaram (G)","995","507136"
"23422","Padigapuram(Z)","995","507136"
"23423","Peddagangaram (Z)","995","507136"
"23424","Peddagollagudem (G)","995","507136"
"23425","Peddagollagudem (Z)","995","507136"
"23426","Penugolu (G)","995","507136"
"23427","Peruru (G)","995","507136"
"23428","Peruru (Z)","995","507136"
"23429","Pragallapalle (Z)","995","507136"
"23430","Pusur (Z)","995","507136"
"23431","Pusur Patch - I","995","507136"
"23432","Pusur Patch - II","995","507136"
"23433","Rampuram","995","507136"
"23434","Tekulagudem (Z)","995","507136"
"23435","Tekulagudem Chalk-Ii","995","507136"
"23436","Tekulagudem- Chalk- I","995","507136"
"23437","Wazeed(G)","995","507136"
"23438","Achampet (Ct)","996","509375"
"23439","Ainole","996","509375"
"23440","Akkavaram","996","509375"
"23441","Bolghatpalle","996","509375"
"23442","Bommenapalle","996","509375"
"23443","Brahmanapalle","996","509375"
"23444","Chandapur","996","509375"
"23445","Chennaram (Sabak)","996","509375"
"23446","Choutapalle","996","509401"
"23447","Ghanapur","996","509375"
"23448","Gumpampalle","996","509401"
"23449","Hajipur","996","509375"
"23450","Lakshmapur (P.N)","996","509375"
"23451","Lingotam","996","509375"
"23452","Mannavaripalle","996","509375"
"23453","Nadimpalle","996","509375"
"23454","Palukapalle","996","509375"
"23455","Puljala","996","509375"
"23456","Rangapur","996","509375"
"23457","Siddapur","996","509375"
"23458","Singavaram","996","509375"
"23459","Tangapur (Ct)","996","509375"
"23460","Amrabad","997","509201"
"23461","Gudur","997","509201"
"23462","Lakshmapur (B.K)","997","509201"
"23463","Macharam","997","509201"
"23464","Mannanur","997","509201"
"23465","Srisailam Project Lfc","997","509326"
"23466","Thirumalapur (B.K)","997","509201"
"23467","Turkapalle","997","509201"
"23468","Uppununthala (B.K)","997","509201"
"23469","Vatwarlapalle (Ct)","997","509326"
"23470","Venkateshwarlabavi","997","509201"
"23471","Ambagiri","998","509401"
"23472","Ananthavaram","998","509401"
"23473","Balmoor","998","509401"
"23474","Billakal","998","509401"
"23475","Bonala","998","509401"
"23476","Chennaram (P.G)","998","509376"
"23477","Ganeshpur","998",""
"23478","Gattuthumman","998","509375"
"23479","Godal","998","509401"
"23480","Jillellapalle","998","509401"
"23481","Jinkunta","998","509385"
"23482","Kondanagula","998","509401"
"23483","Kondareddipalle","998","509401"
"23484","Laxmipally","998","509401"
"23485","Mahadevpur","998","509375"
"23486","Mylaram","998","509401"
"23487","Narasaipalle","998","509401"
"23488","Polepalle","998","509385"
"23489","Polesettipalle","998","509376"
"23490","Ramagiri","998","509401"
"23491","Ramajipalle","998","509376"
"23492","Thummanpeta","998","509375"
"23493","Veeramrajupalle","998","509376"
"23494","Allipur","999","509203"
"23495","Anekhanpalle","999","509215"
"23496","Bijinapalle","999","509203"
"23497","Boyapur","999","509203"
"23498","Dharmapur","999","509203"
"23499","Gangaram","999","509203"
"23500","Gouraram","999","509203"
"23501","Gudlanarva","999","509215"
"23502","Karukonda","999","509215"
"23503","Khanapur","999","509215"
"23504","Latpalle","999","509203"
"23505","Lingasanipalle","999","509215"
"23506","Mahadevpeta","999","509203"
"23507","Mammaipalle","999","509203"
"23508","Manganur","999","509203"
"23509","Mummaipally","999","509215"
"23510","Palem","999","509215"
"23511","Polepalle","999","509203"
"23512","Salkarpet","999","509235"
"23513","Shainpalle","999","509203"
"23514","Vaddemanu","999","509215"
"23515","Vasanthapur","999","509215"
"23516","Vattem","999","509203"
"23517","Velgonda","999","509203"
"23518","Venkatapur","999","509215"
"23519","Charakonda","1000","509324"
"23520","Gokaram","1000","509324"
"23521","Jupalle","1000","509324"
"23522","Kamalapur","1000","509324"
"23523","Seriappareddipalle","1000","509360"
"23524","Sirsangandla","1000","509324"
"23525","Thimmaipalle","1000","509324"
"23526","Bekkara","1001","509320"
"23527","Gundur","1001","509324"
"23528","Jeedipalle","1001","509320"
"23529","Jillella","1001","509320"
"23530","Kalwakurthy (Ct)","1001","509324"
"23531","Kurmidda","1001","509320"
"23532","Lingasanipalle","1001","509324"
"23533","Marchal","1001","509320"
"23534","Mukural","1001","509324"
"23535","Panjugul","1001","509324"
"23536","Raghupathipeta","1001","509324"
"23537","Suddakal","1001","509320"
"23538","Tandra","1001","509324"
"23539","Tharnikal","1001","509320"
"23540","Thotapalle","1001","509320"
"23541","Velkatta","1001","509320"
"23542","Velkatta","1001","509320"
"23543","Venkatapoor (Patti Maligara)","1001","509320"
"23544","Vepur","1001","509320"
"23545","Yellikal","1001","509324"
"23546","Badigadinne","1002","509102"
"23547","Bawaipalle","1002","509102"
"23548","Janumpalle","1002","509102"
"23549","Khanapur","1002","509102"
"23550","Kodair","1002","509102"
"23551","Kondraopallle","1002","509102"
"23552","Mailaram","1002","509102"
"23553","Nagulapalle","1002","509206"
"23554","Narsaipalle","1002","509102"
"23555","Paspula","1002","509412"
"23556","Rajapuram","1002","509206"
"23557","Teegalapalle","1002","509102"
"23558","Yetham","1002","509102"
"23559","Amaragiri","1003","509102"
"23560","Amaragiri","1003","509102"
"23561","Ankiraopalle","1003","509102"
"23562","Asadpur","1003","509105"
"23563","Asadpur","1003","509105"
"23564","Bollaram","1003","509105"
"23565","Bollaram","1003","509105"
"23566","Chennampalle","1003","509201"
"23567","Chintalapalle","1003","509105"
"23568","Choutabetla","1003","509102"
"23569","Chukkaipalle","1003","509102"
"23570","Enmanabetla","1003","509102"
"23571","Jawaipalle","1003","509105"
"23572","Kollapur","1003","509102"
"23573","Kudikilla","1003","509102"
"23574","Machinenipalle","1003","509102"
"23575","Malabaswapur","1003","509105"
"23576","Malachintapalle","1003","509102"
"23577","Mukkidigundam","1003","509102"
"23578","Narlapuram","1003","509102"
"23579","Narsimhapuram","1003","509105"
"23580","Narsingaraopalle","1003","509105"
"23581","Ramapur","1003","509105"
"23582","Singavatnam","1003","509102"
"23583","Singavatnam","1003","509102"
"23584","Somasila","1003","509105"
"23585","Wardyal","1003","509102"
"23586","Yellur","1003","509102"
"23587","Yellur","1003","509102"
"23588","Anbatpalle","1004","509401"
"23589","Appaipally","1004","509401"
"23590","Ausalikunta","1004","509401"
"23591","Bakaram","1004","509401"
"23592","Chandapuram","1004","509401"
"23593","Chennampally","1004","509401"
"23594","Datharam","1004","509401"
"23595","Dhararam","1004","509401"
"23596","Jeelugupalle","1004","509401"
"23597","Komatikunta","1004","509401"
"23598","Kothakuntapalle","1004","509401"
"23599","Lingal","1004","509401"
"23600","Madapur","1004","509401"
"23601","Manajipet","1004","509401"
"23602","Maqdumpur","1004","509401"
"23603","Rampur","1004","509401"
"23604","Rangayapalle","1004","509401"
"23605","Rayavaram","1004","509401"
"23606","Sainpeta","1004","509401"
"23607","Surapur","1004","509401"
"23608","Vallabhapur","1004","509401"
"23609","Auraspalle","1005","509209"
"23610","Bheemaram","1005","509209"
"23611","Bondalapalle","1005","509235"
"23612","Chandayapalle","1005","509385"
"23613","Chandubatla","1005","509209"
"23614","Deshitkyal","1005","509209"
"23615","Gaggalpalle","1005","509385"
"23616","Ganyagula","1005","509412"
"23617","Gudipalle","1005","509235"
"23618","Kummera","1005","509215"
"23619","Laxmapuram","1005","509385"
"23620","Malkapur","1005","509385"
"23621","Manthati","1005","509385"
"23622","Naganul","1005","509209"
"23623","Nagarkurnool (Ct)","1005","509209"
"23624","Nallavelli","1005","509209"
"23625","Narsaipalle","1005","509209"
"23626","Peddamudnur","1005","509412"
"23627","Peddapuram","1005","509235"
"23628","Puljal","1005","509385"
"23629","Sripuram","1005","509235"
"23630","Thoodukurthy","1005","509235"
"23631","Uyyalawada","1005","509209"
"23632","Vallabhanpalle","1005","509235"
"23633","Vanapatla","1005","509209"
"23634","Venkatapur","1005","509385"
"23635","Yendabetla","1005","509209"
"23636","Gangupenta","1006","509201"
"23637","Ippalapalle","1006","509201"
"23638","Maddimadugu","1006","509201"
"23639","Maredugu","1006","509201"
"23640","Padra","1006","509201"
"23641","Udimilla","1006","509201"
"23642","Vankeshwaram","1006","509201"
"23643","Adirala","1007","509412"
"23644","Bacharam","1007","509412"
"23645","Bhavanampalle","1007","509401"
"23646","Chandrakal","1007","509412"
"23647","Chennapuraopalle","1007","509102"
"23648","Chinna Kothapally","1007","509401"
"23649","Chinnakarpamula","1007","509412"
"23650","Dedinenipalle","1007","509401"
"23651","Devalthirumalpur","1007","509412"
"23652","Gantraopalle","1007","509412"
"23653","Gorremadugu","1007","509401"
"23654","Jonnalaboguda","1007","509412"
"23655","Kalwakole","1007","509102"
"23656","Kothapeta","1007","509412"
"23657","Mahasamudram","1007","509412"
"23658","Maredumandinne","1007","509401"
"23659","Marrikal","1007","509412"
"23660","Mustipalle","1007","509412"
"23661","Narayanpalle","1007","509412"
"23662","Peddakarpamula","1007","509412"
"23663","Peddakothapalle","1007","509412"
"23664","Pochapur","1007","509412"
"23665","Sathapur","1007","509412"
"23666","Thirumalampalle","1007","509102"
"23667","Vedukaraopalle","1007","509401"
"23668","Vennacherla","1007","509235"
"23669","Yapatla","1007","509401"
"23670","Gopalapuram","1008","509105"
"23671","Jataprole","1008","509105"
"23672","Konduru","1008","509105"
"23673","Malleswaram","1008","509105"
"23674","Manchalakatta","1008","509105"
"23675","Pentlavelli","1008","509105"
"23676","Singavaram","1008","509105"
"23677","Vemkal","1008","509105"
"23678","Aithole","1009","509209"
"23679","Akunellikuduru","1009","509209"
"23680","Allapur","1009","509209"
"23681","Antharam","1009","509209"
"23682","Bhallanpalle","1009","509215"
"23683","Cherlaitikyala","1009","509209"
"23684","Govindayapalle","1009","509209"
"23685","Gunthakoduru","1009","509209"
"23686","Indrakal","1009","509209"
"23687","Medipur","1009","509209"
"23688","Nagadevupalle","1009","509209"
"23689","Papagal","1009","509209"
"23690","Parvathayapalle","1009","509215"
"23691","Polmur","1009","509209"
"23692","Sirsawada","1009","509209"
"23693","Tadoor","1009","509209"
"23694","Thirumalapur","1009","509209"
"23695","Thummalasugur","1009","509215"
"23696","Yadireddipalle","1009","509209"
"23697","Yatdharpalle","1009","509209"
"23698","Yatmatapur","1009","509209"
"23699","Yengampalle","1009","509209"
"23700","Alair","1010","509412"
"23701","Ananthasagar","1010","509385"
"23702","Bandapalle","1010","509385"
"23703","Boppepalle","1010","509412"
"23704","Chinnamudnur","1010","509385"
"23705","Daspally","1010","509385"
"23706","Gaddampalle","1010","509385"
"23707","Gattunellikuduru","1010","509385"
"23708","Golagundam","1010","509385"
"23709","Gouraram","1010","509385"
"23710","Goureddypally","1010","509385"
"23711","Gouthampalle","1010","509385"
"23712","Karvanga","1010","509385"
"23713","Lakhnaram","1010","509385"
"23714","Nadigadda","1010","509385"
"23715","Parvathapuram","1010","509385"
"23716","Peddapalle","1010","509385"
"23717","Pedduru","1010","509385"
"23718","Raipakula","1010","509385"
"23719","Rakonda","1010","509385"
"23720","Telkapalle","1010","509385"
"23721","Thallapally","1010","509385"
"23722","Vattipalle","1010","509412"
"23723","Zamistapur","1010","509385"
"23724","Allampalle","1011","509302"
"23725","Ammapally","1011","509406"
"23726","Appajipalle","1011","509406"
"23727","Avancha","1011","509302"
"23728","Bajipuram","1011","509302"
"23729","Bhavajipalle","1011","509406"
"23730","Budhasamudram","1011","509302"
"23731","Chegunta","1011","509406"
"23732","Gorita","1011","509406"
"23733","Gummakonda","1011","509406"
"23734","Ippalapalle","1011","509406"
"23735","Koduparthy","1011","509406"
"23736","Marepalle","1011","509406"
"23737","Marikal","1011","509406"
"23738","Nerellapalle","1011","509302"
"23739","Pothireddipalle","1011","509215"
"23740","Pullagiri","1011","509406"
"23741","Ralacheruvu Thanda","1011","509406"
"23742","Thimmajipet","1011","509406"
"23743","Thirumalagiri","1011","509302"
"23744","Vedirepalle","1011","509406"
"23745","Yadireddipally","1011","509406"
"23746","Ayyavaripalle","1012","509376"
"23747","Dasarlapalle","1012","509385"
"23748","Guvvalonipally(H)","1012","509376"
"23749","Kamsanipalle","1012","509376"
"23750","Koratikal","1012","509376"
"23751","Lathifpur","1012","509376"
"23752","Laxmapur (Pattigodal)","1012","509376"
"23753","Mamillapalle","1012","509385"
"23754","Marripalle","1012","509385"
"23755","Molgara","1012","509349"
"23756","Peddaour","1012","509385"
"23757","Penmilla","1012","509376"
"23758","Peratwanipalle","1012","509376"
"23759","Raichedu","1012","509375"
"23760","Rajanagar","1012","509385"
"23761","Sadgode","1012","509376"
"23762","Tadoor","1012","509376"
"23763","Thippapur","1012","509376"
"23764","Thirumalapur (Pattigodal)","1012","509376"
"23765","Upparapalle","1012","509376"
"23766","Uppununthala","1012","509376"
"23767","Veltur","1012","509376"
"23768","Vighneswarpur","1012","509376"
"23769","Zapthisadgode","1012","509376"
"23770","Bommarasipalle","1013","509360"
"23771","Gudiganpalle","1013","509357"
"23772","Ippaipahad","1013","509320"
"23773","Jagboinpalle","1013","509320"
"23774","Jakanalapalle","1013","509320"
"23775","Madharam","1013","509320"
"23776","Mucherlapally","1013","509320"
"23777","Narsampalle","1013","509320"
"23778","Rachalapalle","1013","509320"
"23779","Ramreddipalle","1013","509320"
"23780","Revally","1013","509320"
"23781","Urkonda","1013","509320"
"23782","Urkondapeta","1013","509320"
"23783","Annaram","1014","509324"
"23784","Chouderpally","1014","509349"
"23785","Dindichinthalapalle","1014","509349"
"23786","Gajra","1014","509349"
"23787","Jogala","1014","509324"
"23788","Konapur","1014","509349"
"23789","Kondareddipalle","1014","509324"
"23790","Kondareddypally","1014","509324"
"23791","Konetipur","1014","509349"
"23792","Mittasagude","1014","509349"
"23793","Nizamabad","1014","509349"
"23794","Polkampalle","1014","509349"
"23795","Pothareddipalle","1014","509324"
"23796","Rangapur","1014","509349"
"23797","Sarvareddipalle","1014","509349"
"23798","Thippareddipalle","1014","509349"
"23799","Thirumalgiri","1014","509349"
"23800","Thummalapally","1014","509349"
"23801","Thurkalpally","1014","509324"
"23802","Ulpara","1014","509349"
"23803","Ummapur","1014","509349"
"23804","Uppalapahad","1014","509349"
"23805","Vangoor","1014","509349"
"23806","Venkatapur (Patti Godal)","1014","509349"
"23807","Ajilapur","1015","509360"
"23808","Bhairpur","1015","509360"
"23809","Bollampalle","1015","509360"
"23810","Chandrainpally","1015","509360"
"23811","Chedurvalli","1015","509360"
"23812","Cherkur","1015","509360"
"23813","Chowderpally","1015","509360"
"23814","Gundal","1015","509360"
"23815","Karrevanipalle","1015","509360"
"23816","Koneduvada","1015","509360"
"23817","Kotra","1015","509360"
"23818","Kuppagandla","1015","509360"
"23819","Lingareddipalle","1015","509360"
"23820","Peddapur","1015","509360"
"23821","Pothepalle","1015","509360"
"23822","Rachur","1015","509320"
"23823","Veldanda","1015","509360"
"23824","Yerravalli","1015","509360"
"23825","Adividevulapally","1016","508208"
"23826","Balnepally","1016","508208"
"23827","Chityala","1016","508208"
"23828","Molkacherla","1016","508208"
"23829","Mudimanikyam","1016","508208"
"23830","Ulshayapalem","1016","508208"
"23831","Ambatpally","1017","508278"
"23832","Annaram","1017","508266"
"23833","Anumula","1017","508377"
"23834","Boyagudem","1017","508377"
"23835","Chelmareddygudem","1017","508278"
"23836","Garikeneti Thanda","1017","508377"
"23837","Hazariguda","1017","508278"
"23838","Ibrahim Peta","1017","508278"
"23839","Korvanigudem","1017","508377"
"23840","Kosalamarri","1017","508266"
"23841","Kothapally","1017","508377"
"23842","Kummarikunta Kalva","1017","508201"
"23843","Kupaspally","1017","508377"
"23844","Marepally","1017","508266"
"23845","Mukkamala","1017","508266"
"23846","Naidupalem","1017","508278"
"23847","Narayana Poor","1017","508278"
"23848","Palem","1017","508377"
"23849","Peruru","1017","508377"
"23850","Pulimamidi","1017","508266"
"23851","Ramadugu","1017","508278"
"23852","Rangundla","1017","508377"
"23853","Sreerampalle","1017","508377"
"23854","Srinadhapuru","1017","508278"
"23855","Thimmapuru","1017","508266"
"23856","Venkatadri Palem","1017","508377"
"23857","Yacharam","1017","508377"
"23858","Achampet (P) Chandampet","1018","508258"
"23859","Bollaram P (Munagal)","1018","508248"
"23860","Chandampet","1018","508258"
"23861","Chinamunagal","1018","508248"
"23862","Chitriyala","1018","508248"
"23863","Gagillapur","1018","508248"
"23864","Gunti Pally","1018","508248"
"23865","Kambhalapally","1018","508248"
"23866","Mududandla","1018","508258"
"23867","Murpunuthala","1018","508248"
"23868","Murupunuthala Rc","1018",""
"23869","Peddamula","1018","508248"
"23870","Pogilla","1018","508248"
"23871","Polepally - Gannerpalli","1018","508248"
"23872","Rekula Valyam","1018","508248"
"23873","Rekulagadda","1018","508248"
"23874","Teldevarapally","1018","508248"
"23875","Teldevarapally Rc","1018",""
"23876","Yalmalamanda","1018","508248"
"23877","Angadipeta","1019","508255"
"23878","Bangarigadda","1019","508255"
"23879","Bodangparthy","1019","508256"
"23880","Chamala Pally","1019","508256"
"23881","Chandur (Ct)","1019","508255"
"23882","Donipamula","1019","508255"
"23883","Gundrepally","1019","508255"
"23884","Idikuda","1019","508255"
"23885","Kastala","1019","508255"
"23886","Kondapuram","1019","508244"
"23887","Kummandaniguda","1019","508253"
"23888","Nermata","1019","508255"
"23889","Pullemla","1019","508255"
"23890","Shirdepally","1019","508255"
"23891","Thummalapally","1019","508255"
"23892","Udtalapally","1019","508255"
"23893","Anajipur","1020","508248"
"23894","Chakalisheripally","1020","508250"
"23895","Chinthapally","1020","508250"
"23896","Gadiyagouraram","1020","508250"
"23897","Godakandla","1020","508245"
"23898","Gollapally","1020","508250"
"23899","Homanthalapally","1020","508248"
"23900","Kistrainaplly","1020","508250"
"23901","Kokkirala Gouraram","1020","508373"
"23902","Kurma Palle","1020","508250"
"23903","Kurmedu","1020","508250"
"23904","Madhanapuru","1020","508250"
"23905","Mallareddypally","1020","508248"
"23906","Modugulamallepally","1020","508250"
"23907","Nasarla Pally","1020","508250"
"23908","Nelvalapally","1020","508373"
"23909","P.K. Mallepally","1020","508250"
"23910","Polepally Ramnagar","1020","508245"
"23911","Sakalsere Palle","1020","508250"
"23912","Takkalapally","1020","508250"
"23913","Teeded","1020","508373"
"23914","Thakkalapally","1020","508250"
"23915","Thirumalapuram","1020","508250"
"23916","Ummapuram","1020","508250"
"23917","Upparapally","1020","508250"
"23918","Varkal","1020","508250"
"23919","Vinjamoor","1020","508250"
"23920","Aepoor","1021","508114"
"23921","Chinakaparthy","1021","508114"
"23922","Chityal","1021","508114"
"23923","Elikatte","1021","508114"
"23924","Gundrampally","1021","508114"
"23925","Nerada","1021","508114"
"23926","Parepally","1021","508114"
"23927","Peddakaparthy","1021","508114"
"23928","Pittampally","1021","508114"
"23929","Shivaneni Gudem","1021","508114"
"23930","Sunkenepally","1021","508254"
"23931","Tallavellamla","1021","508244"
"23932","Urumadla","1021","508114"
"23933","Vanipakala","1021","508114"
"23934","Veliminedu","1021","508114"
"23935","Wattimarthy","1021","508254"
"23936","Balaji Nagarthanda","1022","508355"
"23937","Bothalapalem","1022","508355"
"23938","Champlathanda","1022","508208"
"23939","Dhamarcherla","1022","508355"
"23940","Dilvarpuram","1022","508355"
"23941","Ganeshpahad Thanda","1022","508355"
"23942","Irkigudem","1022","508355"
"23943","Kallepalli","1022","508355"
"23944","Keshavapuram","1022","508208"
"23945","Kjr Colony","1022","508355"
"23946","Kondrapole","1022","508355"
"23947","Kothapalli","1022","508355"
"23948","Nadigadda","1022","508208"
"23949","Narsapur","1022","508355"
"23950","Thallaveerappaguda","1022","508355"
"23951","Thimmapur","1022","508208"
"23952","Veerla Palem","1022","508208"
"23953","Wadapalli","1022","508355"
"23954","Watchya Thanda","1022","508355"
"23955","Devarakonda (Ct)","1023","508248"
"23956","Gottimukkala","1023","508248"
"23957","Iddampally","1023","508248"
"23958","Kacharam","1023","508248"
"23959","Komme Palle","1023","508248"
"23960","Kondabheemana Palle","1023","508248"
"23961","Madmadka","1023","508248"
"23962","Mudigonda","1023","508248"
"23963","Mynam Palle","1023","508248"
"23964","Padamati Palle","1023","508248"
"23965","Penchikalpahad","1023","508243"
"23966","Sere Palle","1023","508248"
"23967","Shakavally","1023","508248"
"23968","Tatikole","1023","508248"
"23969","Telugupally","1023","508248"
"23970","Turupu Palle","1023","508248"
"23971","Anthampet","1024","508245"
"23972","Gattuppal","1024","508253"
"23973","Namapur","1024","508245"
"23974","Somrajguda","1024","508245"
"23975","Theretpally","1024","508253"
"23976","Velmakanne","1024","508253"
"23977","Bheemana Palle","1025","508257"
"23978","Chilka Marry","1025","508257"
"23979","Ghanpalle","1025","508257"
"23980","Ghanpur","1025","508257"
"23981","Ghatnemilipur","1025","508257"
"23982","Gudipalle","1025","508257"
"23983","Keshamneni Palle","1025","508257"
"23984","Madhapur","1025","508257"
"23985","Polkampalle","1025","508257"
"23986","Rollakal","1025","508257"
"23987","Surepalle","1025","508257"
"23988","Bogguladona","1026","508258"
"23989","Bollana Palle","1026","508258"
"23990","Brahmana Palle","1026","508258"
"23991","Burhanpur","1026","508258"
"23992","Cherkupalle","1026","508258"
"23993","Dasarinemalipur","1026","508258"
"23994","Gonaboina Palle","1026","508258"
"23995","Gonakole","1026","508258"
"23996","Gundla Palle","1026","508258"
"23997","Gundlatipparthi Varipalle","1026","508258"
"23998","Kamadenigowararam","1026","508258"
"23999","Kame Palle","1026","508258"
"24000","Kandukur","1026","508258"
"24001","Khanapur","1026","508258"
"24002","Kutubshapur","1026","508258"
"24003","Rahmatpur","1026","508258"
"24004","Singaraj Palle","1026","508258"
"24005","T.Gowararam","1026","508258"
"24006","Towklapur","1026","508258"
"24007","Vavilkole","1026","508258"
"24008","Veeraboina Palle","1026","508258"
"24009","Yerraram","1026","508258"
"24010","Amlur","1027","508256"
"24011","Bollaram (P) Koppole","1027","508256"
"24012","Chamled","1027","508256"
"24013","Chepur","1027","508256"
"24014","Chinthagudam","1027","508256"
"24015","Gurram Pode","1027","508256"
"24016","Junuthla","1027","508256"
"24017","Kacharam (P) Koppole","1027","508256"
"24018","Kalwapalle","1027","508257"
"24019","Kondapur","1027","508256"
"24020","Koppol-1","1027",""
"24021","Koppole","1027","508256"
"24022","Kothlapur","1027","508257"
"24023","Mailapur","1027","508256"
"24024","Makka Palle","1027","508256"
"24025","Mosangi","1027","508257"
"24026","Mulkala Palle","1027","508256"
"24027","Nadikuda","1027","508256"
"24028","Ootlapalle","1027","508256"
"24029","Palle Pahad","1027","508256"
"24030","Palwai","1027","508257"
"24031","Parla Palle","1027","508257"
"24032","Pochampalle","1027","508256"
"24033","Shagazipur","1027","508257"
"24034","Sulthanpur","1027","508257"
"24035","Tenepalle","1027","508256"
"24036","Thanedar Palle","1027","508256"
"24037","Vattikode","1027","508255"
"24038","Bachannagudem","1028","508255"
"24039","Boinapalle","1028","508255"
"24040","Bommepalle","1028","508255"
"24041","Budemerla Palle","1028","508255"
"24042","Charla Gouraram","1028","508004"
"24043","Chetla Chennaram","1028","508247"
"24044","Chetla Chennaram","1028","508247"
"24045","Chinna Madharam","1028","508247"
"24046","Derveshpur @ Dharvespur","1028","508004"
"24047","Dorepalle","1028","508004"
"24048","G Yadavally","1028","508255"
"24049","Gaddamvari Yadavally","1028","508255"
"24050","Hydlapur","1028","508266"
"24051","Iruganti Palle","1028","508247"
"24052","Jangamai Guda","1028","508247"
"24053","Kangal","1028","508255"
"24054","Kurampally","1028","508255"
"24055","Lachugudem","1028","508255"
"24056","M.Gowraram","1028","508266"
"24057","Mangena Palle","1028","508247"
"24058","Mylaram","1028","508247"
"24059","Narsimhapur","1028","508247"
"24060","Pagidi Marri","1028","508004"
"24061","Parvathagiri","1028","508004"
"24062","Ponugode","1028","508255"
"24063","Ramchendrapur","1028","508255"
"24064","Regatla","1028","508255"
"24065","Serilingotam","1028","508247"
"24066","Shahabdulla Pur","1028","508255"
"24067","Telukantigudem","1028","508004"
"24068","Turka Palle","1028","508266"
"24069","Aiti Pamula","1029","508205"
"24070","Bollepalle","1029","508205"
"24071","Cheruvannaram","1029","508205"
"24072","Dugnevally","1029","508205"
"24073","Eduluru","1029","508205"
"24074","Garlabaigudem","1029","508205"
"24075","Ismail Palle","1029","508205"
"24076","Kalmera","1029","508205"
"24077","Kattangoor","1029","508205"
"24078","Kurumathy","1029","508205"
"24079","Mallaram","1029","508205"
"24080","Munukuntla","1029","508205"
"24081","Muthyalammagudem","1029","508205"
"24082","Naregudem","1029","508205"
"24083","Pamanagundla","1029","508205"
"24084","Pandena Palle","1029","508205"
"24085","Parada","1029","508205"
"24086","Pittam Palle","1029","508002"
"24087","Ramachandrapuram","1029","508205"
"24088","Thimmapur","1029","508205"
"24089","Yersaniguda","1029","508205"
"24090","Bheemavaram","1030","508374"
"24091","Bojjagudem Thanda","1030","508210"
"24092","Bonda Palem","1030","508211"
"24093","Bopparam","1030","508211"
"24094","Cheruku Palle","1030","508211"
"24095","Gudiwada","1030","508211"
"24096","Inpamula","1030","508211"
"24097","Ippala Gudem","1030","508211"
"24098","Kasangode","1030","508211"
"24099","Kethepalle","1030","508211"
"24100","Kondakindigudem","1030","508211"
"24101","Koppole","1030","508376"
"24102","Korla Pahad","1030","508211"
"24103","Kothapet","1030","508211"
"24104","Thungathurthy","1030","508211"
"24105","Uppala Pahad","1030","508376"
"24106","Atchampet","1031","508248"
"24107","Channamneni Palle","1031","508248"
"24108","Chennaram","1031","508248"
"24109","Chinna Adiserla Palle","1031","508243"
"24110","Chinthakuntla","1031","508243"
"24111","Doniyala","1031","508243"
"24112","Fakeerpoor","1031","508243"
"24113","Gazinagar","1031","508243"
"24114","Gummadavally","1031","508257"
"24115","Kolmunthal Pahad","1031","508243"
"24116","Kondamallapalle (Ct)","1031","508243"
"24117","Pendli Pakala","1031","508243"
"24118","Vardhamaniguda","1031","508248"
"24119","Yepoor","1031","508248"
"24120","Abhanga Puram","1032","508217"
"24121","Agamothkur","1032","508234"
"24122","Bheeman Palle","1032","508234"
"24123","Bommakal","1032","508234"
"24124","Cheruvu Palle","1032","508234"
"24125","Chirumarthy","1032","508234"
"24126","Dacharam","1032","508234"
"24127","Gajalapur","1032","508217"
"24128","Godavarigudem","1032","508247"
"24129","Gopalpur","1032","508374"
"24130","Indugula","1032","508234"
"24131","Kalvalapalem","1032","508217"
"24132","Kannekal","1032","508234"
"24133","Kesavapuram","1032","508234"
"24134","Koyalpahad","1032","508234"
"24135","Kukkadam","1032","508217"
"24136","Madugula Palle","1032","508234"
"24137","Narasimhula Gudem","1032","508278"
"24138","Pamulapahad","1032","508234"
"24139","Poosal Pahad","1032","508217"
"24140","Thopucherla","1032","508217"
"24141","Bhatla Palle","1033","508245"
"24142","Damera Bheeman Palle","1033","508245"
"24143","Indurthi","1033","508245"
"24144","Khudabaksh Palle","1033","508245"
"24145","Konda Bheemana Pally","1033","508245"
"24146","Kondur","1033","508245"
"24147","Kondur","1033","508245"
"24148","Lankalapalle","1033","508245"
"24149","Lenkalapally","1033","508245"
"24150","Marriguda","1033","508245"
"24151","Mcpoor","1033","508245"
"24152","Metichandapur","1033","508245"
"24153","Namapoor","1033","508245"
"24154","Ramreddypally","1033","508245"
"24155","Sarampet","1033","508245"
"24156","Sarampeta","1033","508245"
"24157","Tammad Palle","1033","508245"
"24158","Tirgandla Palle","1033","508245"
"24159","Vatti Palle","1033","508245"
"24160","Venkepalle","1033","508245"
"24161","Yergandlapalle","1033","508245"
"24162","Ailapuram","1034","508208"
"24163","Alagadapa","1034","508208"
"24164","Annaram","1034","508208"
"24165","Badalapuram","1034","508208"
"24166","Chillapuram","1034","508208"
"24167","Chintha Palle","1034","508208"
"24168","Dondavari Gudem","1034","508217"
"24169","Goguvanigudem","1034","508217"
"24170","Gudur","1034","508208"
"24171","Hydla Puram","1034","508208"
"24172","Kalva Palle","1034","508208"
"24173","Kista Puram","1034","508208"
"24174","Kothaguda","1034","508208"
"24175","Miryalaguda (Municipality)","1034","508207"
"24176","Mulkalkalva","1034","508208"
"24177","Nandi Pahad (Part)","1034","508208"
"24178","Narsimhulaguda","1034","508208"
"24179","Rayanpalem","1034","508208"
"24180","Rudraram","1034","508208"
"24181","Tadkamalla","1034","508217"
"24182","Takkellapahad","1034","508208"
"24183","Thunga Pahad","1034","508208"
"24184","Venkatadri Palem","1034","508208"
"24185","Vootla Palle","1034","508208"
"24186","Yadgarpalle","1034","508208"
"24187","Zaptiveerappaguda","1034","508208"
"24188","Chalmeda","1035","508253"
"24189","Cheekati Mamidi","1035","508244"
"24190","Cholledu","1035","508255"
"24191","Gudapur","1035","508244"
"24192","Ipparthy","1035","508114"
"24193","Jamasthanpalle","1035","508244"
"24194","Kalavalapalle","1035","508244"
"24195","Kalwakuntla","1035","508244"
"24196","Kaslapuram","1035","508244"
"24197","Kistapuram","1035","508114"
"24198","Kompalle","1035","508244"
"24199","Koratikal","1035","508244"
"24200","Kothularam","1035","508253"
"24201","Marrigudem","1035","508244"
"24202","Munugode","1035","508244"
"24203","Palivela","1035","508244"
"24204","Pulipalpula","1035","508244"
"24205","Rathi Palle","1035","508244"
"24206","Singaram","1035","508244"
"24207","Solipuram","1035","508244"
"24208","Vookondi","1035","508244"
"24209","Adavi Bollaram","1036","508211"
"24210","Chandam Palle","1036","508211"
"24211","Chandupatla","1036","508211"
"24212","Gorenkal Palle","1036","508211"
"24213","Kadaparthy","1036","508210"
"24214","Mandalapur","1036","508247"
"24215","Mangali Palle","1036","508211"
"24216","Marrur","1036","508211"
"24217","Nakrekal (Ct)","1036","508211"
"24218","Nellibanda","1036","508210"
"24219","Nomula","1036","508211"
"24220","Ogode","1036","508211"
"24221","Palem","1036","508211"
"24222","Tatikal","1036","508211"
"24223","Tettekunta","1036","508211"
"24224","Vallabhapur","1036","508211"
"24225","Ammaguda","1037","508255"
"24226","Anantharam","1037","508004"
"24227","Annareddy Guda","1037","508247"
"24228","Anneparthy","1037","508254"
"24229","Appaji Peta","1037","508002"
"24230","Arjalabai","1037","508002"
"24231","Arjalabavi (Og)","1037","508002"
"24232","Buddaram","1037","508002"
"24233","Budharam","1037","508002"
"24234","Chandan Palle","1037","508211"
"24235","Chandanapally","1037","508205"
"24236","Chennaram","1037","508004"
"24237","Cherlapalle","1037","508002"
"24238","Cherlapally","1037","508002"
"24239","Dandampalle","1037","508002"
"24240","Donakal","1037","508002"
"24241","G.K.Annaram","1037","508247"
"24242","Gandhamvarigudem","1037","508004"
"24243","Gandhamvarigudem (Og)","1037","508004"
"24244","Gollaguda (R) (Og)","1037","508001"
"24245","Gundlapalle","1037","508002"
"24246","Gundlapally","1037","508002"
"24247","K.Kondaram","1037","508002"
"24248","K.Kondaram","1037","508002"
"24249","Kanchanpalle","1037","508002"
"24250","Kanchanpally","1037","508002"
"24251","Khajiramaram","1037","508002"
"24252","Khudavanpur","1037","508004"
"24253","Kotha Palle","1037","508004"
"24254","M.Domalapalle","1037","508244"
"24255","M.Domalapally","1037","508244"
"24256","Mamillagudem","1037","508004"
"24257","Mammilagudem","1037","508004"
"24258","Marriguda","1037","508002"
"24259","Marriguda (Og)","1037","508002"
"24260","Medla Duppala Palle","1037","508004"
"24261","Melladuppalapally","1037","508004"
"24262","Musham Palle","1037","508247"
"24263","Mushampally","1037","508247"
"24264","Nalgonda","1037","508001"
"24265","Nalgonda (R) (Og)","1037","508001"
"24266","Nalonda (Municipality)","1037","508001"
"24267","Narsing Batla","1037","508244"
"24268","Narsinghbatla","1037","508244"
"24269","P.Domalapalle","1037","508244"
"24270","Panagallu (R) (Og)","1037","508002"
"24271","Rasoolpur","1037","508247"
"24272","Sheshammagudem","1037","508002"
"24273","Suraram","1037","508247"
"24274","Thoragal","1037","508247"
"24275","Velugu Palle","1037","508247"
"24276","Velugupally","1037","508247"
"24277","Bandathimmapur","1038","508243"
"24278","Brahmana Gouraram","1038","508245"
"24279","Chittam Pahad","1038","508373"
"24280","Damera","1038","508245"
"24281","Deveth Palle","1038","508243"
"24282","Fakirpur","1038","508373"
"24283","Ganugu Palle","1038","508256"
"24284","Ghatlamallapalle","1038","508373"
"24285","Hydelapur","1038","508243"
"24286","Kethpalle (P) Pasnoor","1038","508373"
"24287","Kundellatirumalagiri","1038","508373"
"24288","Mallaparajpalle","1038","508373"
"24289","Medlavai","1038","508373"
"24290","Mohamadapur","1038","508373"
"24291","Musti Palle","1038","508243"
"24292","Nampalle","1038","508373"
"24293","Nerallapalle","1038","508245"
"24294","Pagidi Palle","1038","508243"
"24295","Pasnoor","1038","508373"
"24296","Peddapur","1038","508373"
"24297","Peddapur","1038","508373"
"24298","Ramdas Thanda","1038","508373"
"24299","Rebelli","1038","508257"
"24300","Sharabhapur","1038","508243"
"24301","Sunkishala","1038","508243"
"24302","Swamulavari Lingotam","1038","508373"
"24303","Thummala Palle","1038","508373"
"24304","Tirumalagiri","1038","508373"
"24305","Tummalapally","1038","508373"
"24306","Tungapathi Gouraram","1038","508373"
"24307","Vadde Palle","1038","508373"
"24308","Vaddepally","1038","508373"
"24309","Akkene Palle","1039","508254"
"24310","Akkenepalle Vari Lingotam","1039","508254"
"24311","Ammanabole","1039","508254"
"24312","Auravani","1039","508002"
"24313","Bandalpahad","1039","508254"
"24314","Brahmanvellemla","1039","508114"
"24315","Ch.Narayanpur","1039","508254"
"24316","Cherughat","1039","508254"
"24317","China Thummalaguda","1039","508254"
"24318","Chippala Palle","1039","508254"
"24319","Choudampalle","1039","508114"
"24320","Madhayedavally","1039","508254"
"24321","Mandra","1039","508114"
"24322","Nakkala Palle","1039","508254"
"24323","Narketpalle","1039","508254"
"24324","Nemmani","1039","508254"
"24325","Pallepahad","1039","508254"
"24326","Pothineni Palle","1039","508254"
"24327","Sabbidiguda","1039","508254"
"24328","Sha Palle","1039","508205"
"24329","Thirumalagiri","1039","508114"
"24330","Thondalvai","1039","508254"
"24331","Yellareddy Guda","1039","508254"
"24332","Batchapur","1040","508248"
"24333","Dasarla Palle","1040","508248"
"24334","Kacharaj Palle","1040","508248"
"24335","Kethepalle","1040","508248"
"24336","Kotha Palle","1040","508248"
"24337","Neradugommu","1040","508248"
"24338","Peddamunigal","1040","508248"
"24339","Perval","1040","508248"
"24340","Timmapuram","1040","508248"
"24341","Bankapur","1041","508278"
"24342","Bokkamanthula Pahad","1041","508278"
"24343","Gunti Palle","1041","508278"
"24344","Marpaka","1041","508278"
"24345","Mupparam","1041","508278"
"24346","Nandikondavarigudem","1041","508278"
"24347","Narrammagudem","1041","508278"
"24348","Nidamanur","1041","508278"
"24349","Rajannagudem","1041","508278"
"24350","Regulagadda","1041","508278"
"24351","Sakhapur","1041","508278"
"24352","Surepalle","1041","508278"
"24353","Tummadam","1041","508278"
"24354","Tummadam","1041","508278"
"24355","Vallabhapur","1041","508278"
"24356","Vempad","1041","508278"
"24357","Vempahad","1041","508278"
"24358","Vengannagudem","1041","508278"
"24359","Venigandla","1041","508278"
"24360","Vutkur","1041","508278"
"24361","Yerraballi","1041","508278"
"24362","Azmapur","1042","508243"
"24363","Dugyala","1042","508243"
"24364","Mallapuram","1042","508243"
"24365","Medaram","1042","508266"
"24366","Nambapuram","1042","508266"
"24367","Pavuraalagattu","1042",""
"24368","Pedda Adiserla Palle","1042","508243"
"24369","Peddagattu","1042",""
"24370","Peddagummadam","1042","508243"
"24371","Rampuram","1042","508243"
"24372","Tirumalagiri (Patti Dugyal)","1042","508243"
"24373","Vaddipatla","1042","508243"
"24374","Vankavalyampahad","1042","508266"
"24375","Yellapuram","1042","508266"
"24376","Chalakurthy","1043","508202"
"24377","Chintapalle","1043","508266"
"24378","Garnekunta","1043","508266"
"24379","Kothalur","1043","508266"
"24380","Lingampalle","1043","508266"
"24381","Nandikonda","1043","508202"
"24382","Parvedula","1043","508266"
"24383","Peddavoora","1043","508266"
"24384","Pinnavura","1043","508266"
"24385","Polepalle","1043","508266"
"24386","Pothnur","1043","508266"
"24387","Pulicherla","1043","508266"
"24388","Sangaram","1043","508266"
"24389","Sirasanagandla","1043","508266"
"24390","Sunkishala","1043","508377"
"24391","Tammadapalle","1043","508266"
"24392","Teppalamadugu","1043","508266"
"24393","Thungathurthy","1043","508266"
"24394","Velmaguda","1043","508266"
"24395","Vijayapuri North (Ct)","1043","508202"
"24396","Vutlapalle","1043","508266"
"24397","Adlur","1044","508210"
"24398","Akaram","1044","508210"
"24399","Ambaripet","1044","508210"
"24400","Baironi Banda","1044","508210"
"24401","Chittalur","1044","508210"
"24402","Gurijala","1044","508210"
"24403","Itukula Pahad","1044","508210"
"24404","Madaram Kalan","1044","508210"
"24405","Manimadde","1044","508210"
"24406","Nulagadda Kothapalle","1044","508210"
"24407","Patha Kondaram","1044","508210"
"24408","Perka Kondaram","1044","508210"
"24409","Ramanujapuram","1044","508210"
"24410","Sali Lingotam","1044","508210"
"24411","Saligouraram","1044","508210"
"24412","Thakkedla Pahad","1044","508210"
"24413","Tudimidi","1044","508210"
"24414","Uppalancha","1044","508210"
"24415","Utukur (Or) Utkoor","1044","508210"
"24416","Vaddi Pamula","1044","508210"
"24417","Vallala","1044","508210"
"24418","Vangamarthi","1044","508210"
"24419","A.Duppala Palle","1045","508247"
"24420","Chinnasuraram","1045","508211"
"24421","Gaddikondaram","1045","508247"
"24422","Ganganapalem","1045","508247"
"24423","Indira Nagar","1045","508002"
"24424","Indira Nagar","1045","508002"
"24425","Indloor","1045","508247"
"24426","Jangamreddi Gudem","1045","508247"
"24427","Kankanala Palle","1045","508247"
"24428","Kesharajupally","1045","508002"
"24429","Keshrajpalle","1045","508002"
"24430","Kothagudem","1045","508247"
"24431","Laxmi Puram","1045","508247"
"24432","Mamidala","1045","508247"
"24433","Pajjur","1045","508247"
"24434","Pathapally","1045","508002"
"24435","Pathapally","1045","508002"
"24436","Rajapet","1045","508247"
"24437","Rajupeta","1045","508247"
"24438","Reddy Colony","1045","508247"
"24439","Sarvaram","1045","508247"
"24440","Thanderpalle","1045","508002"
"24441","Thipparthi","1045","508247"
"24442","Yellamagudem","1045","508247"
"24443","Yerragantlagudem","1045","508247"
"24444","Alwala","1046","508377"
"24445","Chintalapalem","1046","508202"
"24446","Jammanakota","1046","508202"
"24447","Kompalle","1046","508377"
"24448","Konerpuram","1046","508377"
"24449","Nehatapur","1046","508278"
"24450","Nellikal","1046","508202"
"24451","Rajavaram","1046","508377"
"24452","Silgapur","1046","508377"
"24453","Srirampuram","1046","508377"
"24454","Thimmaipalem","1046","508202"
"24455","Thuniki Nuthula","1046","508377"
"24456","Tirumalagiri","1046","508377"
"24457","Yellapuram","1046","508377"
"24458","Abangapur","1047","508208"
"24459","Anjana Palle","1047","508208"
"24460","Annaram","1047","508208"
"24461","Appalammagudem","1047","508355"
"24462","Babasahebpet","1047","508208"
"24463","Bejjikal","1047","508208"
"24464","Borrai Palem","1047","508208"
"24465","Brundavanpur","1047","508278"
"24466","Chennaipalem","1047","508208"
"24467","Donka Thanda","1047","508208"
"24468","Dugge Palle","1047","508278"
"24469","Gajalapur","1047","508208"
"24470","Kamareddi Gudem","1047","508278"
"24471","Kampa Sagar","1047","508208"
"24472","Kampala Palle","1047","508278"
"24473","Konthala Palle","1047","508278"
"24474","Marriguda","1047","508208"
"24475","Matur","1047","508208"
"24476","Narlakantiguda","1047","508208"
"24477","Palugu Thanda","1047","508208"
"24478","Pedda Devula Palle","1047","508208"
"24479","Ragadapa","1047","508208"
"24480","Satyanarayanapuram","1047","508208"
"24481","Thripuraram","1047","508208"
"24482","Amangal","1048","508374"
"24483","Annapareddiguda","1048","508217"
"24484","Annapureddy Gudem","1048","508217"
"24485","Buggabavi Guda","1048","508217"
"24486","Chali Chimala Palem","1048","508374"
"24487","Gandravaniguda","1048","508217"
"24488","Gurrappa Gudem","1048","508374"
"24489","Itikyala","1048","508217"
"24490","Kamepalle","1048","508217"
"24491","Molka Patnam","1048","508217"
"24492","Mundlapahad","1048","508218"
"24493","Poreddy Gudem","1048","508374"
"24494","Ravula Penta","1048","508217"
"24495","Salkunur","1048","508374"
"24496","Settipalem","1048","508217"
"24497","Thimmareddiguda","1048","508217"
"24498","Vemulapalle","1048","508217"
"24499","Annasagar","1049","509407"
"24500","Ashanpalle","1049","509407"
"24501","Ayyawaripalle","1049","509407"
"24502","Bapanpalle","1049","509407"
"24503","Chakalavaripalle","1049","509407"
"24504","Damaragidda","1049","509407"
"24505","Desaipalle","1049","509336"
"24506","Gadimunkanpalle","1049","509407"
"24507","Gadpa","1049","509336"
"24508","Kamsanipalle","1049","509407"
"24509","Kandanpalle","1049","509407"
"24510","Kanukurthy","1049","509407"
"24511","Kyatanpalle","1049","509407"
"24512","Laxmipur","1049","509407"
"24513","Lingareddipalle","1049","509407"
"24514","Lokurthy","1049","509407"
"24515","Malreddipalle","1049","509407"
"24516","Mogalamadka","1049","509336"
"24517","Narsapur","1049","509407"
"24518","Piddampalle","1049","509407"
"24519","Sajnapur","1049","509407"
"24520","Suddavanda","1049","509336"
"24521","Udmalgidda","1049","509407"
"24522","Ulligundam","1049","509336"
"24523","Vathugundla","1049","509407"
"24524","Vithalapur","1049","509336"
"24525","Yelsanpalle","1049","509407"
"24526","Dhanwada","1050","509205"
"24527","Gotur","1050","509204"
"24528","Gunmukla","1050","509205"
"24529","Kamsanpalle","1050","509205"
"24530","Kistapur","1050","509204"
"24531","Kondapur","1050","509371"
"24532","Mandipalle","1050","509205"
"24533","Pathapalle","1050","509205"
"24534","Yamnanpalle","1050","509205"
"24535","Amlikunta","1051","509339"
"24536","Appaipalle","1051","509339"
"24537","Balabhadraipalle","1051","509339"
"24538","Bhakthimalla","1051","509339"
"24539","Bhogaram","1051","509339"
"24540","Gundmal","1051","509339"
"24541","Kommur","1051","509339"
"24542","Mudireddipalle","1051","509339"
"24543","Sarangaraopalle","1051","509339"
"24544","Veeraram","1051","509371"
"24545","Bijjaram","1052","509339"
"24546","Bolwanpally","1052","509339"
"24547","Chandravancha","1052","509339"
"24548","Chennaram","1052","509339"
"24549","Ejipoor","1052","509339"
"24550","Hanmanpally","1052","509339"
"24551","Kadampalle","1052","509339"
"24552","Kosgi","1052","509339"
"24553","Kothapalle","1052","509350"
"24554","Lodhipur","1052","509339"
"24555","Malreddypally","1052","509339"
"24556","Masaipally","1052","509339"
"24557","Mirzapur","1052","509339"
"24558","Mukthipahad","1052","509339"
"24559","Mukthyarnagar","1052","509339"
"24560","Mungimalla","1052","509339"
"24561","Mushrifa","1052","509339"
"24562","Nacharam","1052","509339"
"24563","Pothireddipally","1052","509339"
"24564","Sampally","1052","509339"
"24565","Sarjakhanpet","1052","509339"
"24566","Thogapur","1052","509339"
"24567","Allipur","1053","509371"
"24568","Boneed","1053","509411"
"24569","Duppatghat","1053","509411"
"24570","Gokulnagar","1053","509371"
"24571","Kothapalle","1053","509411"
"24572","Lingalched","1053","509371"
"24573","Mannapur","1053","509411"
"24574","Nandigam","1053","509371"
"24575","Nidjinta","1053","509411"
"24576","Peddapur","1053","509371"
"24577","Thimmareddipalle","1053","509371"
"24578","Ainapur","1054","509352"
"24579","Alampalle","1054","509352"
"24580","Chegunta","1054","509352"
"24581","Gudebellur","1054","509352"
"24582","Gurujala","1054","509352"
"24583","Hindupur","1054","509352"
"24584","Khalhalli","1054","509352"
"24585","Krishna (Hindupur)","1054","509352"
"24586","Kunsi","1054","509352"
"24587","Kusumurthy","1054","509352"
"24588","Mudumal","1054","509352"
"24589","Mudumaldoddi","1054","509352"
"24590","Muraharidoddi","1054","509352"
"24591","Shukurlingampalle","1054","509352"
"24592","Thangadigi","1054","509352"
"24593","Appireddypally","1055","509411"
"24594","Chanwar","1055","509411"
"24595","Chenreddipalle","1055","509407"
"24596","Chintaldinne","1055","509411"
"24597","Damaganpuram","1055","509411"
"24598","Dorepalle","1055","509411"
"24599","Jadavaraopalle","1055","509411"
"24600","Kajipuram","1055","509371"
"24601","Kishannagar","1055","509411"
"24602","Lakkaipalle","1055","509411"
"24603","Maddur","1055","509411"
"24604","Malikjadavarao Palle","1055","509411"
"24605","Mominapur","1055","509411"
"24606","Nagireddipalle","1055","509411"
"24607","Nandipahad","1055","509411"
"24608","Pallerla","1055","509411"
"24609","Parsapuram","1055","509338"
"24610","Pedripahad","1055","509411"
"24611","Renvatla","1055","509411"
"24612","Adivikhanapur","1056","509352"
"24613","Adivisatyavaram","1056","509208"
"24614","Bhairampalle","1056","509208"
"24615","Gajarandoddi","1056","509352"
"24616","Gururaolingampalle","1056","509352"
"24617","Kolpur","1056","509352"
"24618","Kothapalle","1056","509352"
"24619","Lachampur","1056","509352"
"24620","Maganoor","1056","509208"
"24621","Mandipalle","1056","509352"
"24622","Neradgam","1056","509208"
"24623","Oblapur","1056","509208"
"24624","Parmandoddi","1056","509208"
"24625","Pegadabanda","1056","509208"
"24626","Punjanur","1056","509352"
"24627","Thalankeri","1056","509208"
"24628","Ujjelli","1056","509208"
"24629","Wadwat","1056","509208"
"24630","Warkoor","1056","509208"
"24631","Yabandoddi","1056","509208"
"24632","Anugonda","1057","509208"
"24633","Bhagvanpalle","1057","509208"
"24634","Bhoothpur","1057","509353"
"24635","Bondalkunta","1057","509353"
"24636","Chandapur","1057","509208"
"24637","Chinnagopalapur","1057","509208"
"24638","Chityal","1057","509208"
"24639","Dasardoddi","1057","509208"
"24640","Golpalle","1057","509353"
"24641","Gudigandla","1057","509205"
"24642","Gurlapalle","1057","509208"
"24643","Jaklair","1057","509353"
"24644","Jawlapur","1057","509205"
"24645","Kachwar","1057","509353"
"24646","Kamathnarva","1057","509208"
"24647","Kamatpulmamidi","1057","509208"
"24648","Karni","1057","509208"
"24649","Katrevpalle","1057","509353"
"24650","Khanapur","1057","509208"
"24651","Kondadoddi","1057","509208"
"24652","Krishnasamudram","1057","509352"
"24653","Lingampalle","1057","509311"
"24654","Madhawar","1057","509311"
"24655","Makthal","1057","509208"
"24656","Manthangoud","1057","509353"
"24657","Musalaipalle","1057","509208"
"24658","Mustipalle","1057","509208"
"24659","Panchadevupad","1057","509208"
"24660","Panchalingal","1057","509208"
"24661","Pareval","1057","509208"
"24662","Paspul","1057","509208"
"24663","Rudrasamudram","1057","509208"
"24664","Sangambanda","1057","509208"
"24665","Satyawar","1057","509208"
"24666","Someshwarbanda","1057","509311"
"24667","Tekulpalle","1057","509353"
"24668","Thirumalapur","1057","509208"
"24669","Upparapalle","1057","509311"
"24670","Yernaganpalle","1057","509353"
"24671","Chittanur","1058","509351"
"24672","Eklaspur","1058","509351"
"24673","Ibrahimpatnam","1058","509351"
"24674","Jinnaram","1058","509351"
"24675","Kanmanoor","1058","509351"
"24676","Madwar","1058","509351"
"24677","Marikal","1058","509351"
"24678","Pasalpad","1058","509204"
"24679","Paspul","1058","509208"
"24680","Peddachintakunta","1058","509409"
"24681","Rakonda","1058","509409"
"24682","Teelair","1058","509351"
"24683","Venkatapur","1058","509351"
"24684","Yeligandla","1058","509351"
"24685","Abhangapur","1059","509210"
"24686","Ammireddipalle","1059","509210"
"24687","Anthwar","1059","509205"
"24688","Appakapalle","1059","509210"
"24689","Appireddipalle","1059","509210"
"24690","Ayyawaripalle","1059","509205"
"24691","Bandagonda","1059","509210"
"24692","Bhairamkonda","1059","509210"
"24693","Boinpalle","1059","509205"
"24694","Bommanpad","1059","509407"
"24695","Chinnajatram","1059","509205"
"24696","Eklaspur","1059","509210"
"24697","Gurlapalle","1059","509353"
"24698","Jajapur","1059","509210"
"24699","Jalalpur","1059","509210"
"24700","Kavarampalle","1059","509210"
"24701","Kollampalle","1059","509205"
"24702","Kondareddipalle","1059","509210"
"24703","Kotakonda","1059","509210"
"24704","Kothapalle","1059","509411"
"24705","Laxmipur","1059","509407"
"24706","Lingampalle (Kollampalle)","1059","509205"
"24707","Narasappapalle","1059","509210"
"24708","Pallabuzurg","1059",""
"24709","Perapalla","1059","509210"
"24710","Seranpalle","1059","509210"
"24711","Shasanpally","1059","509210"
"24712","Singar","1059","509210"
"24713","Singar","1059","509210"
"24714","Thirumalapur","1059","509210"
"24715","Appampalle","1060","509210"
"24716","Bekkarapalle","1060","509130"
"24717","Jakkenapalle","1060","509130"
"24718","Jangamreddipalle","1060","509130"
"24719","Kalwal","1060","509208"
"24720","Kothapalle","1060","509130"
"24721","Kumarlingampalle","1060","509409"
"24722","Lakkerdoddi","1060","509130"
"24723","Lankal","1060","509130"
"24724","Nagireddipalle","1060","509130"
"24725","Narva","1060","509130"
"24726","Patherched","1060","509353"
"24727","Peddakadmur","1060","509130"
"24728","Raikode","1060","509353"
"24729","Rajapalle","1060","509353"
"24730","Rampur","1060","509353"
"24731","Seepur","1060","509208"
"24732","Undekode","1060","509353"
"24733","Yamki","1060","509130"
"24734","Yellampalle","1060","509130"
"24735","Aminpur","1061","509210"
"24736","Ausulonipally","1061","509205"
"24737","Bapur","1061","509205"
"24738","Bijwar","1061","509205"
"24739","Chinnaporla","1061","509311"
"24740","Dantanpalle","1061","509311"
"24741","Edavalli","1061","509311"
"24742","Garanhalli","1061","509208"
"24743","Jeeramhalli","1061","509311"
"24744","Kollur","1061","509311"
"24745","Laxmipalle","1061","509205"
"24746","Magdumpur","1061","509311"
"24747","Mallepalle","1061","509311"
"24748","Nagireddipalle","1061","509311"
"24749","Nidugurthi","1061","509205"
"24750","Oblapur","1061","509210"
"24751","Pagidimarri","1061","509210"
"24752","Pallekunta","1061","509210"
"24753","Peddajatram","1061","509205"
"24754","Peddaporla","1061","509311"
"24755","Pulmamidi","1061","509353"
"24756","Samanur","1061","509210"
"24757","Samistapur","1061","509311"
"24758","Thipraspalle","1061","509311"
"24759","Thirumalapur","1061","509311"
"24760","Utkoor","1061","509311"
"24761","Vallampalle","1061","509210"
"24762","Venkatapur","1061","509311"
"24763","Yergatpalle","1061","509311"
"24764","Basar","1062","504101"
"24765","Bidrelli","1062","504101"
"24766","Dhondapur","1062","504101"
"24767","Kirgul (Buzurg)","1062","504101"
"24768","Kirgul (Khurd)","1062","504101"
"24769","Kowtha","1062","504101"
"24770","Labdi","1062","504101"
"24771","Mahadpur","1062","504101"
"24772","Mailapur","1062","504101"
"24773","Ratnapur","1062","504101"
"24774","Ravindrapur","1062","504101"
"24775","Renukapur","1062","504101"
"24776","Salapur","1062","504101"
"24777","Sawargaon","1062","504101"
"24778","Surli","1062","504101"
"24779","Takli","1062","504101"
"24780","Voni","1062","504101"
"24781","Babalgaon","1063","504103"
"24782","Badgaon","1063","504102"
"24783","Bhainsa","1063",""
"24784","Bijjur","1063","504103"
"24785","Boregaon (Buzurg)","1063","504103"
"24786","Chichond","1063","504103"
"24787","Chintalabori","1063","504103"
"24788","Dahegaon","1063","504102"
"24789","Ekgaon","1063","504103"
"24790","Elegaon","1063","504102"
"24791","Gundagaon","1063","504103"
"24792","Hampoli Khurd","1063","504103"
"24793","Hasgul","1063","504102"
"24794","Kamol","1063","504102"
"24795","Khatgaon","1063","504103"
"24796","Kotalgaon","1063","504103"
"24797","Kumbhi","1063","504103"
"24798","Kumsari","1063","504102"
"24799","Linga","1063","504103"
"24800","Mahagaon","1063","504103"
"24801","Manjri","1063","504103"
"24802","Mategaon","1063","504103"
"24803","Mirzapur","1063","504103"
"24804","Pangri","1063","504103"
"24805","Pendapalle","1063","504109"
"24806","Pipri","1063","504102"
"24807","Siddur","1063","504103"
"24808","Sirala","1063","504102"
"24809","Sunkli","1063","504109"
"24810","Takli","1063","504103"
"24811","Thimmapur","1063","504109"
"24812","Walegaon","1063","504102"
"24813","Wanalpahad","1063","504109"
"24814","Watoli","1063","504109"
"24815","Bhuthkur","1064","504202"
"24816","Bhuttapur","1064","504202"
"24817","Chennur","1064","504202"
"24818","Dasturabad","1064","504202"
"24819","Gondserial","1064","504202"
"24820","Mallapur","1064","504202"
"24821","Munnial","1064","504202"
"24822","Revojipet (New)","1064","504202"
"24823","Arli (Buzurg)","1065","504104"
"24824","Banaspalle","1065","504306"
"24825","Chintalkunta","1065","504306"
"24826","Dilawarpur","1065","504306"
"24827","Gundampalle","1065","504306"
"24828","Kadili","1065","504306"
"24829","Kalwa","1065","504306"
"24830","Kanjar","1065","504306"
"24831","Kothur","1065","504306"
"24832","Lingampalle","1065","504306"
"24833","Malegaon","1065","504306"
"24834","Mallapur","1065","504306"
"24835","Mayapur","1065","504306"
"24836","Mujgi","1065","504306"
"24837","New Lolam (R.C.)","1065","504306"
"24838","Potpalle (Khurd)","1065","504105"
"24839","Ratnapur (K)","1065","504306"
"24840","Samunderpalli","1065","504306"
"24841","Sangvi","1065","504306"
"24842","Siddankunta","1065","504105"
"24843","Sirgapur","1065","504306"
"24844","Allampally","1066","504205"
"24845","Ambaripet","1066","504202"
"24846","Bellal","1066","504202"
"24847","Chittial","1066","504202"
"24848","Dharmaipet","1066","504202"
"24849","Dharmajipet","1066","504202"
"24850","Dildarnagar","1066","504202"
"24851","Gandigopalpur","1066","504205"
"24852","Gangapur","1066","504203"
"24853","Islampur","1066","504205"
"24854","Kalleda","1066","504202"
"24855","Kannapur","1066","504202"
"24856","Kondkuru","1066","504202"
"24857","Laxmipur","1066","504202"
"24858","Laxmisagar","1066","504202"
"24859","Lingapur","1066","504202"
"24860","Maddipadga","1066","504202"
"24861","Maisampet","1066","504205"
"24862","Masaipet","1066","504203"
"24863","Nachan Yellapur","1066","504203"
"24864","Narsapur","1066","504202"
"24865","Nawabpet","1066","504202"
"24866","Pandwapur","1066","504202"
"24867","Peddur","1066","504202"
"24868","Rampur","1066","504202"
"24869","Revajipet (Old)","1066","504202"
"24870","Sarangapur","1066","504202"
"24871","Udumpur","1066","504205"
"24872","Yelagadapa","1066","504202"
"24873","Advisarangapur","1067","504203"
"24874","Badankurthy","1067","504203"
"24875","Bavapur (K)","1067","504203"
"24876","Beernandi","1067","504203"
"24877","Bevapur (R)","1067","504203"
"24878","Chamanpalle","1067","504203"
"24879","Dilwarpur","1067","504203"
"24880","Ervachintal","1067","504203"
"24881","Gangaipet","1067","504203"
"24882","Iqbalpur","1067","504310"
"24883","Khanapur","1067","504203"
"24884","Kothapet","1067","504203"
"24885","Maskapur","1067","504203"
"24886","Medampalle","1067","504203"
"24887","Patha Yellapur","1067","504203"
"24888","Rajura","1067","504310"
"24889","Sathnapalle","1067","504203"
"24890","Singapur","1067","504203"
"24891","Surjapur","1067","504203"
"24892","Tarlapad","1067","504203"
"24893","Thimmapur (Ct)","1067","504203"
"24894","Antharni","1068","504103"
"24895","Bakot","1068","504103"
"24896","Belgaon","1068","504103"
"24897","Brahmeswar","1068","504103"
"24898","Chata","1068","504103"
"24899","Chondi","1068","504103"
"24900","Darkubeer","1068","504103"
"24901","Dodarna","1068","504103"
"24902","Godapur","1068","504103"
"24903","Godsera","1068","504103"
"24904","Halda","1068","504103"
"24905","Hampli (Buzurg)","1068","504103"
"24906","Jamgaon","1068","504103"
"24907","Jumda","1068","504103"
"24908","Khasra","1068","504103"
"24909","Kubeer","1068","504103"
"24910","Kupti","1068","504103"
"24911","Lingi","1068","504103"
"24912","Malegaon","1068","504103"
"24913","Marlagonda","1068","504103"
"24914","Mola","1068","504103"
"24915","Nandapahad","1068","504103"
"24916","Nighwa","1068","504103"
"24917","Palsi","1068","504103"
"24918","Pangra","1068","504103"
"24919","Pardi (Buzurg)","1068","504103"
"24920","Pardi (Khurd)","1068","504103"
"24921","Rajura","1068","504103"
"24922","Ranjani","1068","504103"
"24923","Sangvi","1068","504103"
"24924","Sanwali","1068","504103"
"24925","Shivani","1068","504103"
"24926","Sirpalle","1068","504103"
"24927","Sonari","1068","504103"
"24928","Sowna","1068","504103"
"24929","Varni","1068","504103"
"24930","Veeragohan","1068","504103"
"24931","Wai","1068","504103"
"24932","Ambagaon","1069","504109"
"24933","Ambakanti","1069","504109"
"24934","Andkur","1069","504109"
"24935","Downelle","1069","504109"
"24936","Kallur","1069","504109"
"24937","Kuntala","1069","504109"
"24938","Limba (Buzurg)","1069","504109"
"24939","Limba (Khurd)","1069","504109"
"24940","Medanpur","1069","504109"
"24941","Ola","1069","504109"
"24942","Penchikalpahad","1069","504109"
"24943","Raipahad","1069","504109"
"24944","Rajapur","1069","504109"
"24945","Suryapur","1069","504109"
"24946","Venkur","1069","504109"
"24947","Vittapur","1069","504109"
"24948","Babapur","1070","504106"
"24949","Boregaon","1070","504102"
"24950","Chamanpalle","1070","504310"
"24951","Chintalchanda","1070","504310"
"24952","Dharmaram","1070","504105"
"24953","Kanjar","1070","504310"
"24954","Kankapur","1070","504310"
"24955","Laxmanchanda","1070","504106"
"24956","Machapur","1070","504310"
"24957","Mallapur","1070","504106"
"24958","Munipalle","1070","504106"
"24959","Narsapur","1070","504106"
"24960","Parpalle","1070","504105"
"24961","Peechara","1070","504105"
"24962","Potapalle (K)","1070","504102"
"24963","Potpalle (B)","1070","504106"
"24964","Thirpalle","1070","504106"
"24965","Waddyal","1070","504106"
"24966","Abdullapur","1071","504101"
"24967","Arli - Godesera","1071",""
"24968","Bamni (K)","1071","504104"
"24969","Bhagapur","1071","504104"
"24970","Biloli","1071","504104"
"24971","Brahmeswar","1071","504104"
"24972","Dharmara","1071","504104"
"24973","Gadchanda","1071","504104"
"24974","Godesra","1071","504104"
"24975","Hadgaon","1071","504104"
"24976","Hawarga","1071","504104"
"24977","Joharpur","1071","504101"
"24978","Kankapur","1071","504101"
"24979","Kistapur","1071","504104"
"24980","Lohesra","1071","504104"
"24981","Malkapur","1071","504104"
"24982","Manmad","1071","504104"
"24983","Mohalla","1071","504104"
"24984","Nagar","1071","504104"
"24985","New Raipur (K) R.C","1071","504104"
"24986","Panchgudi","1071","504104"
"24987","Pipri","1071","504104"
"24988","Potpalle (B)","1071","504104"
"24989","Potpalle (M)","1071","504102"
"24990","Puspur","1071","504102"
"24991","Raipur (K)","1071","504104"
"24992","Rajura","1071","504104"
"24993","Sathgaon","1071","504104"
"24994","Savargaon","1071","504104"
"24995","Wastapur","1071","504101"
"24996","Watoli","1071","504104"
"24997","Yeddur","1071","504104"
"24998","Adarsanagar (R.C) Kothur @ Edudur","1072","504310"
"24999","Ananthpet","1072","504310"
"25000","Arepalle","1072","504310"
"25001","Bandal Khanapur","1072","504310"
"25002","Burugupalle","1072","504310"
"25003","Chandaram","1072","504310"
"25004","Danthapalle","1072","504310"
"25005","Devathapur","1072","504310"
"25006","Dimmadurthy","1072","504310"
"25007","Gayadpalle","1072","504310"
"25008","Kamal Kote","1072","504310"
"25009","Kappanpalle","1072","504310"
"25010","Kishanraopet","1072","504310"
"25011","Koratikal","1072","504310"
"25012","Kotha Lingampalle (R.C)","1072","504310"
"25013","Kotha Sangvi (R.C)","1072","504310"
"25014","Kotha Timbareni (R.C)","1072","504310"
"25015","Lachampur","1072","504310"
"25016","Lingapur","1072","504202"
"25017","Lonkapad","1072","504310"
"25018","Mamda","1072","504310"
"25019","Mondepalle","1072","504310"
"25020","Naldurthi","1072","504310"
"25021","Parimandal","1072","504310"
"25022","Ponkal","1072","504310"
"25023","Potharam","1072","504310"
"25024","Pulimadugu","1072","504310"
"25025","Raidhari","1072","504310"
"25026","Rampur","1072","504310"
"25027","Rasimatla","1072","504310"
"25028","Tandra","1072","504310"
"25029","Vasthapur","1072","504310"
"25030","Venkatapur","1072","504310"
"25031","Ashta","1073","504101"
"25032","Boregaon","1073","504101"
"25033","Brahmangaon","1073","504101"
"25034","Chandapur","1073","504101"
"25035","Chinchala","1073","504102"
"25036","Chintakunta","1073","504102"
"25037","Chintakuta Rc","1073",""
"25038","Edbid","1073","504102"
"25039","Ganora","1073","504101"
"25040","Govindapur","1073","504101"
"25041","Gudur","1073","504101"
"25042","Jalalpur","1073","504101"
"25043","Karegaon","1073","504102"
"25044","Machkal","1073","504102"
"25045","Mudgal","1073","504102"
"25046","Mudhole","1073","504102"
"25047","Pipri","1073","504102"
"25048","Ramtek","1073","504102"
"25049","Ruvvi","1073","504101"
"25050","Shetpalle","1073","504101"
"25051","Taroda","1073","504102"
"25052","Venkatapur","1073","504102"
"25053","Vitholi","1073","504101"
"25054","Wadthala","1073","504101"
"25055","Anjani","1074","504104"
"25056","Arli (Khurd)","1074","504109"
"25057","Bamini (Buzurg)","1074","504104"
"25058","Burgupalle (K)","1074","504109"
"25059","Burugupalle (G)","1074","504104"
"25060","Chackpalli","1074","504104"
"25061","Cherlapalle","1074","504306"
"25062","Daryapur","1074","504306"
"25063","Dongargaon","1074","504109"
"25064","Gulmadaga","1074","504109"
"25065","Kusli","1074","504104"
"25066","Muthakapalli","1074","504104"
"25067","Nandan","1074","504104"
"25068","Narsapur","1074","504104"
"25069","Naseerabad","1074","504306"
"25070","Rampur","1074","504306"
"25071","Shakapur","1074","504104"
"25072","Tekulpahad","1074","504104"
"25073","Temborni","1074","504306"
"25074","Turati","1074","504104"
"25075","Velgudhari","1074","504104"
"25076","Akkapur","1075","504106"
"25077","Ananthpet","1075","504106"
"25078","Bhagyanagar","1075","504106"
"25079","Chityal","1075","504306"
"25080","Dyangapur","1075","504110"
"25081","Kamlapur","1075","504106"
"25082","Kondapur","1075","504106"
"25083","Koutla (K)","1075","504106"
"25084","Langdapur","1075","504110"
"25085","Mambapur","1075","504106"
"25086","Manjulapur (R)","1075","504106"
"25087","Medipalli","1075","504106"
"25088","Muktapur","1075","504105"
"25089","Naganaipet","1075","504106"
"25090","Neelaipet","1075","504106"
"25091","New Mujigi","1075","504306"
"25092","New Pochampad","1075","504106"
"25093","Ranapur","1075","504106"
"25094","Ratnapur Kandli","1075","504106"
"25095","Talveda","1075","504306"
"25096","Thamsa","1075","504106"
"25097","Thimmapur","1075","504106"
"25098","Vengwapet","1075","504110"
"25099","Venkatapur (R)","1075","504106"
"25100","Yedulapur","1075","504106"
"25101","Yellapalle","1075","504106"
"25102","Yellareddipet","1075","504106"
"25103","Bopparam","1076","504106"
"25104","Gajulpet","1076",""
"25105","Lolam","1076","504105"
"25106","Nirmal","1076",""
"25107","Siddapur","1076",""
"25108","Viswanathpet","1076",""
"25109","Burugpalle","1077","504203"
"25110","Dhomdari","1077","504203"
"25111","Gummanuyenglapur","1077","504203"
"25112","Itikyal","1077","504203"
"25113","Kosagutta","1077","504203"
"25114","Mandapalle","1077","504203"
"25115","Nagpur","1077","504203"
"25116","Paspula","1077","504203"
"25117","Pembi","1077","504203"
"25118","Shetpalle","1077","504203"
"25119","Vaspalle","1077","504203"
"25120","Venkampochampad","1077","504203"
"25121","Adelli","1078","504110"
"25122","Aloor","1078","504110"
"25123","Bagirathipur","1078","504110"
"25124","Beervelli","1078","504306"
"25125","Boregaon","1078","504110"
"25126","Chincholi (Buzurg)","1078","504110"
"25127","Chincholi (Malak)","1078","504110"
"25128","Dhani","1078","504110"
"25129","Godsera","1078","504110"
"25130","Gopalpet","1078","504110"
"25131","Jam","1078","504110"
"25132","Jewly","1078","504110"
"25133","Kamkati","1078","504104"
"25134","Karji","1078","504110"
"25135","Kowtla (Buzurg)","1078","504110"
"25136","Kupti","1078","504110"
"25137","Lakshmipur","1078","504110"
"25138","Nagapur","1078","504110"
"25139","Pendaldhari","1078","504110"
"25140","Ponkur","1078","504110"
"25141","Potia","1078","504110"
"25142","Pyaramur","1078","504306"
"25143","Sarangpur","1078","504110"
"25144","Tandra","1078","504110"
"25145","Vaikuntapur","1078","504109"
"25146","Vanjar","1078","504306"
"25147","Yakarpalle","1078","504110"
"25148","Gamjal","1079","504105"
"25149","Jafrapur","1079","504105"
"25150","Kadthal","1079","504105"
"25151","Kuchanpalle","1079","504105"
"25152","Local Velmel","1079","504105"
"25153","Madhapur","1079","504105"
"25154","New Bopparam","1079","504105"
"25155","New Velmal","1079","504105"
"25156","Old Pochampad","1079","504105"
"25157","Pakpatla","1079","504105"
"25158","Sangampet","1079","504105"
"25159","Shakari","1079","504105"
"25160","Siddulkunta (New)","1079","504105"
"25161","Soan","1079","504105"
"25162","Bamni","1080","504103"
"25163","Beltaroda","1080","504103"
"25164","Bember","1080","504103"
"25165","Bhosi","1080","504103"
"25166","Bolsa","1080","504103"
"25167","Bondrat","1080","504103"
"25168","Boregaon (Khurd)","1080","504103"
"25169","Dhagaon","1080","504102"
"25170","Doultabad","1080","504102"
"25171","Elvi","1080","504102"
"25172","Hangirga","1080","504102"
"25173","Hipnally","1080","504102"
"25174","Jewla (Buzurg)","1080","504102"
"25175","Jewla (Khurd)","1080","504102"
"25176","Jhari (Buzurg)","1080","504103"
"25177","Jhari (Khurd)","1080","504103"
"25178","Kalyani","1080","504102"
"25179","Kesarelly","1080","504102"
"25180","Kharbala","1080","504102"
"25181","Kolur","1080","504102"
"25182","Kupli","1080","504102"
"25183","Mahalingi","1080","504103"
"25184","Masalga","1080","504102"
"25185","Mugli","1080","504102"
"25186","Nandgam","1080","504102"
"25187","Singangam","1080","504102"
"25188","Tanoor","1080","504102"
"25189","Tondala","1080","504102"
"25190","Umri (Khurd)","1080","504103"
"25191","Wadgaon","1080","504102"
"25192","Wadhone","1080","504103"
"25193","Wadjhari","1080","504103"
"25194","Yellawat","1080","504101"
"25195","Aloor","1081","503223"
"25196","Degaon","1081","503223"
"25197","Gaggupalle","1081","503223"
"25198","Gutpa","1081","503213"
"25199","Kalladi","1081","503213"
"25200","Macherla","1081","503223"
"25201","Mirdapally","1081","503223"
"25202","Amdapur","1082","503223"
"25203","Ankapur","1082","503223"
"25204","Armoor","1082","503224"
"25205","Bardipur","1082","503223"
"25206","Chepur","1082","503223"
"25207","Fathepur","1082","503217"
"25208","Govindpet","1082","503223"
"25209","Issapalle","1082","503223"
"25210","Khanapur","1082","503223"
"25211","Komanpalle","1082","503217"
"25212","Kotha Armur","1082","503223"
"25213","Magdi","1082","503223"
"25214","Mamidipalle (Og)","1082","503223"
"25215","Manthani","1082","503223"
"25216","Perkit (Og)","1082","503223"
"25217","Pipri","1082","503223"
"25218","Rampur","1082","503223"
"25219","Surbiriyal","1082","503217"
"25220","Balkonda","1083","503217"
"25221","Baswapur","1083","503218"
"25222","Bodepalle","1083","503217"
"25223","Chittapur","1083","503217"
"25224","Itwarpet","1083","503217"
"25225","Jalalpur","1083","503217"
"25226","Keshapur","1083","503217"
"25227","Kisannagar","1083","503218"
"25228","Kojan Kothur","1083","503217"
"25229","Nagapur","1083","503217"
"25230","Ratnapur","1083","503217"
"25231","Sangam","1083","503217"
"25232","Srirampur","1083","503223"
"25233","Vannel Bashirabad","1083","503217"
"25234","Babanagar","1084","503307"
"25235","Babapur","1084","503307"
"25236","Bachanpalle","1084","503307"
"25237","Bejjora","1084","503307"
"25238","Bheemgal","1084","503307"
"25239","Changal","1084","503307"
"25240","Devakkapet","1084","503307"
"25241","Devan Palle","1084","503307"
"25242","Gangarai","1084","503307"
"25243","Gongappul","1084","503307"
"25244","Jagriyal","1084","503307"
"25245","Karepalle","1084","503307"
"25246","Kupkal","1084","503307"
"25247","Lingapurchouth","1084","503307"
"25248","Mendhora","1084","503307"
"25249","Muchkur","1084","503307"
"25250","Pallikonda","1084","503307"
"25251","Pedda Bheemgal","1084","503307"
"25252","Pipri","1084","503307"
"25253","Puranipet","1084","503307"
"25254","Rahathnagar","1084","503307"
"25255","Salampur","1084","503307"
"25256","Sikandrapur","1084","503307"
"25257","Thallapalle","1084","503307"
"25258","Achampalle (R)","1085","503180"
"25259","Amdapur","1085","503180"
"25260","Bardipur","1085","503235"
"25261","Bellalfarm","1085","503180"
"25262","Bhandarpalle","1085","503185"
"25263","Bhavanipet","1085","503185"
"25264","Bhiknalli","1085","503235"
"25265","Bodhan","1085","503185"
"25266","Bodhan (R)","1085","503185"
"25267","Chekki Tarka","1085","503185"
"25268","Chekki Tarka","1085","503185"
"25269","Dudyal Tarfa","1085","503180"
"25270","Erajpalle","1085","503180"
"25271","Hangarga","1085","503235"
"25272","Kaldurthi","1085","503185"
"25273","Khandgaon","1085","503235"
"25274","Kopparti Camp","1085","503185"
"25275","Kopperga","1085","503235"
"25276","Ladmavandi","1085","503185"
"25277","Langadapur","1085","503202"
"25278","Machapur","1085","503185"
"25279","Mavandi (Kalan)","1085","503185"
"25280","Mavandi (Khurd)","1085","503185"
"25281","Minarpalle","1085","503185"
"25282","Mithapur","1085","503185"
"25283","Naganpalle","1085","503185"
"25284","Nagora","1085","503185"
"25285","Narsapur","1085","503180"
"25286","Ootpalle","1085","503180"
"25287","Pandu Tarfa","1085","503180"
"25288","Pegadpalle","1085","503235"
"25289","Penta Kalan","1085","503235"
"25290","Penta Khurd","1085","503185"
"25291","Rampur","1085","503310"
"25292","Saloora Camp","1085","503185"
"25293","Sangam","1085","503185"
"25294","Siddapur","1085","503310"
"25295","Srinivasnagar","1085","503185"
"25296","Chandur","1086","503206"
"25297","Ghanpur","1086","503206"
"25298","Karegaon","1086","503206"
"25299","Laxmapur","1086","503206"
"25300","Medpalle","1086","503206"
"25301","Ansanpally","1087","503164"
"25302","Challagarga","1087","503165"
"25303","Dammannapet","1087","503165"
"25304","Danambanda(T)","1087","503165"
"25305","Dharpalle","1087","503165"
"25306","Dubbaka","1087","503165"
"25307","Govindpalle","1087","503165"
"25308","Honnajipet","1087","503165"
"25309","Kesaram","1087","503164"
"25310","Konepalle","1087","503165"
"25311","Kotalapalle","1087","503165"
"25312","Mailaram","1087","503165"
"25313","Ramadugu","1087","503164"
"25314","Rekulapalle","1087","503165"
"25315","Seetaipet","1087","503165"
"25316","Yellareddypally","1087","503164"
"25317","Amruthapoor","1088","503165"
"25318","Amruthapur","1088","503175"
"25319","Arepalle","1088","503175"
"25320","Bardipur","1088","503230"
"25321","Bibipur","1088","503164"
"25322","Dharmaram B","1088","503230"
"25323","Dichpalle","1088","503175"
"25324","Doosgaon","1088","503175"
"25325","Ghanpur (Ct)","1088","503175"
"25326","Gollapally","1088","503175"
"25327","Kamalapur","1088","503164"
"25328","Koratpalle","1088","503175"
"25329","Mentrajpalle","1088","503175"
"25330","Mittapalle","1088","503164"
"25331","Mullangi","1088","503175"
"25332","Nadepalle","1088","503175"
"25333","Narsingapoor","1088","503164"
"25334","Rampur","1088","503164"
"25335","Sampally","1088","503175"
"25336","Suddepalle","1088","503175"
"25337","Suddulam","1088","503164"
"25338","Tirmanpally","1088","503164"
"25339","Yanampalle","1088","503175"
"25340","Annaram","1089","503212"
"25341","Dattapur","1089","503212"
"25342","Donkeshwar","1089","503212"
"25343","Gadepalle","1089","503212"
"25344","Gangasamundar","1089","503212"
"25345","Komatpalle","1089","503212"
"25346","Marampalle","1089","503212"
"25347","Narkodh","1089","503212"
"25348","Nikalpur","1089","503212"
"25349","Noothpalle","1089","503212"
"25350","Sirpur","1089","503212"
"25351","Tondakur","1089","503212"
"25352","Donkal","1090","503164"
"25353","Gannaram","1090","503164"
"25354","Gouraram","1090","503164"
"25355","Indalwai","1090","503164"
"25356","Lolam","1090","503164"
"25357","Mallapur","1090","503164"
"25358","Nallavalle","1090","503164"
"25359","Sirnapalle","1090","503164"
"25360","Thriambakpeta","1090","503164"
"25361","Vengalpad","1090","503164"
"25362","Argul","1091","503223"
"25363","Brahmanpalle","1091","503223"
"25364","Chintalur","1091","503175"
"25365","Jakranpalle","1091","503175"
"25366","Kaligote","1091","503175"
"25367","Keshpalle","1091","503175"
"25368","Keshpally","1091","503175"
"25369","Kolipaka","1091","503223"
"25370","Lakshmapur","1091","503223"
"25371","Madhapur","1091","503175"
"25372","Manoharabad","1091","503175"
"25373","Munpalle","1091","503223"
"25374","Narayanpet","1091","503223"
"25375","Padkal","1091","503175"
"25376","Poppalpalle","1091","503003"
"25377","Sikindrapur","1091","503175"
"25378","Thorlikonda","1091","503223"
"25379","Basheerabad","1092","503225"
"25380","Belur","1092","503308"
"25381","Choutupalle","1092","503308"
"25382","Dammannapet","1092","503307"
"25383","Dammanpet (Ameernagar)","1092","503307"
"25384","Gudilingapur","1092","503308"
"25385","Guntepalle","1092","503308"
"25386","Hasakothur","1092","503308"
"25387","Inayat Nagar","1092","503307"
"25388","Kammar Palle","1092","503308"
"25389","Konapur","1092","503307"
"25390","Konasamandar","1092","503307"
"25391","Lakshmapur","1092","503308"
"25392","Nagapur","1092","503308"
"25393","Narsapur","1092","503307"
"25394","Reachpalle","1092","503308"
"25395","Uploor","1092","503308"
"25396","Adkas Palle","1093","503207"
"25397","Amrapur","1093","503207"
"25398","Bareedpur","1093","503207"
"25399","Baswapur","1093","503207"
"25400","Eklaspur","1093","503207"
"25401","Ethonda","1093","503207"
"25402","Fakeerabad","1093","503207"
"25403","Gannavaram","1093","503207"
"25404","Kotgiri","1093","503207"
"25405","Kothapalle","1093","503207"
"25406","Lingapur","1093","503207"
"25407","Malkapur","1093","503207"
"25408","Mirzapur","1093","503207"
"25409","Rampur","1093","503188"
"25410","Rozapur","1093","503207"
"25411","Sailampur","1093","503207"
"25412","Sudlam","1093","503207"
"25413","Vallabhapur","1093","503207"
"25414","Yadgarpur","1093","503207"
"25415","Zainapur","1093","503207"
"25416","Amrad","1094","503003"
"25417","Bonkanpalle","1094","503003"
"25418","Borgaon (Kalan)","1094","503003"
"25419","Chikli","1094","503213"
"25420","Chinnapur","1094","503213"
"25421","Deekampally","1094","503213"
"25422","Dharmora","1094","503003"
"25423","Gangaramanda","1094","503213"
"25424","Gottimukkala","1094","503213"
"25425","Gunjali","1094","503246"
"25426","Kothapally","1094","503213"
"25427","Lakhmapur","1094","503003"
"25428","Madanpalle","1094","503003"
"25429","Madhapoor","1094","503213"
"25430","Makloor","1094","503213"
"25431","Mamdapur","1094","503246"
"25432","Mamidipalle","1094","503003"
"25433","Manik Bhandar","1094","503003"
"25434","Metpalle","1094","503246"
"25435","Mullangi (Binala)","1094","503213"
"25436","Muthampally","1094","503003"
"25437","Ramchandrapally","1094","503213"
"25438","Singampalle","1094","503003"
"25439","Vaddatipalle","1094","503003"
"25440","Vallabhapur","1094","503003"
"25441","Venkatapur","1094","503246"
"25442","Bussapur","1095","503218"
"25443","Chakeriyal","1095","503219"
"25444","Doodgaon","1095","503219"
"25445","Kodicherla","1095","503219"
"25446","Mendora","1095","503219"
"25447","Savel","1095","503219"
"25448","Soanpet (Ct)","1095","503219"
"25449","Velgatoor","1095","503219"
"25450","Dharmora","1096","503311"
"25451","Donkal","1096","503311"
"25452","Donpal","1096","503225"
"25453","Gandlapet","1096","503225"
"25454","Mortad","1096","503225"
"25455","Palem","1096","503225"
"25456","Shetpalle","1096","503218"
"25457","Sunkat","1096","503225"
"25458","Thimmapur","1096","503225"
"25459","Vaddiyat","1096","503225"
"25460","Bajidapur","1097","503201"
"25461","Chintakunta","1097","503206"
"25462","Govoor","1097","503206"
"25463","Mosra","1097","503206"
"25464","Moulalipur","1097","503206"
"25465","Thimmapur","1097","503206"
"25466","Amrabad","1098","503230"
"25467","Badsi","1098","503230"
"25468","Bhairapur","1098","503230"
"25469","Borgaon (P)","1098","503230"
"25470","Chinnapur","1098","503230"
"25471","Kalpole","1098","503230"
"25472","Kanjar","1098","503175"
"25473","Kulaspur","1098","503175"
"25474","Manchippa","1098","503230"
"25475","Mudakpalle","1098","503230"
"25476","Mugpal","1098","503230"
"25477","Narsingpally","1098","503230"
"25478","Nyalkal","1098","503230"
"25479","Sirpur","1098","503230"
"25480","Thana Khurd","1098","503230"
"25481","Yellamkunta","1098","503230"
"25482","Kothapalle","1099","503218"
"25483","Mukpal","1099","503218"
"25484","Nagampet","1099","503218"
"25485","Nallur","1099","503218"
"25486","Renjarla","1099","503218"
"25487","Vempalle","1099","503218"
"25488","Venchariyal","1099","503218"
"25489","Ailapur","1100","503212"
"25490","Andhranagar","1100","503213"
"25491","Badgoni","1100","503212"
"25492","Bazarkothur","1100","503212"
"25493","C.H.Kondoor","1100","503212"
"25494","Chimrajpalle","1100","503212"
"25495","Joorpur","1100","503212"
"25496","Kamtam","1100","503246"
"25497","Khudavandapur","1100","503212"
"25498","Kushtapur","1100","503212"
"25499","Lakkampalle","1100","503212"
"25500","Mallaram","1100","503212"
"25501","Mayapur","1100","503212"
"25502","Nandipet","1100","503212"
"25503","Shahpur","1100","503212"
"25504","Siddapur","1100","503212"
"25505","Srirampur","1100","503212"
"25506","Talveda","1100","503212"
"25507","Ummeda","1100","503212"
"25508","Vannel(Khurd)","1100","503212"
"25509","Velmal","1100","503213"
"25510","Abbapur (B)","1101","503245"
"25511","Abbapur (M)","1101","503245"
"25512","Abhangapatnam","1101","503245"
"25513","Alzapur","1101","503245"
"25514","Ananthagiri","1101","503186"
"25515","Ankampalle","1101","503246"
"25516","Binola","1101","503246"
"25517","Dharmaram","1101","503245"
"25518","Dharyapur","1101","503245"
"25519","Fathenagar","1101","503245"
"25520","Jannipalle","1101","503246"
"25521","Kamalapur","1101","503245"
"25522","Kandepalle","1101","503245"
"25523","Khadirabad","1101","503245"
"25524","Kosli","1101","503245"
"25525","Lingapur","1101","503245"
"25526","Maddepalle","1101","503245"
"25527","Mahantham","1101","503245"
"25528","Mittapur","1101","503245"
"25529","Mokanpalle","1101","503245"
"25530","Nagepur","1101","503245"
"25531","Naleshwar","1101","503246"
"25532","Nandigaon","1101","503245"
"25533","Narayanpur","1101","503245"
"25534","Navipet","1101","503245"
"25535","Nizampur","1101","503246"
"25536","Pothangal","1101","503246"
"25537","Rampur","1101","503246"
"25538","Shaikhapur","1101","503245"
"25539","Shiranpalle","1101","503246"
"25540","Tungini","1101","503246"
"25541","Yamcha","1101","503245"
"25542","Kanteshwar","1102","503002"
"25543","Dharmaram","1103","503230"
"25544","Gopanpalle","1103","503003"
"25545","Gundaram","1103","503186"
"25546","Jalalpur","1103","503186"
"25547","Kalur","1103","503003"
"25548","Keshapur","1103","503230"
"25549","Khanapur","1103","503003"
"25550","Kondur","1103","503165"
"25551","Laxmapur","1103","503206"
"25552","Malkapoor Thanda","1103","503206"
"25553","Malkapur","1103","503186"
"25554","Malkapur (J)","1103","503206"
"25555","Mallaram","1103","503003"
"25556","Mubaraknagar","1103","503003"
"25557","Muthakunta","1103","503206"
"25558","Palda","1103","503003"
"25559","Pangra","1103","503230"
"25560","Sarangapur","1103","503186"
"25561","Seripur","1103","503230"
"25562","Tirmanpalle","1103","503003"
"25563","Arsapally","1104","503186"
"25564","Nizamabad","1104","503001"
"25565","Domaledgi","1105","503207"
"25566","Hangerga","1105","503207"
"25567","Hegdoli","1105","503207"
"25568","Humnapur","1105","503207"
"25569","Jallapalle","1105","503207"
"25570","Kallur","1105","503207"
"25571","Karegoan","1105","503207"
"25572","Kodcherla","1105","503207"
"25573","Kollur","1105","503207"
"25574","Pothangal","1105","503207"
"25575","Sompur","1105","503185"
"25576","Sunkini","1105","503207"
"25577","Takli","1105","503185"
"25578","Tirmalapur","1105","503207"
"25579","Bhagepalle","1106","503235"
"25580","Boregaon","1106","503235"
"25581","Dupalle","1106","503245"
"25582","Kalyapur","1106","503245"
"25583","Kandakurthi","1106","503235"
"25584","Kunepalle","1106","503245"
"25585","Neela","1106","503235"
"25586","Ranjal","1106","503235"
"25587","Satapur","1106","503235"
"25588","Tadbiloli","1106","503245"
"25589","Veerannagutta","1106","503235"
"25590","Akbar Nagar","1107","503188"
"25591","Ambam","1107","503188"
"25592","Boppapur","1107","503206"
"25593","Chikkadpally","1107","503188"
"25594","Kondapur","1107","503188"
"25595","Lingampalle","1107","503188"
"25596","Raikur","1107","503188"
"25597","Ramanpalle","1107","503188"
"25598","Rudrur","1107","503188"
"25599","Siddapur","1107","503207"
"25600","Fathepur","1108","503185"
"25601","Hunsa","1108","503185"
"25602","Jadijamalpur","1108","503185"
"25603","Khajapur","1108","503185"
"25604","Komanpalle","1108","503185"
"25605","Lakmapur","1108","503235"
"25606","Mandharna","1108","503185"
"25607","Salampad","1108","503185"
"25608","Saloora","1108","503185"
"25609","Taggelli","1108","503185"
"25610","Chimanpalle","1109","503165"
"25611","Chinna Walgot","1109","503165"
"25612","Gadkole","1109","503165"
"25613","Gargepahad","1109","503165"
"25614","Hussainnagar","1109","503165"
"25615","Kondapur","1109","503165"
"25616","Kondur","1109","503165"
"25617","Mailaram","1109","503165"
"25618","Musheernagar","1109","503165"
"25619","Nyavandi","1109","503165"
"25620","Pakhal","1109","503165"
"25621","Pandimadugu","1109","503165"
"25622","Pedda Walgot","1109","503165"
"25623","Pothnur","1109","503165"
"25624","Ramadugu","1109","503164"
"25625","Ravutla","1109","503165"
"25626","Sirkonda","1109","503165"
"25627","Thatpalle","1109","503165"
"25628","Thumpalle","1109","503165"
"25629","Aklur","1110","503311"
"25630","Ameenapur","1110","503311"
"25631","Anksapur","1110","503311"
"25632","Janakampeta","1110","503307"
"25633","Komanpalle","1110","503311"
"25634","Kothapalle","1110","503311"
"25635","Kuknur","1110","503311"
"25636","Lakhora","1110","503311"
"25637","Mothe","1110","503311"
"25638","Narkhoda","1110","503307"
"25639","Padgal","1110","503311"
"25640","Pochampalle","1110","503311"
"25641","Ramannapet","1110","503225"
"25642","Sahebpet","1110","503307"
"25643","Velpur","1110","503311"
"25644","Venkatapur","1110","503311"
"25645","Wadi","1110","503307"
"25646","Humnapur","1111","503206"
"25647","Jakore","1111","503201"
"25648","Jalalpur","1111","503201"
"25649","Khunipur","1111","503201"
"25650","Mallaram","1111","503201"
"25651","Mallaram","1111","503201"
"25652","Pedmal","1111","503187"
"25653","Rajpet","1111","503201"
"25654","S.N.Puram","1111","503201"
"25655","Sayeedpur","1111","503201"
"25656","Shankaoora","1111","503201"
"25657","Siddapur","1111","503187"
"25658","Taglepalle","1111","503188"
"25659","Varni","1111","503201"
"25660","Ambam","1112","503235"
"25661","Arp Camp","1112","503235"
"25662","Brahammanpalle","1112","503235"
"25663","Dharmaram","1112","503202"
"25664","Ibrahimpur","1112","503202"
"25665","Jaithapur","1112","503202"
"25666","Jamlam","1112","503202"
"25667","Jankampet","1112","503186"
"25668","Kurnapalle","1112","503202"
"25669","Mallepahad","1112","503202"
"25670","Mangalpahad","1112","503202"
"25671","Nehru Nager","1112","503186"
"25672","Pocharam","1112","503186"
"25673","Thanekalan","1112","503202"
"25674","Vaddapally","1112","503202"
"25675","Yedpalle","1112","503202"
"25676","Battapur","1113","503308"
"25677","Domchanda","1113","503308"
"25678","Gumeriyal","1113","503308"
"25679","Tadla Rampur","1113","503308"
"25680","Tadpakal","1113","503308"
"25681","Thurat","1113","503225"
"25682","Yergatla","1113","503308"
"25683","Akenpalli","1114","505514"
"25684","Anthergaon","1114","505514"
"25685","Brahmanpalli","1114","505514"
"25686","Eklaspur","1114","505514"
"25687","Goilwada","1114","505514"
"25688","Kundanapalli","1114","505208"
"25689","Lingapur (Og)","1114","505208"
"25690","Maddiriyala","1114","505514"
"25691","Mogalpahad","1114","505208"
"25692","Murmur","1114","505514"
"25693","Potyala","1114","505514"
"25694","Raidandi (Og)","1114","505208"
"25695","Somanapalli","1114","505514"
"25696","Yellampalli","1114","505514"
"25697","Bommareddipalli","1115","505416"
"25698","Botlavanaparthy","1115","505187"
"25699","Chamanpalli","1115","505416"
"25700","Dongathurthy","1115","505187"
"25701","Kammarikhanpeta","1115","505416"
"25702","Katkanpalli","1115","505416"
"25703","Khanampalli","1115","505187"
"25704","Khilavanaparthy","1115","505187"
"25705","Kothur","1115","505525"
"25706","Mallapur","1115","505416"
"25707","Myadaram","1115","505416"
"25708","Narsingapur","1115","505416"
"25709","Paidichinthala Palli","1115","505187"
"25710","Pathipaka","1115","505416"
"25711","Rachapalli","1115","505187"
"25712","Sayampeta","1115","505416"
"25713","Burhanmiyapet","1116","505525"
"25714","Doolikatta","1116","505525"
"25715","Elgaid","1116","505525"
"25716","Lokapeta","1116","505525"
"25717","Muppirithota","1116","505525"
"25718","Narsapur","1116","505525"
"25719","Ryakaldevpalle","1116","505185"
"25720","Sivapalle","1116","505525"
"25721","Sultanpur","1116","505525"
"25722","Abbapuram","1117","505525"
"25723","Julapalli","1117","505525"
"25724","Kachapur","1117","505525"
"25725","Kummarikunta","1117","505525"
"25726","Peddapur","1117","505415"
"25727","Telukunta","1117","505525"
"25728","Telukunta","1117","505525"
"25729","Vadkapur","1117","505525"
"25730","Gundaram","1118","505188"
"25731","Jalipalle","1118","505188"
"25732","Julapalli","1118","505188"
"25733","Kamanpur","1118","505188"
"25734","Lingala","1118","505188"
"25735","Mulkalapalli","1118","505188"
"25736","Nagaram","1118","505188"
"25737","Penchikalpet (Og)","1118","505188"
"25738","Perapalle","1118","505188"
"25739","Rajapur","1118","505212"
"25740","Rompikunta","1118","505188"
"25741","Adavisomanpalle","1119","505184"
"25742","Adrial","1119","505212"
"25743","Akkepalle","1119","505212"
"25744","Ammagaripalle","1119","505184"
"25745","Angulur(D)","1119","505184"
"25746","Arenda","1119","505184"
"25747","Bhatpalle","1119","505184"
"25748","Bitpalle (K)","1119","505184"
"25749","Chinnaodela","1119","505184"
"25750","Eklaspur","1119","505184"
"25751","Gaddalapalle","1119","505184"
"25752","Gopalpur","1119","505184"
"25753","Gumnoor","1119","505184"
"25754","Gunjapaduga","1119","505184"
"25755","Kannala","1119","505184"
"25756","Kasipeta","1119","505184"
"25757","Khanapur","1119","505184"
"25758","Khansaibpeta","1119","505184"
"25759","Kuchirajpalle","1119","505184"
"25760","Lakkapur","1119","505184"
"25761","Maidipalle","1119","505184"
"25762","Mallaram","1119","505184"
"25763","Mallepalle","1119","505184"
"25764","Manthani","1119","505184"
"25765","Nagaram","1119","505184"
"25766","Nagepalle","1119","505184"
"25767","Pandulapalle","1119","505184"
"25768","Peddaodela","1119","505184"
"25769","Puttapaka","1119","505184"
"25770","Rachepalle","1119","505184"
"25771","Sarnepalle","1119","505184"
"25772","Siripuram","1119","505184"
"25773","Uppatla","1119","505184"
"25774","Venkatapur","1119","505184"
"25775","Vilochavaram","1119","505184"
"25776","Adavisrirampur","1120","505184"
"25777","Dharyapur","1120","505153"
"25778","Ippalapalli","1120","505153"
"25779","Kesanapalli","1120","505153"
"25780","Khammampalli","1120","505184"
"25781","Lakkaram","1120","505212"
"25782","Matchupeta","1120","505212"
"25783","Mutharam","1120","505184"
"25784","Mydambanda","1120","505212"
"25785","Odedu","1120","505184"
"25786","Parupalli","1120","505153"
"25787","Potharam","1120","505153"
"25788","Sarvaram","1120","505212"
"25789","Shatharajpalli","1120","505153"
"25790","Sukravarampeta","1120","505212"
"25791","Gudem","1121","505152"
"25792","Gumpula","1121","505152"
"25793","Indurthi","1121","505152"
"25794","Kangarthi","1121","505152"
"25795","Kolanoor","1121","505162"
"25796","Komera","1121","505152"
"25797","Madaka","1121","505152"
"25798","Namsanipalle","1121","505162"
"25799","Odela","1121","505152"
"25800","Pothkapalli","1121","505152"
"25801","Sanagonda","1121","505152"
"25802","Eesalathakkallapalli","1122","505187"
"25803","Elkalapalli","1122","505188"
"25804","Gudipalli","1122","505187"
"25805","Jayyaram","1122","505187"
"25806","Kannala","1122","505187"
"25807","Kukkalagudur","1122","505514"
"25808","Palakurthy","1122","505187"
"25809","Palakurthy (Ct)","1122","505187"
"25810","Putnoor","1122","505187"
"25811","Ranapur","1122","505187"
"25812","Vemnoor","1122","505416"
"25813","Appannapet","1123","505174"
"25814","Bhojannapet","1123","505174"
"25815","Brahmanpalle(Ps)","1123","505174"
"25816","Cheekurai","1123","505174"
"25817","Gattusingaram","1123","505174"
"25818","Gowreddipeta","1123","505174"
"25819","Kanagarthi","1123","505187"
"25820","Kothapalle","1123","505162"
"25821","Maredugonda","1123","505174"
"25822","Mulasala","1123","505162"
"25823","Nimmanapalle","1123","505185"
"25824","Nittur","1123","505174"
"25825","Palthem","1123","505187"
"25826","Peddabonkur","1123","505174"
"25827","Peddakalvala","1123","505174"
"25828","Peddapalle (Ct)","1123","505172"
"25829","Raghavapur","1123","505174"
"25830","Ragineedu","1123","505187"
"25831","Rampalle","1123","505174"
"25832","Rangampalle","1123","505174"
"25833","Rangapur","1123","505188"
"25834","Sabitham","1123","505188"
"25835","Turkalamaddi Kunta","1123","505174"
"25836","Adivarampet","1124","505212"
"25837","Begumpet","1124","505212"
"25838","Budhavarampet","1124","505212"
"25839","Jallaram (Ct)","1124","505184"
"25840","Kalvacherla","1124","505212"
"25841","Ladnapur","1124","505212"
"25842","Lonkakesaram","1124","505212"
"25843","Medipalli (W)","1124","505209"
"25844","Mustiala","1124","505209"
"25845","Nagepalli","1124","505212"
"25846","Nagepally","1124","505212"
"25847","Pannur","1124","505212"
"25848","Peddampeta","1124","505184"
"25849","Ratnapur (Ct)","1124","505212"
"25850","Sundilla (Og)","1124","505209"
"25851","Upperlakesaram","1124","505184"
"25852","Velgalpahad","1124","505212"
"25853","Velgalpahad - Velgalpahad-II","1124",""
"25854","Venkatraopalli","1124","505525"
"25855","Allur","1125","505208"
"25856","Jangoan","1125","505208"
"25857","Maidipalle","1125","505208"
"25858","Malkapur","1125","505208"
"25859","Mallialpalle","1125","505208"
"25860","Maredpaka","1125","505208"
"25861","Paratpalle","1125","505208"
"25862","Ramagundam","1125","505208"
"25863","Edulapuram","1126","505153"
"25864","Gangaram","1126","505153"
"25865","Jafarkhanpet","1126","505174"
"25866","Kistampet","1126","505153"
"25867","Kunaram","1126","505174"
"25868","Madipalle","1126","505162"
"25869","Mallial","1126","505153"
"25870","Mangapet","1126","505174"
"25871","Mirzampet","1126","505153"
"25872","Motlapalle","1126","505153"
"25873","Pandilla","1126","505152"
"25874","Peddampet","1126","505152"
"25875","Pegadapalle","1126","505162"
"25876","Rathupalle","1126","505153"
"25877","Srirampur","1126","505153"
"25878","Tharupalle","1126","505153"
"25879","Vennampalle","1126","505174"
"25880","Bhoopathipuram","1127","505186"
"25881","Chinnabonkur","1127","505185"
"25882","Chinnakalvala","1127","505174"
"25883","Dubbapet","1127","505186"
"25884","Garrepalle","1127","505186"
"25885","Gattepalle","1127","505185"
"25886","Gollapalle","1127","505186"
"25887","Ithrajpalle","1127","505186"
"25888","Kadambapur","1127","505185"
"25889","Kanukula","1127","505185"
"25890","Katnepalle","1127","505525"
"25891","Kodurupaka","1127","505185"
"25892","Mancharami","1127","505185"
"25893","Miyapur","1127","505185"
"25894","Neerukulla","1127","505185"
"25895","Poosala","1127","505185"
"25896","Rebbaldevipalle","1127","505185"
"25897","Regadimaddikunta","1127","505162"
"25898","Suddala","1127","505185"
"25899","Sultanabad","1127","505185"
"25900","Thogarrai","1127","505185"
"25901","Ananthapalle","1128","505524"
"25902","Boinpalle","1128","505524"
"25903","Burgupalle","1128","505524"
"25904","Dundrapalle","1128","505524"
"25905","Kodurupaka","1128","505524"
"25906","Korem","1128","505524"
"25907","Kothapeta","1128","505307"
"25908","Malkapur","1128","505445"
"25909","Mallapur","1128","505445"
"25910","Manwada","1128","505401"
"25911","Narsingapur","1128","505524"
"25912","Shabashpalle","1128","505302"
"25913","Sthambhampalle","1128","505302"
"25914","Thadagonda","1128","505524"
"25915","Vardavelli","1128","505524"
"25916","Vilasagar","1128","505524"
"25917","Ananthapalli(Pk)","1129","505403"
"25918","Bandapalli","1129","505403"
"25919","Chandurthi","1129","505403"
"25920","Engal","1129","505403"
"25921","Jogapur","1129","505307"
"25922","Lingampet","1129","505307"
"25923","Mallial","1129","505307"
"25924","Marrigadda","1129","505403"
"25925","Mudapalli","1129","505403"
"25926","Sanugula","1129","505307"
"25927","Thimmapur(Pn)","1129","505307"
"25928","Dammannapet","1130","505304"
"25929","Desaipet","1130","505304"
"25930","Gajasingaram","1130","505305"
"25931","Gambhiraopet","1130","505304"
"25932","Gorantial","1130","505305"
"25933","Khurdulingampalle","1130","505305"
"25934","Kollamaddi","1130","505304"
"25935","Kothapalle","1130","505304"
"25936","Laxmipuram","1130","505304"
"25937","Lingannapet","1130","505304"
"25938","Mallareddipet","1130","505304"
"25939","Mucherla","1130","505304"
"25940","Mustafanagar","1130","505304"
"25941","Narmala","1130","505304"
"25942","Ramanujapuram","1130","505305"
"25943","Samudralingapuram","1130","505305"
"25944","Srigadha","1130","505304"
"25945","Srinivasapuram","1130","505305"
"25946","Ananthagiri","1131","505402"
"25947","Anantharam","1131","505402"
"25948","Dacharam","1131","505405"
"25949","Galipalli","1131","505530"
"25950","Illanthakunta","1131","505402"
"25951","Jangareddipalli","1131","505402"
"25952","Jawaharpet","1131","505530"
"25953","Kandikatkoor","1131","505401"
"25954","Muskanipet","1131","505402"
"25955","Obulapuram (P.A)","1131","505402"
"25956","Peddalingapur","1131","505405"
"25957","Pottur","1131","505401"
"25958","Rahimkhanpet","1131","505402"
"25959","Ramajipet","1131","505402"
"25960","Repaka","1131","505528"
"25961","Sirikonda","1131","505405"
"25962","Thallapalli","1131","505530"
"25963","Thippapuram (P.A)","1131","505402"
"25964","Vallampatla","1131","505402"
"25965","Vanthadupula","1131","505402"
"25966","Veljipuram","1131","505402"
"25967","Bavusaipeta","1132","505403"
"25968","Dharmaram","1132","505301"
"25969","Kanagarthi","1132","505301"
"25970","Kolanur","1132","505301"
"25971","Konaraopet","1132","505301"
"25972","Kondapuram (Pr)","1132","505301"
"25973","Lachchapeta","1132","505301"
"25974","Malkapet","1132","505301"
"25975","Mamidipalle","1132","505301"
"25976","Marrimadla","1132","505305"
"25977","Marthanpet","1132","505301"
"25978","Nagaram","1132","505301"
"25979","Nimmapalle","1132","505301"
"25980","Nizamabad","1132","505301"
"25981","Palle (Makta)","1132","505302"
"25982","Ramannapet","1132","505301"
"25983","Sivangalapalle","1132","505301"
"25984","Suddala","1132","505302"
"25985","Vattimalla","1132","505301"
"25986","Venkatraopeta","1132","505301"
"25987","Avunoor","1133","505404"
"25988","Bandankal","1133","505404"
"25989","Cheekod","1133","505404"
"25990","Chippalapalle","1133","505404"
"25991","Gudem","1133","505404"
"25992","Gudur","1133","505404"
"25993","Kondapur","1133","505303"
"25994","Maddikunta","1133","505404"
"25995","Moinkunta","1133","505404"
"25996","Moraipalle","1133","505404"
"25997","Morrapur","1133","505404"
"25998","Mustabad","1133","505404"
"25999","Namapur","1133","505404"
"26000","Pothugal","1133","505404"
"26001","Terlumaddi","1133","505404"
"26002","Turkapalle","1133","505404"
"26003","Manala","1134","505307"
"26004","Rudrangi","1134","505307"
"26005","Bonala","1135","505301"
"26006","Mushtipalli","1135","505301"
"26007","Peddur","1135","505301"
"26008","Sardapur","1135","505301"
"26009","Sircilla","1135","505301"
"26010","Baddenapalli","1136","505405"
"26011","Baswapur","1136","505405"
"26012","Cheerlavancha","1136","505302"
"26013","Chintalthana","1136","505302"
"26014","Gandilachapet","1136","505301"
"26015","Jillella","1136","505405"
"26016","Kasbekatkur","1136","505301"
"26017","Mandepalli","1136","505405"
"26018","Narsimhulapalli","1136","505405"
"26019","Nerella","1136","505405"
"26020","Obulapur(Pk)","1136","505405"
"26021","Ramchandrapur","1136","505405"
"26022","Sarampalli","1136","505405"
"26023","Thadur","1136","505405"
"26024","Thangallapalle","1136","505405"
"26025","Venugopalpur","1136","505301"
"26026","Adavipadira","1137","505305"
"26027","Garjanpalle","1137","505305"
"26028","Kancherla","1137","505305"
"26029","Maddimalla","1137","505305"
"26030","Vanpalli","1137","505305"
"26031","Veernapalli","1137","505305"
"26032","Chandragiri","1138","505302"
"26033","Marupaka","1138","505302"
"26034","Nampalli","1138","505302"
"26035","Sankepalli","1138","505302"
"26036","Satrajupalle","1138","505302"
"26037","Thettakunta","1138","505302"
"26038","Thippapuram","1138","505302"
"26039","Vemulawada","1138","505302"
"26040","Anupuram","1139","505302"
"26041","Bollaram","1139","505302"
"26042","Chekkapalli","1139","505302"
"26043","Edurugatla","1139","505302"
"26044","Fazil Nagar","1139","505524"
"26045","Hanmajipet","1139","505403"
"26046","Jayavaram","1139","505302"
"26047","Kodumunja","1139","505302"
"26048","Lingampalli","1139","505403"
"26049","Mallaram","1139","505403"
"26050","Marripalli","1139","505403"
"26051","Nookalamarri","1139","505524"
"26052","Rudraram","1139","505302"
"26053","Vattemla","1139","505524"
"26054","Venkatampalle","1139","505403"
"26055","Akkapalli","1140","505303"
"26056","Almaspur","1140","505305"
"26057","Bandalingampalli","1140","505303"
"26058","Boppapur","1140","505305"
"26059","Dumala","1140","505303"
"26060","Gollapalli","1140","505305"
"26061","Gundaram","1140","505305"
"26062","Korutlapet","1140","505305"
"26063","Narayanapur","1140","505303"
"26064","Padira","1140","505303"
"26065","Pothareddypalli","1140","505301"
"26066","Rajannapet","1140","505305"
"26067","Sarvaipalle","1140","505305"
"26068","Singaram","1140","505305"
"26069","Thimmapur","1140","505305"
"26070","Venkatapur","1140","505301"
"26071","Yellareddypet","1140","505303"
"26072","Abdullapur","1141","501505"
"26073","Akbarja","1141","501505"
"26074","Anajpur","1141","501512"
"26075","Bacharam","1141","501505"
"26076","Balijaguda","1141","501505"
"26077","Bandaraviryal","1141","501505"
"26078","Batasingaram","1141","501512"
"26079","Daira","1141","501512"
"26080","Gowrelli","1141","501505"
"26081","Guntapalle","1141","501512"
"26082","Inamguda","1141","501512"
"26083","Injapur","1141","501510"
"26084","Kawadipalle","1141","501505"
"26085","Koheda","1141","501505"
"26086","Kuntloor (Og)","1141","501505"
"26087","Laskerguda","1141","501512"
"26088","Manneguda (Og)","1141","501510"
"26089","Mazidpur","1141","501512"
"26090","Munganoor (Og)","1141","501505"
"26091","Omerkhan Daira (Ct)","1141","501512"
"26092","Pedda Amberpet (Kalan) (Og)","1141","501505"
"26093","Piglipur","1141","501512"
"26094","Qutubullapur","1141","501505"
"26095","Sagarpump","1141","501512"
"26096","Surmaiguda","1141","501512"
"26097","Tatti Annaram (Og)","1141","500068"
"26098","Tatti Khana (Og)","1141","500068"
"26099","Tharamathipet","1141","501505"
"26100","Thimmaiguda","1141","501512"
"26101","Toroor (Faroor) (Og)","1141","501505"
"26102","Turkayamjal (Ct)","1141","501510"
"26103","Akuthotapalle","1142","509321"
"26104","Amangal","1142","509321"
"26105","Chennampalle","1142","509321"
"26106","Cherikonda Pattikalwakurthy","1142","509321"
"26107","Cherikondapattipadkal","1142","509321"
"26108","Jangareddy Pally","1142","509321"
"26109","Konapur","1142","509358"
"26110","Murthujapally","1142","509321"
"26111","Polepalle","1142","509358"
"26112","Ramanuthula","1142","509358"
"26113","Settipalle","1142","509321"
"26114","Singam Palle","1142","509321"
"26115","Vithaipalle","1142","509321"
"26116","Balapur","1143","500005"
"26117","Chintalakunta (Og)","1143","500097"
"26118","Jalpalle (Og)","1143","500005"
"26119","Jillalguda (Ct)","1143","500097"
"26120","Kothapet","1143","500005"
"26121","Medibowli (Og)","1143","500097"
"26122","Meerpet","1143","500097"
"26123","Papayakumandan","1143","500005"
"26124","Allawada","1144","501503"
"26125","Aloor I","1144","501503"
"26126","Aloor II","1144","501503"
"26127","Aloor III","1144","501503"
"26128","Anantawaram","1144","501503"
"26129","Bastepur","1144","501503"
"26130","Chanvelli","1144","501503"
"26131","Chevella","1144","501503"
"26132","Damergidda","1144","501503"
"26133","Dearlapalle","1144","501503"
"26134","Devarampalle","1144","501503"
"26135","Devuni Erravelly","1144","501503"
"26136","Gollapalle","1144","501503"
"26137","Gundal","1144","501503"
"26138","Hasthepur","1144","501503"
"26139","Ibrahimpalle","1144","501503"
"26140","Kammeta","1144","501503"
"26141","Kanduwada","1144","501503"
"26142","Kesavaram","1144","501503"
"26143","Khanapur","1144","501503"
"26144","Kistapur","1144","501503"
"26145","Kowkuntla","1144","501503"
"26146","Kummera","1144","501503"
"26147","Malkapur","1144","501503"
"26148","Mirjaguda","1144","501503"
"26149","Mudimyal","1144","501503"
"26150","Naincheru","1144","501503"
"26151","Nowlaipalle","1144","501503"
"26152","Nyalata","1144","501503"
"26153","Orella","1144","501503"
"26154","Pamena","1144","501503"
"26155","Ravulapalle (Khurd)","1144","501503"
"26156","Regadghanapur","1144","501503"
"26157","Tallaram","1144","501503"
"26158","Tangedapalle","1144","501503"
"26159","Yenkepalle","1144","501503"
"26160","Allisabguda","1145","509216"
"26161","Annaram","1145","509202"
"26162","Ayyavaripally","1145","509410"
"26163","Bheemaram","1145","509202"
"26164","Buchchiguda","1145","509216"
"26165","Burgul","1145","509202"
"26166","Chattanpalle","1145","509216"
"26167","Chilkamarri (Chelka)","1145","509216"
"26168","Chinchode","1145","509410"
"26169","Chintalaguda","1145","509410"
"26170","Chowlapalle (West)","1145","509410"
"26171","Devunipally","1145","509410"
"26172","Dooskal","1145","509216"
"26173","Elkatta","1145","509410"
"26174","Farooqnagar (Ct)","1145","509216"
"26175","Gantlavelli","1145","509216"
"26176","Gundlakunta","1145","509216"
"26177","Hajipalle","1145","509410"
"26178","Jogammaguda","1145","509202"
"26179","Kammadanam","1145","509216"
"26180","Kamsanpalle","1145","509202"
"26181","Kandivanam","1145","509410"
"26182","Kishannagar","1145","509410"
"26183","Kondannaguda","1145","509216"
"26184","Kongaguda","1145","509216"
"26185","Lingareddy Guda","1145","509216"
"26186","Madhurapur","1145","509202"
"26187","Mogalgidda","1145","509410"
"26188","Nagulapalle","1145","509216"
"26189","Raikal","1145","509202"
"26190","Ramakrishnapur","1145","509202"
"26191","Rangasamudram (Yellampalle)","1145","509410"
"26192","Seriguda Madhurapur","1145","509202"
"26193","Solipur","1145","509216"
"26194","Suryaraoguda","1145","509216"
"26195","Thimmajipalle","1145","509202"
"26196","Veljerla","1145","509216"
"26197","Veljerla – III","1145","509216"
"26198","Veljerla-I","1145","509216"
"26199","Veljerla-Ii","1145","509216"
"26200","Vittyal","1145","509202"
"26201","Alizapur (Og)","1146","500089"
"26202","Bairagiguda","1146","500091"
"26203","Bandlaguda (Jagir) (Ct)","1146","500086"
"26204","Dargah Khaliz Khan","1146",""
"26205","Gandamguda","1146","500091"
"26206","Gandipet","1146","500075"
"26207","Gungurthy","1146","500075"
"26208","Himayathsagar","1146","500075"
"26209","Hydershakote","1146","500091"
"26210","Janibegum","1146","500086"
"26211","Khanapur","1146","500075"
"26212","Kismatpur (Ct)","1146","500030"
"26213","Kokapet (Og)","1146","500075"
"26214","Manchirevula","1146","500086"
"26215","Manikonda (Jagir) (Og)","1146","500089"
"26216","Manikonda (Khalsa) (Og)","1146","500089"
"26217","Maqtha Kousarali","1146","500104"
"26218","Narsingi","1146","500089"
"26219","Neknampur (Og)","1146","500089"
"26220","Panjashajamal Bowli","1146","500089"
"26221","Peeramcheru","1146","500091"
"26222","Pokkalwada","1146","500089"
"26223","Puppalguda (Og)","1146","500089"
"26224","Sikanderguda","1146","500086"
"26225","Vattinagulapalle","1146","500075"
"26226","Anmagal Hayathnagar","1147",""
"26227","Bagh Hayathnagar","1147",""
"26228","Brahmanapally","1147","501505"
"26229","Hathiguda (Og)","1147","501505"
"26230","Injapur (Og)","1147","501510"
"26231","Kalvancha (Og)","1147","500070"
"26232","Khalsa Hayathnagar","1147",""
"26233","Marripalle","1147","501505"
"26234","Omarkhandaira","1147","501512"
"26235","Pasmamla","1147","501505"
"26236","Pochampalle Wada","1147","501505"
"26237","Sahebnagar Khurd","1147",""
"26238","Adibatla","1148","501510"
"26239","Alimiyakunta","1148","501506"
"26240","Bongloor","1148","501510"
"26241","Cherla Patelguda","1148","501506"
"26242","Chintapalleguda","1148","501506"
"26243","Dandumailaram","1148","501508"
"26244","Ferozguda","1148","501510"
"26245","Hafeezpur","1148",""
"26246","Ibrahimpatnam (Bagath) (Ct)","1148","501506"
"26247","Ibrahimpatnam (Khalsa)","1148","501506"
"26248","Ismailshapampu","1148","501506"
"26249","Kappapahad","1148","501506"
"26250","Khanapur","1148","501506"
"26251","Kongara Kalan","1148","501510"
"26252","Mangalpalle","1148","501510"
"26253","Muknoor","1148","501508"
"26254","Naganpalle","1148","501508"
"26255","Narrepalle","1148","501508"
"26256","Pocharam","1148","501506"
"26257","Polkampalle","1148","501508"
"26258","Rainguda","1148","501508"
"26259","Raipole","1148","501508"
"26260","Ramdaspalle","1148","501510"
"26261","Ramreddiguda","1148","501506"
"26262","Sayabguda","1148",""
"26263","Tadlakalva","1148","501506"
"26264","Tattikhana","1148","501506"
"26265","Toolekalan","1148","501509"
"26266","Turkaguda","1148","501506"
"26267","Uppariguda","1148","501506"
"26268","Yeliminedu","1148","501506"
"26269","Yengalaguda","1148","501508"
"26270","Yerrakunta","1148","501506"
"26271","Chalivendrampalle","1149","509207"
"26272","Chegireddy Ghanpur","1149","509207"
"26273","Chennareddiguda","1149","509207"
"26274","Edira","1149","509207"
"26275","Gunjalapahad","1149","509207"
"26276","Gunjalapahad - D","1149",""
"26277","Gurrampalle","1149","509207"
"26278","Indranagar","1149","509207"
"26279","Jakaram","1149","509207"
"26280","Malkapahad","1149","509207"
"26281","Padmaram","1149","509207"
"26282","Pedda Yelkicherla","1149","509207"
"26283","Raviryal","1149","509207"
"26284","Thoompalle","1149","509207"
"26285","Tummalapalle","1149","509207"
"26286","Vanampalle","1149","509207"
"26287","Veerannapet","1149","509207"
"26288","Chellampalle","1150","509358"
"26289","Cherikonda","1150","509408"
"26290","Ekrajguda","1150","509358"
"26291","Kadthal","1150","509358"
"26292","Karkalpahad","1150","509358"
"26293","Makthamadharam","1150","509408"
"26294","Mudwin","1150","509408"
"26295","Nagireddiguda","1150","500075"
"26296","Nyamathapur","1150","509408"
"26297","Ravichedu","1150","509408"
"26298","Salarpur","1150","509408"
"26299","Takrajguda","1150","509358"
"26300","Vampuguda","1150","509358"
"26301","Vasudevapur","1150","509358"
"26302","Akberja","1151","501359"
"26303","Allikhanpalle","1151","500113"
"26304","Annojiguda","1151","500113"
"26305","Bachupalle","1151","500113"
"26306","Chippalpalle","1151","500113"
"26307","Dasarlapalle","1151","500113"
"26308","Debbadaguda","1151","500113"
"26309","Dhannaram","1151","500113"
"26310","Gafoornagar","1151","500113"
"26311","Gudoor","1151","500113"
"26312","Gummadavalle","1151","501506"
"26313","Jaithwaram (Khalsa)","1151","500113"
"26314","Jaithwaram (Maqta)","1151","500113"
"26315","Kandukur","1151","500113"
"26316","Kothur","1151","500113"
"26317","Kufarchandguda","1151","501359"
"26318","Lemoor","1151","501359"
"26319","Madhapur","1151","501506"
"26320","Meerkhanpet","1151","501509"
"26321","Mohammadnagar","1151","500113"
"26322","Mucherla","1151","509358"
"26323","Murlinagar","1151","500113"
"26324","Nednur","1151","500113"
"26325","Panjaguda","1151","501509"
"26326","Peruguguda","1151","500113"
"26327","Pulumamidi","1151","500113"
"26328","Rachloor","1151","501359"
"26329","Sarvaravulapalle","1151","501359"
"26330","Thimmaipalle","1151","500113"
"26331","Timmapur","1151","501506"
"26332","Alwal","1152","509408"
"26333","Bhairkhanpalle","1152","509408"
"26334","Bodanampalle","1152","509408"
"26335","Chintakuntapalle","1152","509408"
"26336","Chowlapalle(East)","1152","509408"
"26337","Dattaipalle","1152","509216"
"26338","Eklaskhanpeta","1152","509408"
"26339","Ippalapalle","1152","509216"
"26340","Kakunoor","1152","509408"
"26341","Keshampet","1152","509408"
"26342","Kondareddipally","1152","509202"
"26343","Kothapeta","1152","509408"
"26344","Lemamidi","1152","509408"
"26345","Lingamdana","1152","509408"
"26346","Nirdavelly","1152","509408"
"26347","Papireddiguda","1152","509216"
"26348","Pomalpalle","1152","509202"
"26349","Sangam","1152","509216"
"26350","Santhapur","1152","509408"
"26351","Thommidirekula","1152","509408"
"26352","Vemulanarva","1152","509408"
"26353","Agiryal","1153","509207"
"26354","Bhirampalle","1153","509207"
"26355","Cherukupalle","1153","509207"
"26356","Chinnayelkicherla","1153","509410"
"26357","Chukkammet","1153","509207"
"26358","Galiguda","1153","509207"
"26359","Govindapur","1153","509207"
"26360","Gunjalapahad","1153","509207"
"26361","Hazipet","1153","509207"
"26362","Jilled","1153","509207"
"26363","Kondurg (E)","1153","509207"
"26364","Kondurg(West)","1153","509207"
"26365","Mahadevpoor","1153","509410"
"26366","Mutpoor","1153","509207"
"26367","Parvathapur","1153","509207"
"26368","Regadi Chilakamarri","1153","509207"
"26369","Somarampad","1153","509410"
"26370","Srirangapur","1153","509410"
"26371","Tangellapalle","1153","509207"
"26372","Tekulapalle","1153","509207"
"26373","Ummenthyal","1153","509207"
"26374","Uttaraspalle","1153","509207"
"26375","Venkiryal","1153","509207"
"26376","Viswanathpur","1153","509207"
"26377","Bhadrai Palle","1154",""
"26378","Gudur","1154","509325"
"26379","Inmulnarva","1154","509228"
"26380","Khajiguda","1154","509228"
"26381","Kodicherla","1154","509228"
"26382","Kothur (Ct)","1154","509228"
"26383","Mallapur","1154","509325"
"26384","Mekaguda","1154","509228"
"26385","Narsappaguda","1154","509228"
"26386","Penjerla","1154","509228"
"26387","Rangapur","1154","509228"
"26388","Seriguda (Bhadrai Palle)","1154","509228"
"26389","Siddapur","1154","509228"
"26390","Theegapur","1154","509325"
"26391","Thimmapur","1154","509325"
"26392","Andugul","1155","509327"
"26393","Anneboinpalle","1155","509327"
"26394","Appareddipalle","1155","509327"
"26395","Arkapalle","1155","509327"
"26396","Aurpalle","1155","509327"
"26397","Brahmanapalle","1155","509327"
"26398","Dodlapahad","1155","509327"
"26399","Girikothapalle","1155","509327"
"26400","Irwin","1155","509327"
"26401","Kalakonda","1155","509327"
"26402","Kubyagani Thanda","1155","509327"
"26403","Kulkulpalle","1155","509327"
"26404","Madgul","1155","509327"
"26405","Nagilla","1155","509327"
"26406","Narsampally","1155","509327"
"26407","Ramanampalle","1155","509327"
"26408","Suddapalle","1155","509327"
"26409","Akanpalle","1156","509325"
"26410","Almasguda","1156","500112"
"26411","Ameerpet","1156","509325"
"26412","Baghmankhal","1156","501359"
"26413","Dabilguda","1156","509325"
"26414","Dilwarguda","1156","509325"
"26415","Dubbacherla","1156","509325"
"26416","Gangaram","1156","501359"
"26417","Ghatpalle","1156","509325"
"26418","Gollor","1156","509325"
"26419","Imamguda","1156","501359"
"26420","Kalwakole","1156","509325"
"26421","Kollapadkal","1156","509325"
"26422","Kongar Khurd (A)","1156","501510"
"26423","Kongar Khurd (B)","1156","501510"
"26424","Maheswaram","1156","501359"
"26425","Malikdanguda","1156","501359"
"26426","Mankhal","1156","501359"
"26427","Mansanpalle","1156","509325"
"26428","Mohabatnagar","1156","501359"
"26429","Nagaram","1156","501218"
"26430","Nagireddipalle","1156","509325"
"26431","Nandipalle","1156","501218"
"26432","Pendyal","1156","509325"
"26433","Porandla","1156","500113"
"26434","Raviryal","1156","501510"
"26435","Sardar Nagar","1156","501359"
"26436","Sirigiripur","1156","501359"
"26437","Sreenagar","1156","501359"
"26438","Subhanpur","1156","509325"
"26439","Thummaloor","1156","501359"
"26440","Toopra Khurd","1156","509325"
"26441","Venkannaguda","1156","509325"
"26442","Agapalle","1157","501506"
"26443","Arutla","1157","501508"
"26444","Asmatpur","1157","501508"
"26445","Bandalemoor","1157","501508"
"26446","Bodakonda @ Penikarla Thanda","1157","501508"
"26447","Chandkhanguda","1157","501508"
"26448","Cheeded","1157","501508"
"26449","Chittapur","1157","501508"
"26450","Dadpalle","1157","501508"
"26451","Jainammaguda","1157","501508"
"26452","Japala","1157","501508"
"26453","Kagazghat","1157","501506"
"26454","Lingampalle","1157","501508"
"26455","Loyapalle","1157","501508"
"26456","Mallikarjunaguda","1157","501508"
"26457","Manchal","1157","501508"
"26458","Manorabad","1157","501508"
"26459","Nallacheru","1157","501508"
"26460","Nomula","1157","501508"
"26461","Rangapur","1157","501508"
"26462","Sabithnagar","1157","501508"
"26463","Sreemanthguda","1157","501508"
"26464","Thallapalliguda","1157","501508"
"26465","Thippaiguda","1157","501508"
"26466","Amdapur","1158","501504"
"26467","Ameerguda","1158",""
"26468","Aziznagar","1158","501504"
"26469","Bakaram Jagir","1158","501504"
"26470","Bangaliguda","1158","501504"
"26471","Chakaliguda","1158",""
"26472","Chandanagar","1158","501504"
"26473","Chilkoor","1158","501504"
"26474","Chinna Mangalaram","1158","501504"
"26475","Chinnashapur","1158","501504"
"26476","Deval Venkatapur","1158",""
"26477","Devulapally","1158",""
"26478","Himayathnagar","1158","501504"
"26479","Kanakamamidi","1158","501504"
"26480","Kanchamonigudem","1158",""
"26481","Kasimbouli","1158",""
"26482","Kethireddipalle","1158","501504"
"26483","Medipalle","1158","501504"
"26484","Moinabad","1158",""
"26485","Mothukupalle","1158","501504"
"26486","Murthuzaguda","1158","501504"
"26487","Nagireddiguda","1158","501504"
"26488","Nakkalapalle","1158","501504"
"26489","Nazeebnagar","1158","501504"
"26490","Peddamangalaram","1158","501504"
"26491","Reddipalle","1158","501504"
"26492","Sajjanpalle","1158","501504"
"26493","Sriramnagar","1158","501504"
"26494","Surangal","1158","501504"
"26495","Tolkatta","1158","501504"
"26496","Venkatapur","1158","501504"
"26497","Yelkaguda","1158",""
"26498","Yenkepalle","1158","501504"
"26499","Yethbarpalle","1158","501504"
"26500","Chegur","1159","509325"
"26501","Edulapalle","1159","509216"
"26502","Mamidipalle","1159","509217"
"26503","Nandigam","1159","509228"
"26504","Veerlapalle","1159","509325"
"26505","Attapur","1160",""
"26506","Bomrukundowla","1160",""
"26507","Budwel","1160",""
"26508","Gaganpahad","1160",""
"26509","Hyderguda","1160",""
"26510","Hydershakot (Og)","1160","500091"
"26511","Katedhan","1160",""
"26512","Lakshmiguda","1160",""
"26513","Madannaguda","1160",""
"26514","Mailardevpally","1160",""
"26515","Narsingi (Ct)","1160","500089"
"26516","Pallecheru","1160","500075"
"26517","Premavathipet","1160",""
"26518","Shivarampally Jagir","1160",""
"26519","Shivarampally Paiga","1160",""
"26520","Sogbowli","1160",""
"26521","Sogbowli","1160","500048"
"26522","Upperpally","1160",""
"26523","Almasguda (Og)","1161","500112"
"26524","Badangpet (Ct)","1161","500112"
"26525","Bahadurguda","1161",""
"26526","Bairamalguda","1161",""
"26527","Balapur (Og)","1161","500005"
"26528","Champapet","1161",""
"26529","Dawoodkhanguda (Og)","1161","500112"
"26530","Gaddiannaram (Partly)","1161","500060"
"26531","Kharmanghat","1161",""
"26532","Kothapet (Ct)","1161","500102"
"26533","Kurmalguda (Og)","1161","501510"
"26534","Lingojiguda","1161",""
"26535","Mallapur (Og)","1161","500005"
"26536","Mamidipalle (Og)","1161","500005"
"26537","Mansoorabad","1161",""
"26538","Meerpet (Ct)","1161","500097"
"26539","Nadargul (Og)","1161","501510"
"26540","Pahadisharief","1161","500005"
"26541","Renukapur (Og)","1161","500005"
"26542","Roshan Dowla","1161",""
"26543","Saroor Nagar","1161",""
"26544","Thummabowli","1161",""
"26545","Tummalakunta","1161",""
"26546","Venkatapur (Og)","1161","500005"
"26547","Chandanagar","1162",""
"26548","Darga Hussainshahwal","1162",""
"26549","Gachibowli","1162",""
"26550","Gafoornagar","1162",""
"26551","Gopanpalle","1162",""
"26552","Guttala Begumpet","1162",""
"26553","Hafeezpet","1162",""
"26554","Izzatnagar","1162",""
"26555","Kancha Gachhibowli","1162",""
"26556","Khajaguda","1162",""
"26557","Khanammet","1162",""
"26558","Khanammet","1162",""
"26559","Kondapur","1162",""
"26560","Kothaguda","1162",""
"26561","Madeenaguda","1162",""
"26562","Madhapur","1162",""
"26563","Maktha Mahabubpet","1162",""
"26564","Miyapur","1162",""
"26565","Nalagandla","1162",""
"26566","Nanakramguda","1162",""
"26567","Raidurg Khalsa","1162",""
"26568","Raidurg Nowkhalsa","1162",""
"26569","Raidurg Paigah","1162",""
"26570","Raidurg Panmaktha","1162",""
"26571","Ramannaguda","1162",""
"26572","Serilingampalle (M)","1162",""
"26573","Serinalagandla","1162",""
"26574","Sulthanwalva","1162",""
"26575","Taranagar","1162",""
"26576","Ananthawaram","1163","509217"
"26577","Bhongirpalle","1163","509410"
"26578","Bobbilgam","1163","509217"
"26579","Chandenvalle","1163","501503"
"26580","Damerlapalle","1163","509410"
"26581","Etlaerravaly","1163","501503"
"26582","Hayathabad","1163","509217"
"26583","Kakloor","1163","509217"
"26584","Kesavaram","1163","509217"
"26585","Komerabanda","1163","509217"
"26586","Machanpalle","1163","509410"
"26587","Maddur","1163","509217"
"26588","Manmarri","1163","509410"
"26589","Nagarkunta","1163","509217"
"26590","Obagunta","1163","509217"
"26591","Peddaved","1163","509217"
"26592","Polaram","1163","509217"
"26593","Pothugal","1163","509217"
"26594","Rangapur","1163","509217"
"26595","Regadidoswada","1163","501501"
"26596","Rudraram","1163","501503"
"26597","Shabad","1163","509217"
"26598","Solipet","1163","509217"
"26599","Tadlapalle","1163","509217"
"26600","Tirumalapur","1163","501501"
"26601","Ammapalle","1164","501218"
"26602","Bahadurguda","1164","501218"
"26603","Cherlaguda","1164","501218"
"26604","Chowderguda","1164","501218"
"26605","Devatabowli","1164","509325"
"26606","Gandiguda","1164","509325"
"26607","Ghansimiaguda","1164","509325"
"26608","Golkonda Kalan","1164","501218"
"26609","Golkonda Khurd","1164","501218"
"26610","Gollapalle Kalan","1164","501218"
"26611","Gollapalle Khurd","1164","501218"
"26612","Hamidullanagar","1164","501218"
"26613","Hariguda","1164","501359"
"26614","Jukal","1164","501218"
"26615","Kacharam","1164","501218"
"26616","Kaveliguda","1164","501504"
"26617","Kishanguda","1164","509325"
"26618","Kolbowidoddi","1164","509325"
"26619","Kothwalguda","1164","501218"
"26620","Langerguda","1164","501218"
"26621","Madanpalle","1164","509325"
"26622","Malkaram","1164","501218"
"26623","Malkaram - 2","1164",""
"26624","Malkaram -1","1164",""
"26625","Maqtabahadur Ali","1164","501218"
"26626","Muchintal","1164","509325"
"26627","Nanajpur","1164","501218"
"26628","Narkhuda","1164","501218"
"26629","Ootpalle","1164","509325"
"26630","Palmakole","1164","509325"
"26631","Pashambanda (Og)","1164","500052"
"26632","Peddashapur","1164","509325"
"26633","Peddatopra","1164","509325"
"26634","Posettyguda","1164","501218"
"26635","Ramanujapur","1164","501218"
"26636","Rasheedguda","1164","501218"
"26637","Rayakunta","1164",""
"26638","Rayannaguda","1164","501218"
"26639","Rayikunta","1164",""
"26640","Samasthan Wanaparthy","1164",""
"26641","Sanghiguda","1164","509325"
"26642","Satamrai (Og)","1164","500052"
"26643","Sayyed Guda","1164","501218"
"26644","Shahjadi Begum (Og)","1164","501218"
"26645","Shamshabad (Ct)","1164","501218"
"26646","Shankarapur","1164","501218"
"26647","Sultanpalle","1164","501218"
"26648","Tondpalle","1164","509325"
"26649","Anthappaguda","1165","501203"
"26650","Bhulkapur","1165","501203"
"26651","Chandippa","1165","501203"
"26652","Donthanpalle","1165","501203"
"26653","Fathepur","1165","501203"
"26654","Gopularam","1165","501203"
"26655","Hussainipur","1165","501203"
"26656","Janwada","1165","501203"
"26657","Kondakal","1165","501203"
"26658","Kothapalle","1165","501203"
"26659","Mahalingapuram","1165","501203"
"26660","Maharajpet","1165","501203"
"26661","Masaniguda","1165","501203"
"26662","Mokila","1165","501203"
"26663","Parveda (Chanchalam)","1165","501203"
"26664","Parveda Khalsa","1165","501203"
"26665","Proddutur","1165","501203"
"26666","Ramanthapur","1165","501203"
"26667","Ravalpalle Kalan","1165","501203"
"26668","Sankepalle (Khalsa)","1165","501203"
"26669","Sankepalle (Paigah)","1165","501203"
"26670","Shankarpalle","1165","501203"
"26671","Singapur","1165","501203"
"26672","Tangutoor","1165","501203"
"26673","Yelwarthy","1165","501203"
"26674","Yervaguda","1165","501203"
"26675","Antharam","1166","509357"
"26676","Badnapur","1166","509357"
"26677","Chandradana","1166","509357"
"26678","Cheepunuthala","1166","509321"
"26679","Chennaram","1166","509321"
"26680","Chouderpally","1166","509357"
"26681","Chukkapur","1166","509321"
"26682","Garvipalle","1166","509357"
"26683","Gattu Ippalapalle","1166","509320"
"26684","Jangamreddypally","1166","509321"
"26685","Julapalle","1166","509357"
"26686","Khanapur","1166","509321"
"26687","Lingarapalle","1166","509408"
"26688","Medakpalle","1166","509357"
"26689","Padakal","1166","509408"
"26690","Rampur","1166","509357"
"26691","Seriramakrishnapur","1166","509408"
"26692","Talakondapalle","1166","509321"
"26693","Thimmapur","1166","509357"
"26694","Veljala","1166","509357"
"26695","Venkatapoor","1166","509408"
"26696","Venkatapurpatti Veljala","1166","509357"
"26697","Venkatraopeta","1166","509320"
"26698","Yadavalli","1166","509321"
"26699","Chintapatla","1167","501509"
"26700","Chowderpalle","1167","501509"
"26701","Gungal","1167","501506"
"26702","Kothapalle","1167","501509"
"26703","Kurmidda","1167","501509"
"26704","Malkizguda H/O Nandiwanaparthy","1167",""
"26705","Mandigowrelly","1167","501509"
"26706","Manthangoud","1167","501509"
"26707","Manthangowrelly","1167","501509"
"26708","Medpalle","1167","501509"
"26709","Mogullavampu","1167","501509"
"26710","Nakkarta","1167","501509"
"26711","Nallavelly","1167","501509"
"26712","Nanaknagar","1167","501509"
"26713","Nandiwanaparthy","1167","501509"
"26714","Nazdik Singaram","1167","501509"
"26715","Sultanpur","1167","501509"
"26716","Thakkellapalle","1167","501509"
"26717","Thatiparthy","1167","501509"
"26718","Tulekhurd","1167","501509"
"26719","Yacharam","1167","501509"
"26720","Ameenapur (Ct)","1168","502032"
"26721","Ilapur","1168","502319"
"26722","Jankampet H/O Wadakpally","1168",""
"26723","Krishtareddipet","1168","502319"
"26724","Patelguda","1168","502319"
"26725","Rendlagadda","1168","502319"
"26726","Sultanpur","1168","502319"
"26727","Wadakpalle","1168","502296"
"26728","Aksanpalle","1169","502270"
"26729","Almaipet","1169","502273"
"26730","Andole","1169","502273"
"26731","Annasagar","1169","502270"
"26732","Brahmanpalle","1169","502270"
"26733","Chintakunta","1169","502270"
"26734","Dakoor","1169","502270"
"26735","Danampalle","1169","502270"
"26736","Jogipet (Ct)","1169","502270"
"26737","Kansanpalle","1169","502270"
"26738","Kichanapalle","1169","502270"
"26739","Kodekal","1169","502270"
"26740","Kondareddipalle","1169","502273"
"26741","Mansanpalle","1169","502270"
"26742","Masanpalle","1169","502270"
"26743","Nadlapur","1169","502270"
"26744","Neerdigunta","1169","502270"
"26745","Posanipet","1169","502270"
"26746","Pothareddipalle","1169","502273"
"26747","Ramsanpalle","1169","502270"
"26748","Rollapahad","1169","502270"
"26749","Saibanpet","1169","502273"
"26750","Sangupet","1169","502273"
"26751","Serimallareddipalle","1169","502270"
"26752","Tadamanoor","1169","502270"
"26753","Telelma","1169","502270"
"26754","Yerraram","1169","502270"
"26755","Chakriyal","1170","502273"
"26756","Choutkur","1170","502273"
"26757","Gongojipet","1170","502293"
"26758","Hunnapur","1170","502273"
"26759","Korpole","1170","502273"
"26760","Lingampalle","1170","502273"
"26761","Posanipalle","1170","502273"
"26762","Sarafpalle","1170","502273"
"26763","Seripeddareddipet","1170","502293"
"26764","Sivampet","1170","502273"
"26765","Sultanpur","1170","502273"
"26766","Taddanpalle","1170","502273"
"26767","Vendikole","1170","502273"
"26768","Venkatakistapur @ Angadipet","1170","502273"
"26769","Annaram (Ct)","1171","502313"
"26770","Antharam","1171","502313"
"26771","Bonthapalle (Ct)","1171","502313"
"26772","Dacharam","1171","502313"
"26773","Domadugu","1171","502313"
"26774","Gummadidala","1171","502313"
"26775","Kankunta","1171","502313"
"26776","Kothapalle","1171","502313"
"26777","Lakshmapur","1171","502313"
"26778","Mambapur","1171","502313"
"26779","Nallavally","1171","502313"
"26780","Pyaranagar","1171","502313"
"26781","Akwanchaguda","1172","502313"
"26782","Borpatla","1172","502296"
"26783","Chandapur","1172","502296"
"26784","Cheekumaddur","1172","502314"
"26785","Chintalcheru","1172","502296"
"26786","Devalpalle","1172","502296"
"26787","Devunigutta","1172","502314"
"26788","Doultabad","1172","502296"
"26789","Govindarajupalle","1172","502314"
"26790","Gundla Machanur","1172","502296"
"26791","Hathnoora","1172","502296"
"26792","Kasal","1172","502296"
"26793","Kodapak","1172","502313"
"26794","Konampet","1172","502296"
"26795","Koniyal","1172","502314"
"26796","Lingapur","1172","502314"
"26797","Macherla","1172","502296"
"26798","Madhura","1172","502314"
"26799","Malkapur","1172","502296"
"26800","Mangapur","1172","502296"
"26801","Nagaram","1172","502313"
"26802","Naguldevpalle","1172","502296"
"26803","Nastipur","1172","502296"
"26804","Nawabpet","1172","502296"
"26805","Palapnoor","1172","502296"
"26806","Panyal","1172","502314"
"26807","Reddikhanapur","1172","502296"
"26808","Royyapalle","1172","502319"
"26809","Sadullanagar","1172","502296"
"26810","Seri Sirpura","1172","502314"
"26811","Shairkhanpalle","1172","502313"
"26812","Sikandarpur","1172","502296"
"26813","Sirpuram","1172","502314"
"26814","Taherkhanpet","1172","502296"
"26815","Turkal Khanapur","1172","502296"
"26816","Yellammaguda","1172","502296"
"26817","Ananthasagar","1173","502321"
"26818","Bardipur","1173","502246"
"26819","Bidekanna","1173","502246"
"26820","Bopanpalle","1173","502246"
"26821","Boregaon","1173","502246"
"26822","Chilemamidi","1173","502321"
"26823","Chilepalle","1173","502249"
"26824","Chilkepalle","1173","502321"
"26825","Devarampalle","1173","502246"
"26826","Edakulapalle","1173","502321"
"26827","Edulapalle","1173","502321"
"26828","Gangapur","1173","502257"
"26829","Giniyarpalle","1173","502321"
"26830","Guntamarpalle","1173","502246"
"26831","Islampur","1173","502321"
"26832","Jeerlapalle","1173","502246"
"26833","Jharasangam","1173","502246"
"26834","Junegaon","1173","502345"
"26835","Kakkerwada","1173","502246"
"26836","Kamalpalle","1173","502246"
"26837","Kappad","1173","502257"
"26838","Kollur","1173","502246"
"26839","Krishnapur","1173","502246"
"26840","Kuppanagar","1173","502246"
"26841","Machnoor","1173","502246"
"26842","Medpalle","1173","502321"
"26843","Narsapur","1173","502246"
"26844","Potpalle","1173","502318"
"26845","Pyarawaram","1173","502321"
"26846","Rampur","1173","502321"
"26847","Sangam [Khurd]","1173","502246"
"26848","Siddapur","1173","502251"
"26849","Tummanpalle","1173","502246"
"26850","Vanampalle","1173","502251"
"26851","Yelgoi","1173","502249"
"26852","Alleenagar H/O Chetlapotharam","1174",""
"26853","Amdoor","1174","502296"
"26854","Bollaram (Ct)","1174","502325"
"26855","Chetlapotharam","1174","502319"
"26856","Gaddipotharam","1174","502319"
"26857","Jinnaram","1174","502319"
"26858","Khazipalle","1174","502319"
"26859","Kistaipalle","1174","502319"
"26860","Kodakanchi","1174","502319"
"26861","Korlakunta H/O Nalthur","1174",""
"26862","Madharam","1174","502319"
"26863","Mangampet","1174","502319"
"26864","Nalthur","1174","502319"
"26865","Ootla","1174","502319"
"26866","Palem","1174","502319"
"26867","Puttaguda","1174","502319"
"26868","Rallakathwa","1174","502319"
"26869","Sivanagar","1174","502319"
"26870","Solakpalle","1174","502319"
"26871","Vailal","1174","502319"
"26872","Bibipet","1175","502287"
"26873","Fathepoor","1175","502287"
"26874","Kalher","1175","502371"
"26875","Khanapur (Kadeem)","1175","502371"
"26876","Krishnapoor","1175","502371"
"26877","Mahadev Palle","1175","502371"
"26878","Mardi","1175","502287"
"26879","Masan Palle","1175","502371"
"26880","Meerkhanpet","1175","502371"
"26881","Raparthy","1175","502371"
"26882","Arutla","1176","502296"
"26883","Byathole","1176","502296"
"26884","Cheriyal","1176","502285"
"26885","Chidruppa","1176","502296"
"26886","Eddumailaram (Ct)","1176","502285"
"26887","Erdanoor","1176","502296"
"26888","Indrakaran","1176","502329"
"26889","Julkal","1176","502285"
"26890","Kalvemula","1176","502285"
"26891","Kandi","1176","502285"
"26892","Kandireddigudem","1176",""
"26893","Kasipur","1176","502285"
"26894","Koulampet","1176","502329"
"26895","Makthaalloor","1176","502285"
"26896","Mamidipalle","1176","502329"
"26897","Topgonda","1176","502285"
"26898","Utharpalle","1176","502295"
"26899","Bhanswada","1177","502287"
"26900","Bheemra","1177","502286"
"26901","Borgi Aurad","1177","502286"
"26902","Chapta [B]","1177","502287"
"26903","Chapta [Khurd]","1177","502287"
"26904","Chowkanpalle","1177","502286"
"26905","Damaragiddi [Panchamahal]","1177","502286"
"26906","Degulawadi","1177","502286"
"26907","Enkemori","1177","502286"
"26908","Gajulpahad","1177","502287"
"26909","Ghanpur","1177","502287"
"26910","Jamgiburg","1177","502287"
"26911","Jamgikhurd","1177","502287"
"26912","Kangti","1177","502286"
"26913","Murkunjal","1177","502287"
"26914","Naganpalle","1177","502287"
"26915","Nagoor [B]","1177","502286"
"26916","Nagoor [K]","1177","502286"
"26917","Ramathirath","1177","502286"
"26918","Rasole","1177","502287"
"26919","Sidhangarga","1177","502286"
"26920","Sukalteerth","1177","502287"
"26921","Tadkal","1177","502287"
"26922","Turkwadgaon","1177","502286"
"26923","Valmoor","1177","502287"
"26924","Yampalle","1177","502287"
"26925","Badampet","1178","502318"
"26926","Bilalpur","1178","502210"
"26927","Chinthalghat","1178","502321"
"26928","Digwal","1178","502321"
"26929","Godgar Palle","1178","502318"
"26930","Gurjuwada","1178","502321"
"26931","Kavelli","1178","502321"
"26932","Khanapur","1178","502210"
"26933","Kohir","1178","502210"
"26934","Kothur Patti Digwal","1178","502321"
"26935","Kothur Pattikohir","1178","502210"
"26936","Machreddipalle","1178","502210"
"26937","Madri","1178","502321"
"26938","Maniyarpalle","1178","502210"
"26939","Nagireddy Palle","1178","502210"
"26940","Paidigummal","1178","502210"
"26941","Parsapalle","1178","502210"
"26942","Picharagad","1178","502210"
"26943","Pothireddypalle","1178","502210"
"26944","Rajnelli","1178","502321"
"26945","Sajjapur","1178","502210"
"26946","Siddapur Pattikohir","1178","502318"
"26947","Venkatapur","1178","502321"
"26948","Aliabad","1179","502306"
"26949","Ananthasagar","1179","502306"
"26950","Chimaldari Konapur","1179","502295"
"26951","Gadimalkapuram","1179","502295"
"26952","Gangaram","1179","502306"
"26953","Garakurthi","1179","502306"
"26954","Girmapur","1179","502306"
"26955","Gollapalle","1179","502295"
"26956","Goplaram (Kurd)","1179","502295"
"26957","Gunthapalle","1179","502295"
"26958","Haridaspur","1179","502295"
"26959","Kondapur","1179","502306"
"26960","Kutubshapet","1179","502295"
"26961","Machepalle","1179","502306"
"26962","Malkapur","1179","502295"
"26963","Mallepalle","1179","502295"
"26964","Mansanpally","1179","502306"
"26965","Marepalle","1179","502306"
"26966","Mohammadapur","1179","502295"
"26967","Munidevunipalle","1179","502295"
"26968","Saidapur","1179","502306"
"26969","Terpole","1179","502295"
"26970","Togurpalle","1179","502306"
"26971","Athimail","1180","502286"
"26972","Badalgaon","1180","502286"
"26973","Bellapur","1180","502286"
"26974","Borancha","1180","502290"
"26975","Danvar","1180","502269"
"26976","Davvur","1180","502286"
"26977","Dosapalle","1180","502286"
"26978","Dudhagonda","1180","502290"
"26979","Gatlingampalle","1180","502286"
"26980","Islampur","1180","502269"
"26981","Kamalapur","1180","502286"
"26982","Magdumpur","1180","502286"
"26983","Maikode","1180","502286"
"26984","Manoor","1180","502286"
"26985","Nadigadda Hukrana","1180","502286"
"26986","Pulkurthy","1180","502286"
"26987","Raipalle","1180","502269"
"26988","Ranapur","1180","502290"
"26989","Shelgera","1180","502286"
"26990","Thornal","1180","502286"
"26991","Timmapur","1180","502286"
"26992","Tumnoor","1180","502286"
"26993","Usirkapalle","1180","502269"
"26994","Yelgoi","1180","502286"
"26995","Asadgunj","1181","502221"
"26996","Auranganagar","1181","502221"
"26997","Dhanasiri","1181","502221"
"26998","Godegarpalle (Patti Dhanasiri)","1181","502221"
"26999","Gopanpalle","1181","502221"
"27000","Gousabad","1181","502221"
"27001","Gudpalle","1181","502221"
"27002","Ippepalle","1181","502221"
"27003","Khan Jamalapur","1181","502221"
"27004","Madgi","1181","502221"
"27005","Malkapur [Jadi]","1181","502318"
"27006","Mannapur","1181","502221"
"27007","Mogdampalle","1181","502221"
"27008","Parvathapur","1181","502318"
"27009","Raipalle [ P.D.]","1181","502221"
"27010","Sarjaraopet","1181","502318"
"27011","Allapur","1182","502345"
"27012","Antharam","1182","502345"
"27013","Beloor","1182","502345"
"27014","Bhusareddipalle","1182","502291"
"27015","Bodishetpalle","1182","502345"
"27016","Bodpalle","1182","502345"
"27017","Budhera","1182","502345"
"27018","Chilepalle","1182","502345"
"27019","Chinna Loni","1182","502345"
"27020","Chinnachelmeda","1182","502345"
"27021","Garlapalle","1182","502345"
"27022","Gorreghat","1182","502345"
"27023","Hydlapoor","1182","502345"
"27024","Ibrahimpur","1182","502345"
"27025","Kallapalle","1182","502345"
"27026","Kankole","1182","502345"
"27027","Khammampalle","1182","502345"
"27028","Lingampalle","1182","502345"
"27029","Lonikalan","1182","502345"
"27030","Lonikalan Lonikurd","1182","502345"
"27031","Makthakyasaram","1182","502345"
"27032","Mallikarjunpalle","1182","502345"
"27033","Mansanpalle","1182","502345"
"27034","Melasangam","1182","502345"
"27035","Moqdumpalle","1182","502345"
"27036","Munipally","1182","502345"
"27037","Pedda Chelmeda","1182","502345"
"27038","Pedda Gopalaram","1182","502345"
"27039","Pedda Loni","1182","502345"
"27040","Polkampalle","1182","502345"
"27041","Ramachandrapuram","1182","502345"
"27042","Rekulpahad","1182","502345"
"27043","Tatipalle","1182","502345"
"27044","Thakkadpalle","1182","502345"
"27045","Audathpur","1183","502286"
"27046","Enekpalle","1183","502286"
"27047","Errakipalle","1183","502286"
"27048","Gondagaon","1183","502286"
"27049","Goudgaon (Janwada)","1183","502286"
"27050","Gudur","1183","502286"
"27051","Karsgutti","1183","502286"
"27052","Keswar","1183","502286"
"27053","Kharamungi","1183","502286"
"27054","Mavinelli","1183","502286"
"27055","Morgi","1183","502286"
"27056","Mukthapur","1183","502286"
"27057","Nagalgidda","1183","502286"
"27058","Pusalpahad","1183","502286"
"27059","Shapur","1183","502286"
"27060","Shari Damargidda","1183","502286"
"27061","Shikarkhana","1183","502286"
"27062","Utpalle","1183","502286"
"27063","Valloor","1183","502286"
"27064","Yarriboguda","1183","502286"
"27065","Yesgi","1183","502286"
"27066","Abenda","1184","502286"
"27067","Allapur","1184","502286"
"27068","Ananthasagar","1184","502286"
"27069","Anthwar","1184","502286"
"27070","Bhanapur","1184","502286"
"27071","Chandapur","1184","502286"
"27072","Chandkhanpalle","1184","502286"
"27073","Chaptakhadeem","1184","502286"
"27074","Gadthihokrana","1184","502286"
"27075","Gangapur","1184","502287"
"27076","Hangarga [B]","1184","502286"
"27077","Hangarga [K]","1184","502286"
"27078","Hanmanthraopet","1184","502286"
"27079","Jagannathpur","1184","502286"
"27080","Jukal","1184","502286"
"27081","Juzalpur","1184","502286"
"27082","Kamjipoor","1184","502287"
"27083","Kondapur","1184","502287"
"27084","Lingapur","1184","502286"
"27085","Madhavar","1184","502286"
"27086","Mansoorpur","1184","502286"
"27087","Nagapur","1184","502286"
"27088","Namalimet","1184","502286"
"27089","Narasapur","1184","502286"
"27090","Narayankhed (Ct)","1184","502286"
"27091","Paidpalle","1184","502286"
"27092","Panchagaon","1184","502286"
"27093","Pipri","1184","502286"
"27094","Rudrar","1184","502286"
"27095","Ryakal","1184","502287"
"27096","Sanjivanrao Pet","1184","502286"
"27097","Sathagaon","1184","502286"
"27098","Venkatapur","1184","502286"
"27099","Bachepalle","1185","502371"
"27100","Jambikunta","1185","502371"
"27101","Khanapoor (B)","1185","502371"
"27102","Malharpoor","1185","502371"
"27103","Mungepalle","1185","502371"
"27104","Nagdhar","1185","502371"
"27105","Nizampet","1185","502371"
"27106","Ramreddi Pet","1185","502371"
"27107","Ryalamadugu","1185","502286"
"27108","Ameerabad","1186","502256"
"27109","Atnur","1186","502251"
"27110","Basanthpur","1186","502249"
"27111","Chalki","1186","502256"
"27112","Cheekurthi","1186","502256"
"27113","Chingepalle","1186","502256"
"27114","Dappur","1186","502251"
"27115","Ganeshpur","1186","502249"
"27116","Gangwar","1186","502249"
"27117","Gunjetti","1186","502251"
"27118","Hadnur","1186","502251"
"27119","Humnapur","1186","502256"
"27120","Hussainnagar","1186","502256"
"27121","Husselli","1186","502249"
"27122","Ibrahimpur","1186","502256"
"27123","Kakijanwada","1186","502256"
"27124","Kalbemal","1186","502249"
"27125","Khaleelpur[M]","1186","502249"
"27126","Malgi","1186","502251"
"27127","Malkanpahad","1186","502249"
"27128","Mamidgi","1186","502249"
"27129","Mariampur","1186","502251"
"27130","Metalkunta","1186","502249"
"27131","Mirjapur[N]","1186","502256"
"27132","Mirzapur[B]","1186","502249"
"27133","Mungi","1186","502251"
"27134","Murthujapur","1186","502256"
"27135","Naimatabad","1186","502249"
"27136","Nyalkal","1186","502256"
"27137","Raghavapur","1186","502256"
"27138","Rajola","1186","502249"
"27139","Ramtheerth","1186","502251"
"27140","Ratnapur","1186","502251"
"27141","Rejinthal","1186","502249"
"27142","Rukmapur","1186","502251"
"27143","Shamshallapur","1186","502251"
"27144","Tatpalle","1186","502256"
"27145","Tekur","1186","502251"
"27146","Waddi","1186","502251"
"27147","Bachuguda","1187","502307"
"27148","Bhanur (Ct)","1187","502305"
"27149","Chinnakanjerla","1187","502319"
"27150","Chitkul (Ct)","1187","502307"
"27151","Gudemgadda","1187","502313"
"27152","Indresham","1187","502319"
"27153","Inole","1187","502319"
"27154","Isnapur (Ct)","1187","502307"
"27155","Kardanur","1187","502300"
"27156","Kyasaram","1187","502307"
"27157","Lakdaram","1187","502307"
"27158","Muthangi (Ct)","1187","502300"
"27159","Nandigaon","1187","502300"
"27160","Pashamylaram","1187","502307"
"27161","Patancheru","1187",""
"27162","Patighanpur","1187","502300"
"27163","Peddakanjerla","1187","502319"
"27164","Pocharam","1187","502300"
"27165","Rameshwar Banda","1187","502319"
"27166","Rudraram","1187","502329"
"27167","Baswapur","1188","502293"
"27168","Esojipet","1188","502293"
"27169","Gangulur","1188","502293"
"27170","Kodur","1188","502293"
"27171","Lakshmisagar","1188","502273"
"27172","Manthoor","1188","502293"
"27173","Minpur","1188","502293"
"27174","Muddaipet","1188","502293"
"27175","Mudimanikyam","1188","502273"
"27176","Peddareddipet","1188","502293"
"27177","Pocharam","1188","502293"
"27178","Pulkal","1188","502293"
"27179","Raipahad","1188","502293"
"27180","Seriramreddiguda","1188","502293"
"27181","Singoor","1188","502293"
"27182","Sureddi Itkyal","1188","502273"
"27183","Allapur","1189","502257"
"27184","Auranganagar (Patti Hasnabad)","1189","502257"
"27185","Chimnapur","1189","502256"
"27186","Dharmapur","1189","502257"
"27187","Doultabad","1189","502257"
"27188","Hasnabad","1189","502257"
"27189","Hulgera","1189","502256"
"27190","Indoor","1189","502257"
"27191","Itkepalle","1189","502257"
"27192","Jamalpur","1189","502257"
"27193","Jamga (Khurd)","1189","502257"
"27194","Karchal","1189","502257"
"27195","Khanjamalpur","1189","502257"
"27196","Khudavanadpoor (Dp)","1189","502257"
"27197","Kodoor","1189","502257"
"27198","Kushnoor","1189","502256"
"27199","Kushnoor","1189","502256"
"27200","Madhapur","1189","502257"
"27201","Mahbathpur","1189","502257"
"27202","Mamidipalle","1189","502257"
"27203","Matoor","1189","502256"
"27204","Mohammadapur","1189","502257"
"27205","Moratga","1189","502257"
"27206","Mustafapur","1189","502257"
"27207","Naganpalle","1189","502257"
"27208","Nagwar","1189","502256"
"27209","Nallampalle","1189","502257"
"27210","Pampad","1189","502257"
"27211","Peapalpalle","1189","502257"
"27212","Raikode","1189","502257"
"27213","Raipalle [Patti Karchal]","1189","502257"
"27214","Sangapur","1189","502257"
"27215","Shamshuddinpur","1189","502256"
"27216","Shapur","1189","502257"
"27217","Singitham","1189","502257"
"27218","Sirur","1189","502257"
"27219","Yenkepalle","1189","502257"
"27220","Yousufpur","1189","502257"
"27221","Bandlaguda (Og)","1190","502319"
"27222","Edulanagulapalle","1190","502300"
"27223","Kachireddipalle","1190","505445"
"27224","Kollur","1190","502300"
"27225","Manmole","1190","502319"
"27226","Osman Nagar","1190","502300"
"27227","Ramachandrapuram(Bhel) Township (Ct)","1190","502032"
"27228","Tellapur (Og)","1190","502032"
"27229","Velmula","1190","502300"
"27230","Ankenpally","1191","502291"
"27231","Aroor","1191","502291"
"27232","Atmakur","1191","502291"
"27233","Babilgaon","1191","502291"
"27234","Chandapur","1191","502291"
"27235","Enkepalle","1191","502291"
"27236","Etigaddasangam","1191","502291"
"27237","Ishratabad","1191","502291"
"27238","Kambalpalle","1191","502306"
"27239","Kolkur","1191","502291"
"27240","Konapur","1191","502291"
"27241","Machireddipalle","1191","502291"
"27242","Maddikunta (Part)","1191","502291"
"27243","Malapahad","1191","502291"
"27244","Melgirpet","1191","502291"
"27245","Mubarakpur","1191","502291"
"27246","Nagulpalle","1191","502291"
"27247","Nandikandi (Og)","1191","502306"
"27248","Nizampur","1191","502291"
"27249","Peddapur","1191","502306"
"27250","Pottipalle","1191","502291"
"27251","Rejinthal","1191","502306"
"27252","Sadasivpet","1191",""
"27253","Siddapur ( R) (Og)","1191","502291"
"27254","Suraram","1191","502291"
"27255","Thangadpalle","1191","502291"
"27256","Veltur","1191","502291"
"27257","Venkatapur","1191","502291"
"27258","Yawapur","1191","502291"
"27259","Yellaram","1191","502291"
"27260","Chintalpalle (Part)","1192","502294"
"27261","Fasalwadi","1192","502294"
"27262","Irigipalle","1192","502306"
"27263","Ismailkhanpet","1192","502296"
"27264","Kalabgoor","1192","502294"
"27265","Kalwakunta","1192",""
"27266","Kothlapur","1192","502295"
"27267","Koyyamarry Lt","1192","502001"
"27268","Kulabgoor","1192","502294"
"27269","Mohd.Shapur","1192","502306"
"27270","Nagapur","1192","502306"
"27271","Pothreddipalle (Ct)","1192","502295"
"27272","Sangareddy","1192",""
"27273","Tadlapalle","1192","502294"
"27274","Anthergaon","1193","502286"
"27275","Bokkasgaon","1193","502286"
"27276","Chimal Pahad","1193","502286"
"27277","Gardegaon","1193","502286"
"27278","Gosaipalle","1193","502286"
"27279","Goudgaon [K]","1193","502286"
"27280","Kadpal","1193","502286"
"27281","Khajapur","1193","502286"
"27282","Mubarakpoor","1193","502286"
"27283","Pochapoor","1193","502286"
"27284","Potpalle","1193","502286"
"27285","Sangam","1193","502286"
"27286","Sirgapoor","1193","502286"
"27287","Sultanabad","1193","502286"
"27288","Ujjalampahad","1193","502286"
"27289","Wangdhal","1193","502286"
"27290","Wasar","1193","502286"
"27291","Bhootkur","1194","502269"
"27292","Bijilipur","1194","502270"
"27293","Buddaipalle","1194","502270"
"27294","Devenoor","1194","502269"
"27295","Dudiyal","1194","502290"
"27296","Gorrekal","1194","502269"
"27297","Gowtapoor","1194","502270"
"27298","Keroor","1194","502270"
"27299","Khaderabad","1194","502270"
"27300","Marvelly","1194","502270"
"27301","Medikunda","1194","502269"
"27302","Nagulapalle","1194","502269"
"27303","Nirjipala","1194","502270"
"27304","Paladugu","1194","502269"
"27305","Palvatla","1194","502269"
"27306","Pothulaboguda","1194","502269"
"27307","Shahednagar @ Ghatpalle","1194","502269"
"27308","Usrikpalle","1194","502270"
"27309","Vatpally","1194","502269"
"27310","Algole","1195","502318"
"27311","Allipur (Ct)","1195","502318"
"27312","Anegunta","1195","502318"
"27313","Buchnelli (Part)","1195","502228"
"27314","Burdipahad","1195","502228"
"27315","Chinna Hyderabad","1195","502318"
"27316","Chiragpalle","1195","502221"
"27317","Didgi","1195","502228"
"27318","Govindapur","1195","502221"
"27319","Harichand Naik Thanda","1195","502221"
"27320","Hothi [B]","1195","502318"
"27321","Hothi(K) (Og)","1195","502318"
"27322","Huggelli","1195","502318"
"27323","Kasimpur","1195","502221"
"27324","Kothur [B]","1195","502228"
"27325","Malchelma","1195","502318"
"27326","Pastapur (Og)","1195","502318"
"27327","Raipalle","1195","502321"
"27328","Ranjole","1195","502318"
"27329","Sathwar","1195","502221"
"27330","Shekapur","1195","502318"
"27331","Tamadpalle (Og)","1195","502318"
"27332","Tumkunta","1195","502228"
"27333","Zahirabad","1195",""
"27334","Almaspur","1196","502102"
"27335","Bhoompalle","1196","502102"
"27336","Boppapur","1196","502108"
"27337","Chittapur","1196","502108"
"27338","Chowdarpalle","1196","502108"
"27339","Engurthi","1196","502108"
"27340","Jangapalle","1196","502102"
"27341","Khazipur","1196","502102"
"27342","Kudavelle","1196","502102"
"27343","Mothey","1196","502108"
"27344","Pothareddipet","1196","502102"
"27345","Rudraram","1196","502102"
"27346","Veerareddipalle","1196","502102"
"27347","Akkannapeta","1197","505466"
"27348","Anthakkapeta","1197","505466"
"27349","Choutapalle","1197","505466"
"27350","Dongala Dharmaram","1197","505466"
"27351","Gandipalle","1197","505466"
"27352","Gouravelli","1197","505467"
"27353","Jangaon","1197","505466"
"27354","Kannaram","1197","505471"
"27355","Katkur","1197","505466"
"27356","Kesavapur","1197","505466"
"27357","Mallampalle","1197","505466"
"27358","Nandaram","1197","505466"
"27359","Potharam (J)","1197","505466"
"27360","Ramavaram","1197","505466"
"27361","Regonda","1197","505467"
"27362","Bejjanki","1198","505528"
"27363","Cheelapur","1198","505473"
"27364","Cherlapur","1198","505527"
"27365","Dacharam","1198","505528"
"27366","Devakkapalle","1198","505530"
"27367","Gagillapur","1198","505528"
"27368","Guggilla","1198","505528"
"27369","Gundaram(P.S.)","1198","505528"
"27370","Kallepalle","1198","505528"
"27371","Muthannapet","1198","505528"
"27372","Panthulu Kondapur","1198","505530"
"27373","Potharam","1198","505473"
"27374","Regulapalle","1198","505473"
"27375","Thotapalle","1198","505530"
"27376","Vadlur-Begumpet","1198","505530"
"27377","Veerapur","1198","505530"
"27378","Akunoor","1199","506223"
"27379","Arjunapatla","1199","506223"
"27380","Cherial","1199","506223"
"27381","Chityal","1199","506355"
"27382","Chunchankota","1199","506223"
"27383","Danampalle","1199","506355"
"27384","Dommata","1199","506223"
"27385","Kadavergu","1199","506223"
"27386","Kamalayapalle","1199","506223"
"27387","Musthiyala","1199","506244"
"27388","Nagapuri","1199","506223"
"27389","Pedarajupet","1199","506223"
"27390","Tadoor","1199","506355"
"27391","Vechareni","1199","506223"
"27392","Allipur","1200","502310"
"27393","Ananthasagar","1200","502267"
"27394","Chandlapur","1200","502276"
"27395","Cherla Ankireddipalle","1200","502267"
"27396","Chinnakodur","1200","502276"
"27397","Chowdaram","1200","502310"
"27398","Gangapur","1200","502276"
"27399","Gonepalle","1200","502267"
"27400","Ibrahimpur","1200","502267"
"27401","Kothurpalle","1200","502267"
"27402","Machapur","1200","502276"
"27403","Mallaram","1200","502267"
"27404","Medipalle","1200","502267"
"27405","Oblapur","1200","502267"
"27406","Peddakodur","1200","502276"
"27407","Ramancha","1200","502276"
"27408","Ramuni Patta","1200","502267"
"27409","Sikandlapur","1200","502267"
"27410","Sivampalle","1200","502267"
"27411","Vittalpur","1200","502310"
"27412","Bairanpalle","1201","506367"
"27413","Bekkal","1201","506367"
"27414","Dhoolumitta","1201","506367"
"27415","Jalapalle","1201","506367"
"27416","Kondapoor","1201","506367"
"27417","Kootigal","1201","506367"
"27418","Lingapoor","1201","506367"
"27419","Thoranala","1201","506367"
"27420","Appaipalle","1202","502334"
"27421","Chandampalle","1202","502278"
"27422","Deepayampalle","1202","502247"
"27423","Dommat","1202","502247"
"27424","Doultabad","1202","502247"
"27425","Godugupalle","1202","502247"
"27426","Govindapur","1202","502247"
"27427","Indupiriyal","1202","502247"
"27428","Konapur","1202","502247"
"27429","Lingarajpalle","1202","502247"
"27430","Machanpalle","1202","502247"
"27431","Mohamadshapur","1202","502247"
"27432","Mubarakpur","1202","502278"
"27433","Narasampalle (Patti Dommat)","1202","502247"
"27434","Rangampet","1202","502108"
"27435","Seethrampalle","1202","502334"
"27436","Seripalle Bandaram","1202","502247"
"27437","Surampalle","1202","502247"
"27438","Tirmalapur","1202","502278"
"27439","Upperpalle","1202","502247"
"27440","Akaram","1203","502108"
"27441","Appanpalle","1203","502114"
"27442","Arepalle","1203","502108"
"27443","Cheekode","1203","502108"
"27444","Chervapur","1203","502108"
"27445","Chillapur","1203","502108"
"27446","Dharmajipet","1203","502108"
"27447","Dubbak","1203","502108"
"27448","Dumpalpalle","1203","502108"
"27449","Gambheerpur","1203","502108"
"27450","Habshipur","1203","502108"
"27451","Hasan Mirapur","1203","502114"
"27452","Lachapet","1203","502108"
"27453","Mallaipalle","1203","502108"
"27454","Pedda Gundavelly","1203","502108"
"27455","Potharam","1203","502108"
"27456","Rajakkapet","1203","502108"
"27457","Ramakkapet","1203","502108"
"27458","Shivrampur","1203","502108"
"27459","Thimmapur","1203","502114"
"27460","Yellapur","1203","502108"
"27461","Ahmadipur","1204","502278"
"27462","Akkaram","1204","502311"
"27463","Arepalle (Sivar Bejgaon)","1204","502278"
"27464","Bangla Venkatapur","1204","502334"
"27465","Bayyaram","1204","502278"
"27466","Bejgaon","1204","502278"
"27467","Burugupalle","1204","502301"
"27468","Dacharam","1204","502278"
"27469","Datarpalle","1204","502312"
"27470","Dharmareddipalle","1204","502278"
"27471","Dilalpur","1204","502278"
"27472","Gajwel (Ct)","1204","502278"
"27473","Giripally","1204",""
"27474","Havaiguda","1204","502311"
"27475","Jaligaon","1204","502278"
"27476","Kodakondla","1204","502312"
"27477","Kolgur","1204","502278"
"27478","Komatibanda","1204","502278"
"27479","Kyasaram","1204","502278"
"27480","Maqta Masanpalle","1204","502334"
"27481","Mutrajpalle","1204","502278"
"27482","Pedched","1204","502278"
"27483","Pragnapur","1204","502311"
"27484","Rimmanguda","1204","502312"
"27485","Sangapur","1204","502334"
"27486","Seripalle","1204","502334"
"27487","Singatam","1204","502278"
"27488","Srigiripalle","1204","502311"
"27489","Husnabad","1205","505467"
"27490","Kuchanpalle","1205","505467"
"27491","Madudha","1205","505472"
"27492","Mirzapur","1205","505466"
"27493","Mohammadapur","1205","505472"
"27494","Nagaram","1205","505466"
"27495","Pandilla","1205","505467"
"27496","Potharam (S)","1205","505467"
"27497","Potlapalle","1205","505467"
"27498","Thotapalle (S)","1205","505466"
"27499","Ummapur","1205","505472"
"27500","Alirajapet","1206","502281"
"27501","Ananthsagar","1206","502312"
"27502","Baswapur","1206","502301"
"27503","Chatlapalle","1206","502301"
"27504","Dharmaram","1206","502281"
"27505","Doulapur","1206","502281"
"27506","Gollapalle","1206","502281"
"27507","Gopalpur","1206","502312"
"27508","Itikyal","1206","502281"
"27509","Jagdevpur","1206","502281"
"27510","Kondapur","1206","502281"
"27511","Munigadapa","1206","502312"
"27512","Peerlapalle","1206","502281"
"27513","Teegul","1206","502311"
"27514","Teegul Narsapur","1206","502301"
"27515","Thimmapur","1206","502312"
"27516","Venkatapur","1206","502281"
"27517","Wattipalle","1206","502312"
"27518","Baswapur","1207","505473"
"27519","Gottalamitta","1207","505481"
"27520","Gundareddipalle","1207","505473"
"27521","Kachapur","1207","505466"
"27522","Koheda","1207","505473"
"27523","Kurella","1207","505473"
"27524","Nakkira Kommula","1207","505466"
"27525","Narayanapur","1207","505481"
"27526","Pariveda","1207","505466"
"27527","Ramachandrapur","1207","505528"
"27528","Samudrala","1207","505466"
"27529","Sanigaram","1207","505473"
"27530","Sriramulapalle","1207","505466"
"27531","Thangallapalle","1207","505473"
"27532","Varikolu","1207","505530"
"27533","Vinjapalle","1207","505528"
"27534","Ainapur","1208","506355"
"27535","Gouraipalle","1208","506355"
"27536","Guravannapet","1208","506355"
"27537","Kistampet","1208","506223"
"27538","Komuravelle","1208","506355"
"27539","Marrimusthiayala","1208","506355"
"27540","Posanpalle","1208","506355"
"27541","Ramsagar","1208","506223"
"27542","Tapaspalle","1208","506355"
"27543","Ankireddipalle","1209","502277"
"27544","Bandaram","1209","502277"
"27545","Duddada","1209","502277"
"27546","Giraipalle","1209","502372"
"27547","Kondapak","1209","502372"
"27548","Marpadga","1209","502372"
"27549","Sirsingandla","1209","502372"
"27550","Thimmareddipalle","1209","502372"
"27551","Velikattu","1209","502277"
"27552","Viswanathapalle","1209","502372"
"27553","Zapthi Nacharam","1209","502372"
"27554","Chinna Kistapur","1210","502301"
"27555","Errapalle","1210","502301"
"27556","Konaipalle","1210","502301"
"27557","Kuknurpalle","1210","502301"
"27558","Lakudaram","1210","502372"
"27559","Madinipur","1210","502301"
"27560","Mangole","1210","502301"
"27561","Mathapalle","1210","502301"
"27562","Muddapur","1210","502301"
"27563","Ramachandrapur","1210","502312"
"27564","Rayavaram","1210","502312"
"27565","Singaram","1210","502301"
"27566","Thipparam","1210","502301"
"27567","Venkatapur (Bg)","1210","502312"
"27568","Yellaiguda","1210","502301"
"27569","Dharmaram","1211","506367"
"27570","Gagillapoor","1211","506367"
"27571","Ladunoor","1211","506224"
"27572","Lakkapalle","1211","506367"
"27573","Maddur","1211","506367"
"27574","Marmamula","1211","506224"
"27575","Narasaipalle","1211","506223"
"27576","Rebarthi","1211","506367"
"27577","Salakpoor","1211","506224"
"27578","Vallampatla","1211","506367"
"27579","Vangapalle","1211","506367"
"27580","Angadi Kistapur","1212","502279"
"27581","Cheberthy","1212","502279"
"27582","Damarakunta","1212","502281"
"27583","Erravalle","1212","502279"
"27584","Gangapur","1212","502279"
"27585","Karkapatla","1212","502281"
"27586","Markook","1212","502279"
"27587","Pamulaparthi","1212","502279"
"27588","Sivar Venkatapur","1212","502281"
"27589","Vardarajpur","1212","502281"
"27590","Alwal","1213","502247"
"27591","Andey","1213","502108"
"27592","Chepial","1213","502247"
"27593","Dharmaram","1213","502108"
"27594","Kasulabad","1213","502108"
"27595","Kondapur","1213","502102"
"27596","Lingupalle","1213","502102"
"27597","Mallupalle","1213","502102"
"27598","Mirdoddi","1213","502108"
"27599","Achaipalle","1214","502279"
"27600","Agraram","1214","502336"
"27601","Aliabad @ Adivimasjid","1214","502279"
"27602","Banda Mailaram","1214","502336"
"27603","Banda Thimmapur","1214","502336"
"27604","Baswapur","1214","502336"
"27605","Bhilampur","1214","502279"
"27606","Chilla Sagar","1214","502279"
"27607","Chinna Thimmapur","1214","502279"
"27608","Dasarlapalle","1214","502336"
"27609","Durgathanda","1214","502336"
"27610","Gangadharpalle","1214","502279"
"27611","Kokkonda","1214","502336"
"27612","Kothial","1214","502279"
"27613","Kothur","1214","502336"
"27614","Lakshmakkapalle","1214","502279"
"27615","Mandial","1214","502279"
"27616","Masanpally","1214","502279"
"27617","Mulug","1214","502279"
"27618","Mustafa Guda","1214","502279"
"27619","Narsampalle","1214","502279"
"27620","Narsapur","1214","502279"
"27621","Singannaguda","1214","502336"
"27622","Srirampur","1214","502336"
"27623","Thanedharpalle","1214","502279"
"27624","Tuniki Bollaram","1214","502279"
"27625","Vagunuthi","1214","502279"
"27626","Zapthi Singaipalle","1214","502279"
"27627","Akkanepalle","1215","502280"
"27628","Ankushapur","1215","502280"
"27629","Baddipadaga","1215","502375"
"27630","Gatlamallial","1215","502280"
"27631","Ghanpur","1215","502280"
"27632","Khanapur","1215","502280"
"27633","Khata","1215","502280"
"27634","Konaipalle","1215","502375"
"27635","Kondamrajpalle","1215","502280"
"27636","Maqdumpur","1215","502375"
"27637","Mundrai","1215","502375"
"27638","Nagrajpalle","1215","502280"
"27639","Nanganur","1215","502280"
"27640","Narmetta","1215","502375"
"27641","Narmetta - Maisampally","1215",""
"27642","Palamakula","1215","502375"
"27643","Rajagopalpet","1215","502375"
"27644","Rampur","1215","502375"
"27645","Thimmaipalle","1215","502375"
"27646","Venkatapur","1215","502375"
"27647","Venkatapur - Muradabad","1215",""
"27648","Gurralagondi","1216","502276"
"27649","Ibrahimpur","1216","502107"
"27650","Jakkapur","1216","502276"
"27651","Malyal","1216","502276"
"27652","Narayanraopet","1216","502107"
"27653","Anajpur","1217","502278"
"27654","Ankireddipalli","1217","502278"
"27655","Arepalle (Sivar Jaligaon)","1217","502278"
"27656","Begumpet","1217","502334"
"27657","Chinna Masanpalle","1217","502278"
"27658","Kothapalle","1217","502278"
"27659","Lingareddipalle","1217","502278"
"27660","Mantoor","1217","502278"
"27661","Ramaram","1217","502278"
"27662","Ramasagar","1217","502278"
"27663","Rayapole","1217","502278"
"27664","Waddepalle","1217","502334"
"27665","Yelkal","1217","502334"
"27666","Ankampet","1218","502107"
"27667","Bussapur","1218","502114"
"27668","Chintamadaka","1218","502107"
"27669","Cinna Gundavalli","1218",""
"27670","Irkode","1218","502114"
"27671","Machapur [Patti Dubbak]","1218","502108"
"27672","Pullur","1218","502107"
"27673","Raghavapur","1218","502107"
"27674","Raorukal","1218","502107"
"27675","Seetharampalle","1218","502107"
"27676","Tornal","1218","502114"
"27677","Venkatapur","1218","502114"
"27678","Bakrichapial","1219","502277"
"27679","Bandacherlapalli","1219","502107"
"27680","Burugupalle","1219","502107"
"27681","Ensanpalle","1219","502114"
"27682","Gundavallikhurd","1219","502107"
"27683","Imambad (Og)","1219","502276"
"27684","Mandapalle","1219","502267"
"27685","Mittapalle","1219","502375"
"27686","Nacharpalle","1219","502277"
"27687","Narsapur (Ct)","1219","502375"
"27688","Ponnal","1219","502277"
"27689","Siddipet (Ct)","1219","502103"
"27690","Siddipet Rural","1219","502103"
"27691","Tadkapalle","1219","502114"
"27692","Velkatur","1219","502375"
"27693","Bandarupalle","1220","502114"
"27694","Chandapur","1220","502278"
"27695","Eligaddakistapur","1220","502301"
"27696","Ghanpur","1220","502114"
"27697","Gudikandula","1220","502114"
"27698","Kangal","1220","502114"
"27699","Lingampet","1220","502372"
"27700","Lingapur","1220","502278"
"27701","P Masanpalle","1220","502372"
"27702","Pallepahad","1220","502301"
"27703","Thoguta","1220","502372"
"27704","Thukkapur","1220","502372"
"27705","Vemulaghat","1220","502301"
"27706","Venkatraopet","1220","502278"
"27707","Yellareddipeta","1220","502372"
"27708","Zaptilingareddipalle","1220","502372"
"27709","Amberpet","1221","502336"
"27710","Ananthagiripalle","1221","502336"
"27711","Chandapur","1221","502334"
"27712","Girmapur","1221","502334"
"27713","Gouraram","1221","502279"
"27714","Govindapur","1221","502334"
"27715","Jabbapur","1221","502279"
"27716","Kondaipalle","1221","502336"
"27717","Madharam","1221","502334"
"27718","Majidpalle","1221","502334"
"27719","Meenjipeta","1221","502336"
"27720","Mentur","1221","502334"
"27721","Mylaram","1221","502279"
"27722","Nacharam","1221","502334"
"27723","Ramachandrapur","1221","502334"
"27724","Shakaram","1221","502279"
"27725","Singaipalle","1221","502279"
"27726","Sitarampalle","1221","502336"
"27727","Tunki Makta","1221","502336"
"27728","Tunkikhalasa","1221","502336"
"27729","Veluru","1221","502336"
"27730","Wargal","1221","502279"
"27731","Anantha Giri","1222","508206"
"27732","Chanu Pally","1222","508206"
"27733","Gondriyala","1222","508206"
"27734","Khana Puram","1222","508206"
"27735","Lakmavaram","1222","508206"
"27736","Palaram","1222","508206"
"27737","Singavaram","1222","508206"
"27738","Tiru Annaram","1222","508206"
"27739","Tripuravaram","1222","508234"
"27740","Yasanthapuram","1222","508206"
"27741","Aipoor","1223","508221"
"27742","Atmakur","1223","508212"
"27743","Bopparam","1223","508221"
"27744","Dacharam","1223","508212"
"27745","Enubamla","1223","508214"
"27746","Gattikal","1223","508224"
"27747","Gollaguda","1223","508212"
"27748","Isthalapuram","1223","508221"
"27749","Kandagatla","1223","508224"
"27750","Kotapahad","1223","508212"
"27751","Kothagudem","1223","508221"
"27752","Midthan Palle","1223","508221"
"27753","Mukkudu Devulapalli","1223","508221"
"27754","Narayanagudem","1223","508212"
"27755","Naseempet","1223","508212"
"27756","Nemmikal","1223","508212"
"27757","Patha Suryapet","1223","508224"
"27758","Patharla Pahad","1223","508221"
"27759","Ramanna Gudem","1223","508221"
"27760","Setti Gudam","1223","508212"
"27761","Thummalapen Pahad","1223","508212"
"27762","Venkatapuram","1223","508221"
"27763","Acharlagudem","1224","508204"
"27764","Arlagudem","1224","508206"
"27765","Bethavole","1224","508204"
"27766","Chennarigudem","1224","508204"
"27767","Chilkur","1224","508206"
"27768","Janakinagar","1224","508206"
"27769","Jerripotula Gudem","1224","508204"
"27770","Konda Puram","1224","508204"
"27771","Paleannaram","1224","508238"
"27772","Polenigudem","1224","508204"
"27773","Ramapuram","1224","508206"
"27774","Sethalathanda","1224","508238"
"27775","Setharamapuram","1224","508238"
"27776","Adlur","1225","508246"
"27777","Chinthalapalem","1225","508246"
"27778","Chintriyala","1225","508246"
"27779","Donda Padu","1225","508246"
"27780","Gudimalkapuram","1225","508246"
"27781","Nemalipuri","1225","508246"
"27782","Reballe","1225","508246"
"27783","Thammaram","1225","508246"
"27784","Vajinepalle","1225","508246"
"27785","Vellatur","1225","508246"
"27786","Ailapur","1226","508214"
"27787","Beebiguda","1226","508214"
"27788","Chendupatla","1226","508214"
"27789","Chivvemla","1226","508214"
"27790","Duraj Palle","1226","508214"
"27791","Gayamvari Guda","1226","508214"
"27792","Gumpula","1226","508214"
"27793","Gunjaloor","1226","508214"
"27794","Kudakuda","1226","508214"
"27795","Lakshminayakthanda","1226","508214"
"27796","Munyanaik Tanda","1226","508214"
"27797","Pachyanayak Thanda","1226","508214"
"27798","Pandyanaik Tanda","1226","508214"
"27799","Rollabandathanda","1226","508214"
"27800","Thimma Puram","1226","508214"
"27801","Thirumalagiri","1226","508214"
"27802","Tuljarao Pet","1226","508214"
"27803","Undrugonda","1226","508214"
"27804","Vallabhapuram","1226","508214"
"27805","Valyathanda","1226","508214"
"27806","Vattikhammam Pahad","1226","508214"
"27807","Abbireddygudem","1227","508201"
"27808","Appannapeta","1227","508201"
"27809","Gaddipalle","1227","508201"
"27810","Ganugabanda","1227","508201"
"27811","Garidepalle","1227","508201"
"27812","Kachavarigudem","1227","508204"
"27813","Kalmala Chervu","1227","508201"
"27814","Kaluvapalle","1227","508201"
"27815","Kondarampuram","1227","508201"
"27816","Kuthubshapuram","1227","508201"
"27817","L.B.Nagar","1227","508201"
"27818","Ponugodu","1227","508201"
"27819","Rayangudem","1227","508201"
"27820","Rayanigudem","1227","508201"
"27821","Rayanigudem","1227","508201"
"27822","Sarvaram","1227","508204"
"27823","Tallamalkapuram","1227","508201"
"27824","Velidanda","1227","508201"
"27825","Amaravaram","1228","508204"
"27826","Anjalipuram","1228","508204"
"27827","Burugadda","1228","508204"
"27828","Gopalapuram","1228","508204"
"27829","Huzurnagar","1228","508204"
"27830","Karakayalagudem","1228","508204"
"27831","Lakkavaram","1228","508204"
"27832","Lingagiri","1228","508204"
"27833","Lingagiri","1228","508204"
"27834","Machavaram","1228","508204"
"27835","Yepalasingaram","1228","508204"
"27836","Adivemula","1229","508224"
"27837","Bollam Palle","1229","508224"
"27838","Jajireddy Gudem","1229","508224"
"27839","Kasarla Pahad","1229","508224"
"27840","Kesaram","1229","508214"
"27841","Kodoor","1229","508224"
"27842","Kommala","1229","508224"
"27843","Kunchamarthi","1229","508224"
"27844","Machireddy Pally","1229","508279"
"27845","Nagaram","1229","508279"
"27846","Parsai Palle","1229","508224"
"27847","Persaipally","1229","508224"
"27848","Thimmapuram","1229","508224"
"27849","Uyyalawada","1229","508224"
"27850","Velpu Cherla","1229","508224"
"27851","Chimiryala","1230","508206"
"27852","Dorakunta","1230","508206"
"27853","Ganapavaram","1230","508238"
"27854","Gudibanda","1230","508238"
"27855","Kapugallu","1230","508238"
"27856","Kodad (Ct)","1230","508206"
"27857","Komarabanda","1230","508206"
"27858","Kuchipudi","1230","508238"
"27859","Redla Kunta","1230","508206"
"27860","Tammara Bandapalem","1230","508206"
"27861","Thogarrai","1230","508238"
"27862","Yerravaram","1230","508238"
"27863","Chandu Patla","1231","508221"
"27864","Chinna Nemila","1231","508221"
"27865","Ganjivari Kothapalle","1231","508221"
"27866","Gorentla","1231","508280"
"27867","Gummadavally","1231","508280"
"27868","Kukkadam","1231","508280"
"27869","Kunta Palle","1231","508280"
"27870","Maddirala","1231","508280"
"27871","Mamindla Madava","1231","508221"
"27872","Mukundapuram","1231","508221"
"27873","Polumalla","1231","508221"
"27874","Ramachandrapuram","1231","508280"
"27875","Allipuram","1232","508204"
"27876","Bakkamantulaguda","1232","508204"
"27877","Bheelyanaik Thanda","1232","508204"
"27878","Chennaipalem","1232","508204"
"27879","Choutapalle","1232","508204"
"27880","Donabanda-Tanda","1232","508204"
"27881","Gundla Palle","1232","508204"
"27882","Hanumantulagudem","1232","508204"
"27883","Manchya Thanda","1232","508204"
"27884","Mattam Palle","1232","508204"
"27885","Mattapalle","1232","508204"
"27886","Peddaveedu","1232","508204"
"27887","Raghunadhapalem","1232","508204"
"27888","Ramachandra Puram","1232","508204"
"27889","Vardhapuram","1232","508204"
"27890","Yatavakilla","1232","508204"
"27891","Hemlathanda","1233","508246"
"27892","Kandibanda","1233","508238"
"27893","Kistapuram","1233","508246"
"27894","Mella Cheruvu","1233","508246"
"27895","Nakkagudem","1233","508246"
"27896","Ramapuram","1233","508246"
"27897","Revuru","1233","508246"
"27898","Yathirajapuramthanda","1233","508238"
"27899","Yepalamadhavaram","1233","508246"
"27900","Annarigudem","1234","508212"
"27901","Burkacharla","1234","508212"
"27902","Gopalapuram","1234","508212"
"27903","Hussainabad","1234","508212"
"27904","Kudali","1234","508212"
"27905","Lal Tanda","1234","508212"
"27906","Mamillagudem","1234","508212"
"27907","Mothey","1234","508212"
"27908","Namaram","1234","508214"
"27909","Nereduavai","1234","508212"
"27910","Raavi Pahad","1234","508212"
"27911","Raghavapuram","1234","508214"
"27912","Rampur Tanda","1234","508212"
"27913","Sarvaram","1234","508212"
"27914","Singarneni Palle","1234","508212"
"27915","Sirikonda","1234","508212"
"27916","Thummala Palle","1234","508212"
"27917","Thummala Pally","1234","508212"
"27918","Urlugunda","1234","508212"
"27919","Vibhalapur","1234","508212"
"27920","Akupamula","1235","508233"
"27921","Barakatha Gudem","1235","508233"
"27922","Ganapavaram","1235","508233"
"27923","Jagannadhapuram","1235","508233"
"27924","Kalakova","1235","508233"
"27925","Kokkireni","1235","508233"
"27926","Madhavaram","1235","508214"
"27927","Mukundapuram","1235","508233"
"27928","Munagala","1235","508233"
"27929","Narasimhulagudem","1235","508233"
"27930","Narayanagudem","1235","508233"
"27931","Nelamarri","1235","508214"
"27932","Repala","1235","508233"
"27933","Syed Muzavarpeta","1235","508233"
"27934","Tadvai","1235","508233"
"27935","Thimmareddigudem","1235","508233"
"27936","Venkatramapuram","1235","508233"
"27937","Vijayaraghapuram","1235","508233"
"27938","Brundavanapuram","1236","508234"
"27939","Chakirala","1236","508234"
"27940","Eklashkhanpet","1236","508233"
"27941","Kagitha Rama-Chandrapuram","1236","508234"
"27942","Karivirala","1236","508234"
"27943","Keshavapuram","1236","508234"
"27944","Nadigudem","1236","508234"
"27945","Naranayapuram","1236","508234"
"27946","Rama Puram","1236","508234"
"27947","Ratnavaram","1236","508234"
"27948","Siripuram","1236","508234"
"27949","Tellabali","1236","508233"
"27950","Vailasingaram","1236","508206"
"27951","Valla Puram","1236","508234"
"27952","Venugoplapuram","1236","508234"
"27953","Chenna Puram","1237","508279"
"27954","Devaraneni Kotha Palle","1237","508279"
"27955","Etoor","1237","508279"
"27956","Laxmapur","1237","508279"
"27957","Mamidi Palle","1237","508279"
"27958","Nagaram","1237","508279"
"27959","Pasnoor","1237","508279"
"27960","Pasthala","1237","508279"
"27961","Phanigiri","1237","508279"
"27962","Vardaman Kota","1237","508279"
"27963","Bette Thanda","1238","508218"
"27964","Bodaladinna","1238","508218"
"27965","Chillepalle","1238","508218"
"27966","Dacharam","1238","508218"
"27967","Dirsencherla","1238","508218"
"27968","Fathepuram","1238","508201"
"27969","Janala Dinne","1238","508218"
"27970","Kallur","1238","508218"
"27971","Kallur","1238","508218"
"27972","Kalvaladinna","1238","508218"
"27973","Kandulavarigudem","1238","508218"
"27974","Medaram","1238","508201"
"27975","Mukunda Puram","1238","508218"
"27976","Nagireddy Gudem","1238","508218"
"27977","Neredcherla","1238","508218"
"27978","Penchikaladinne","1238","508218"
"27979","Ramapuram","1238","508218"
"27980","Somaram","1238","508218"
"27981","Yellaram","1238","508218"
"27982","Bhikumalla","1239","508221"
"27983","Chilpa Kunta","1239","508221"
"27984","Dirisana Palle","1239","508221"
"27985","Gundla Singaram","1239","508221"
"27986","Lingam Palle","1239","508221"
"27987","Machan Palle","1239","508221"
"27988","Mediguda","1239","508221"
"27989","Miryala","1239","508221"
"27990","Noothankal","1239","508221"
"27991","Pande Pally","1239","508221"
"27992","Peddanemali","1239","508221"
"27993","Somla Thanda","1239","508221"
"27994","Talla Singaram","1239","508221"
"27995","Venke Palle","1239","508224"
"27996","Yadavelly","1239","508221"
"27997","Yerra Pahad","1239","508221"
"27998","Alangapuram","1240","508218"
"27999","Bothalapalem","1240","508218"
"28000","Guduguntla Palem","1240","508218"
"28001","Gundeboina Gudem","1240","508218"
"28002","Gundlapahad","1240","508218"
"28003","Janapahad","1240","508218"
"28004","Komatikunta","1240","508218"
"28005","Mahankali Gudem","1240","508218"
"28006","Musivoddusingaram","1240","508218"
"28007","Palakeedu","1240","508218"
"28008","Ravipahad","1240","508218"
"28009","Sajjapuram","1240","508218"
"28010","Sunya Pahad","1240","508355"
"28011","Yellapuram","1240","508218"
"28012","Anajipuram","1241","508214"
"28013","Anatharam","1241","508214"
"28014","Annaram","1241","508214"
"28015","Bhakthalapuram","1241","508214"
"28016","Cheedella","1241","508233"
"28017","Dharmapuram","1241","508214"
"28018","Dosapahad","1241","508214"
"28019","Dupahad","1241","508214"
"28020","Gajulamalkapuram","1241","508214"
"28021","Lingala","1241","508201"
"28022","Macharam","1241","508214"
"28023","Mohammadapuram","1241","508214"
"28024","Mukunda Poor","1241","508233"
"28025","N.Annaram","1241","508214"
"28026","Nagulapahad","1241","508214"
"28027","Narayana Gudem","1241","508233"
"28028","Penpahad","1241","508214"
"28029","Potla Pahad","1241","508214"
"28030","Rajpet","1241","508214"
"28031","Singareddy Palem","1241","508214"
"28032","B Dhacharam","1242","508214"
"28033","B Madharam","1242","508214"
"28034","B Venkatrampuram","1242","508376"
"28035","Balemla","1242","508376"
"28036","Circlepet","1242","508214"
"28037","Dasai Gudem","1242","508214"
"28038","Gandhi Nagar","1242","508214"
"28039","Imampet","1242","508214"
"28040","K.T.Annaram","1242","508376"
"28041","Kasarabad","1242","508214"
"28042","Kesaram (Part)","1242","508214"
"28043","Konkathimmani","1242","508376"
"28044","Pillala Marri (Part)","1242","508214"
"28045","Pinnai Palem","1242","508376"
"28046","Ramachandra Puram","1242","508224"
"28047","Ramannaguda","1242","508376"
"28048","Ramaram","1242","508376"
"28049","Rayani Gudem","1242","508376"
"28050","Solipet","1242","508224"
"28051","Suryapet (Municipality)","1242","508213"
"28052","Tekumatla","1242","508376"
"28053","Thalla Khammampahad","1242","508214"
"28054","Yendla Palle","1242","508376"
"28055","Yerkaram","1242","508376"
"28056","Anantharam","1243","508223"
"28057","Bandla Palle","1243","508223"
"28058","Gundepuri","1243","508223"
"28059","Jalal Puram","1243","508223"
"28060","Mali Puram","1243","508223"
"28061","Mamidiyala","1243","508223"
"28062","Nanda Puram","1243","508223"
"28063","Sidda Samudram","1243","508223"
"28064","Thati Pamula","1243","508223"
"28065","Thirumalgiri","1243","508223"
"28066","Thonda","1243","508223"
"28067","Velichala","1243","508223"
"28068","Annaram","1244","508280"
"28069","Bandaramaram","1244","508280"
"28070","Ganugubanda","1244","508280"
"28071","Gottiparthi","1244","508280"
"28072","K Kotha Gudem","1244","508280"
"28073","Karivirala","1244","508280"
"28074","Keshava Puram","1244","508280"
"28075","Manapur","1244","508280"
"28076","Ramachandrapuram","1244","508280"
"28077","Ravula Palle","1244","508280"
"28078","Reddiguda","1244","508280"
"28079","Sangam","1244","508280"
"28080","Thungathurthi","1244","508280"
"28081","Thurupu Gudem","1244","508280"
"28082","Velug Palle","1244","508280"
"28083","Vempati","1244","508280"
"28084","Bantwaram","1245","501106"
"28085","Bopanwaram","1245","501106"
"28086","Madhvapur","1245","501106"
"28087","Mangraspalle","1245","501106"
"28088","Nagaram","1245","501106"
"28089","Noorullapur","1245","501106"
"28090","Pommapur","1245","501106"
"28091","Rompalle","1245","501106"
"28092","Salbathapur","1245","501106"
"28093","Somaram .M","1245","501106"
"28094","Sultanpur","1245","501106"
"28095","Turmamidi","1245","501106"
"28096","Yacharam","1245","501106"
"28097","Allapur (Basheerabad)","1246","501143"
"28098","Bahadurpur","1246","501143"
"28099","Damerched","1246","501143"
"28100","Ekmai","1246","501143"
"28101","Gangwar","1246","501143"
"28102","Gotiga Kalan","1246","501143"
"28103","Gotiga Khurd","1246","501143"
"28104","Inderched","1246","501143"
"28105","Ismailpur","1246","501143"
"28106","Jalalpur","1246","501143"
"28107","Jeevangi","1246","501143"
"28108","Kamsanpalle Buzurg","1246","501143"
"28109","Kamsanpalle Maqta","1246","501143"
"28110","Khasimpur","1246","501143"
"28111","Koppankote","1246","501143"
"28112","Korviched","1246","501143"
"28113","Kothlapur Buzurg","1246","501143"
"28114","Kyadgira","1246","501143"
"28115","Mailwar","1246","501143"
"28116","Malkangiri","1246","501143"
"28117","Manthangoud","1246","501143"
"28118","Manthatti","1246","501143"
"28119","Manthlapur","1246","501143"
"28120","Marpalle","1246","501143"
"28121","Masanpalle (M)","1246","501143"
"28122","Navalga","1246","501143"
"28123","Navandgi (Ct)","1246","501143"
"28124","Neelapalle","1246","501143"
"28125","Parwathpalle","1246","501143"
"28126","Reddighanapur","1246","501143"
"28127","Shapur Maqta","1246","501143"
"28128","Bomraspet","1247","509338"
"28129","Burhanpur","1247","509338"
"28130","Chowdarpalle","1247","509350"
"28131","Dupcherla","1247","509338"
"28132","Erupumalla","1247","509338"
"28133","Kothur","1247","509338"
"28134","Lingampalle","1247","509350"
"28135","Madanpalle","1247","509338"
"28136","Metlakunta","1247","509338"
"28137","Nagireddipalle","1247","509338"
"28138","Namdarpur","1247","509350"
"28139","Regadmailwar","1247","509338"
"28140","Salimdapur","1247","509338"
"28141","Thirumalapur","1247","501101"
"28142","Thunkumetla","1247","509338"
"28143","Wadicherla","1247","509338"
"28144","Yenkepalle","1247","509338"
"28145","Adavivenkatapur","1248","509335"
"28146","Chakalpalle","1248","509340"
"28147","Chowdapur","1248","509340"
"28148","Kanmankalva","1248","509340"
"28149","Kothapalle","1248","509340"
"28150","Lingampalle","1248","509350"
"28151","Malkapur","1248","509340"
"28152","Mandipal","1248","509340"
"28153","Marikal","1248","509340"
"28154","Mogulapalle","1248","509340"
"28155","Pursampalle","1248","509340"
"28156","Veerapur","1248","509340"
"28157","Venkatapur","1248","509340"
"28158","Vittalapur","1248","509340"
"28159","Allapur","1249","501121"
"28160","Allipur","1249","501121"
"28161","Ampalle","1249","501121"
"28162","Antharam","1249","501121"
"28163","Bacharam","1249","501121"
"28164","Burugadda","1249","501121"
"28165","Chintakunta","1249","501121"
"28166","Dharmapur","1249","501121"
"28167","Dharur","1249","501121"
"28168","Dornal","1249","501121"
"28169","Ebbanoor","1249","501121"
"28170","Gangaram","1249","501121"
"28171","Ghattepalle","1249","501121"
"28172","Gurudotla","1249","501121"
"28173","Haridaspalle","1249","501121"
"28174","Kacharam","1249","501121"
"28175","Kerelly","1249","501121"
"28176","Kondapur Kalan","1249","501121"
"28177","Kondapur Khurd","1249","501121"
"28178","Kukinda","1249","501121"
"28179","Kummar Palle","1249","501121"
"28180","Mailaram","1249","501121"
"28181","Mominkalan","1249","501121"
"28182","Mominkhurd","1249","501121"
"28183","Nagaram","1249","501121"
"28184","Nagasamundar","1249","501121"
"28185","Nagsanpalle","1249","501121"
"28186","Narsapur","1249","501121"
"28187","Ousapalle","1249","501121"
"28188","Rajapur","1249","501121"
"28189","Rampur","1249","501121"
"28190","Rudraram","1249","501121"
"28191","Somaram","1249","501121"
"28192","Tharigopul","1249","501121"
"28193","Ainapur","1250","501502"
"28194","Ananthareddipalle","1250","501502"
"28195","Bachpalle","1250","501502"
"28196","Badampalle","1250","501502"
"28197","Batla Chandraram","1250","501502"
"28198","Bompalle","1250","501502"
"28199","Brahmanpalle","1250","501502"
"28200","Budlapur","1250","501502"
"28201","Dadapur","1250","509339"
"28202","Dirsampalle","1250","501502"
"28203","Doma","1250","501502"
"28204","Dongayankepalle","1250","501502"
"28205","Dornalpalle","1250","501502"
"28206","Ganjipalle","1250","501502"
"28207","Gudur","1250","501502"
"28208","Gumdal","1250","509335"
"28209","Khammam Nacharam","1250","509335"
"28210","Kishtapur","1250","501502"
"28211","Kondaipalle","1250","501502"
"28212","Linganpalle","1250","501502"
"28213","Mallepalle","1250","501502"
"28214","Mothkur","1250","509335"
"28215","Ootpalle","1250","501502"
"28216","Palepalle","1250","501502"
"28217","Pothreddypalle","1250","501502"
"28218","Rakonda","1250","501502"
"28219","Sivareddipalle","1250","501502"
"28220","Timmaipalle","1250","501502"
"28221","Allapur","1251","509336"
"28222","Anthwar","1251","509336"
"28223","Balampeta","1251","509336"
"28224","Bichal","1251","509336"
"28225","Challapur","1251","509336"
"28226","Chandrakal","1251","509336"
"28227","Devarfaslawad","1251","509336"
"28228","Doulathabad","1251","509336"
"28229","Erlapalle","1251","509336"
"28230","Gokafasalwad","1251","509336"
"28231","Gundepalle","1251","509336"
"28232","Imdapur","1251","509350"
"28233","Kowdeed","1251","509350"
"28234","Kuppagiri","1251","509336"
"28235","Matoor","1251","509336"
"28236","Nagasar","1251","509336"
"28237","Nandaram","1251","509336"
"28238","Neetur","1251","509350"
"28239","Polkampalle","1251","509336"
"28240","Saleempur","1251","509336"
"28241","Sultanpur","1251","509336"
"28242","Suraipalle","1251","509350"
"28243","Thimmareddipalle","1251","509336"
"28244","Thirumalapur","1251","509336"
"28245","Yamki","1251","509336"
"28246","Amsanpalle","1252","509350"
"28247","Chilmalmailwar","1252","509338"
"28248","Dudyal","1252","509350"
"28249","Erlapalle","1252","501101"
"28250","Gouraram","1252","509338"
"28251","Hakimpeta","1252","509350"
"28252","Hasnabad","1252","509350"
"28253","Kudrimalla","1252","509350"
"28254","Lagcherla","1252","509350"
"28255","Machanpalle","1252","501101"
"28256","Nazkhanpalle","1252","509350"
"28257","Polepalle","1252","509350"
"28258","Angadi Raichur","1253","509336"
"28259","Annaram","1253","509336"
"28260","Appaipalle","1253","509338"
"28261","Chinna Nandigam","1253","509350"
"28262","Chitlapalle","1253","509338"
"28263","Gandlepalle","1253","509336"
"28264","Indanoor","1253","509336"
"28265","Kastoorpalle","1253","509336"
"28266","Kodangal","1253","509338"
"28267","Nagaram","1253","509336"
"28268","Parsapur","1253","509338"
"28269","Peddanandigam","1253","509350"
"28270","Pyalamaddi","1253","509338"
"28271","Ravalpalle","1253","509336"
"28272","Rudraram","1253","509336"
"28273","Tekalkode","1253","509336"
"28274","Udimeswar","1253","509338"
"28275","Upparpalle","1253","509336"
"28276","Barwad","1254","501106"
"28277","Beerol","1254","501106"
"28278","Daryapur","1254","501106"
"28279","Heerapur","1254","501106"
"28280","Indole","1254","501106"
"28281","Jinnaram","1254","501106"
"28282","Kankanalapalle","1254","501106"
"28283","Kareempur","1254","501106"
"28284","Kothapalle","1254","501106"
"28285","Kotpalle","1254","501106"
"28286","Malshetpalle","1254","501106"
"28287","Mannapur","1254","501106"
"28288","Mothkupalle","1254","501106"
"28289","Nagsanpalle","1254","501106"
"28290","Rampur","1254","501106"
"28291","Vagulapur","1254","501142"
"28292","Yenkepalle","1254","501106"
"28293","Yennaram","1254","501106"
"28294","Allapur","1255","501502"
"28295","Almaskhanpet","1255","509335"
"28296","Ananthasagar","1255","509335"
"28297","Antharam","1255","509335"
"28298","Bandayelkacherla","1255","501502"
"28299","Bomreddipalle","1255","501502"
"28300","Chellapur","1255","509335"
"28301","Ghanapur","1255","501502"
"28302","Ippaipalle","1255","509335"
"28303","Kulkacharla","1255","509335"
"28304","Kusumasamudram","1255","509335"
"28305","Mujahidpur","1255","501502"
"28306","Peerampalle","1255","501502"
"28307","Puttapahad","1255","509335"
"28308","Salveed","1255","501502"
"28309","Tirumalapur","1255","509335"
"28310","Allapur","1256","501202"
"28311","Bilkal","1256","501202"
"28312","Buchanpalle","1256","501202"
"28313","Damasthapur","1256","501202"
"28314","Dargulpalle","1256","501202"
"28315","Ghanpur","1256","501202"
"28316","Gundlamarpalle","1256","501202"
"28317","Jamshedapur","1256","502321"
"28318","Kalkoda","1256","501202"
"28319","Komshetpalle","1256","502345"
"28320","Kothlapur","1256","501202"
"28321","Kotmarpalle","1256","501202"
"28322","Kudgunta","1256","501202"
"28323","Mallikarjungiri","1256","502345"
"28324","Marpalle Kalan","1256","501202"
"28325","Mogiligundla","1256","502345"
"28326","Narsapur","1256","501202"
"28327","Panchalingal","1256","501202"
"28328","Patloor","1256","501202"
"28329","Peddapur","1256","501202"
"28330","Pilligundla","1256","501202"
"28331","Ramapur","1256","501202"
"28332","Ravalapalle","1256","501202"
"28333","Shapur","1256","501202"
"28334","Sirpura","1256","501202"
"28335","Thimmapur","1256","501202"
"28336","Thummalapalle","1256","501202"
"28337","Veerlapalle","1256","501202"
"28338","Amradi Kalan","1257","501202"
"28339","Amradi Khurd","1257","501202"
"28340","Burugupalle","1257","501202"
"28341","Chakrampalle","1257","501202"
"28342","Cheemaldari","1257","501202"
"28343","Devarampalle","1257","501202"
"28344","Durgamcheru","1257","501202"
"28345","Govindapur","1257","501202"
"28346","Izrachettempalle","1257","501202"
"28347","Kaslabad","1257","501202"
"28348","Kesaram","1257","501202"
"28349","Kolkonda","1257","501202"
"28350","Mekavanampalle","1257","501202"
"28351","Mominpet","1257","501202"
"28352","Morangpalle","1257","501202"
"28353","Rallagudpalle","1257","501202"
"28354","Ramnathgudpalle","1257","501202"
"28355","Ravalapalle","1257","501202"
"28356","Syedalipur","1257","501202"
"28357","Tekulapalle","1257","501202"
"28358","Velchal","1257","501202"
"28359","Yenkathala","1257","501202"
"28360","Yenkepalle","1257","501202"
"28361","Aknapur","1258","501111"
"28362","Arkathala","1258","501111"
"28363","Attapur","1258","501111"
"28364","Chinchelpet","1258","501111"
"28365","Chittigidda","1258","501111"
"28366","Dathapur","1258","501111"
"28367","Ekmamidi","1258","501111"
"28368","Gangeda","1258","501111"
"28369","Gubbad Fathepur","1258","509340"
"28370","Kadcharla","1258","501111"
"28371","Kojjavanampalle","1258","501111"
"28372","Lingampalle","1258","501111"
"28373","Madaram","1258","501111"
"28374","Madireddipalle","1258","501111"
"28375","Meenapallekalan","1258","501111"
"28376","Mubarakpur","1258","501111"
"28377","Nawabpet","1258","501111"
"28378","Poolapalle","1258","501111"
"28379","Pulumamidi","1258","501111"
"28380","Vatti Minapalle","1258","501111"
"28381","Yavapur","1258","501111"
"28382","Yellakonda","1258","501111"
"28383","Annaram","1259","501501"
"28384","Babapur","1259","501501"
"28385","Barkatpalle","1259","501501"
"28386","Basireddipalle","1259","501501"
"28387","Chigralpalle","1259","501501"
"28388","Chityal","1259","501501"
"28389","Gadsingapur","1259","501501"
"28390","Govindapur","1259","501501"
"28391","Heerapur","1259","501501"
"28392","Ibrahimpur","1259","501501"
"28393","Jafferpalle","1259","501501"
"28394","Kadlapur","1259","501501"
"28395","Khudavanpur","1259","501501"
"28396","Lakhanapur","1259","501501"
"28397","Madharam","1259","501501"
"28398","Malkaipet","1259","501501"
"28399","Mittakodur","1259","501501"
"28400","Nagulapalle","1259","501501"
"28401","Narayanpur","1259","501501"
"28402","Naskal","1259","501501"
"28403","Nazeerabad","1259","501501"
"28404","Pargi","1259","501501"
"28405","Raghavapur","1259","501501"
"28406","Ramreddipalle","1259","501501"
"28407","Rangampalle","1259","501501"
"28408","Rangapur","1259","501501"
"28409","Rapole","1259","501501"
"28410","Ravalpalle","1259","501501"
"28411","Roopkhanpet","1259","501501"
"28412","Rukumpalle","1259","501501"
"28413","Shakapur","1259","501501"
"28414","Sondepur","1259","501501"
"28415","Sulthanpur","1259","501501"
"28416","Syedmalkapur","1259","501501"
"28417","Syedpalle","1259","501501"
"28418","Tondapalle","1259","501501"
"28419","Yabajiguda","1259","501501"
"28420","Adkicherla","1260","501142"
"28421","Athakur","1260","501142"
"28422","Bairampalle","1260","501142"
"28423","Buddaram","1260","501142"
"28424","Duggapur","1260","501142"
"28425","Gazipur","1260","501142"
"28426","Girmapur","1260","501142"
"28427","Gopalpur","1260","501142"
"28428","Gotlapalle","1260","501142"
"28429","Hanmapur","1260","501142"
"28430","Indoor","1260","501142"
"28431","Jangaon","1260","501142"
"28432","Kandanelli","1260","501142"
"28433","Khanapur","1260","501142"
"28434","Kondapur","1260","501142"
"28435","Madananthapur","1260","501142"
"28436","Mambapur","1260","501142"
"28437","Mansampalle","1260","501142"
"28438","Marpalle","1260","501142"
"28439","Nagulpalle","1260","501142"
"28440","Pashapur","1260","501142"
"28441","Peddemul","1260","501142"
"28442","Ramachandrapur","1260","501142"
"28443","Rampur","1260","501142"
"28444","Regondi","1260","501142"
"28445","Rudraram","1260","501142"
"28446","Rukmapur","1260","501142"
"28447","Tattapalle","1260","501142"
"28448","Thimsanpalle","1260","501142"
"28449","Angadichittimpalle","1261","501102"
"28450","Bakapur","1261","501102"
"28451","Changomul","1261","501102"
"28452","Cheelapur","1261","501102"
"28453","Chintalapalle","1261","501102"
"28454","Gangupalle","1261","501102"
"28455","Ghatpalle","1261","501102"
"28456","Kandlapalle","1261","501102"
"28457","Kankal","1261","501102"
"28458","Kervelli","1261","501102"
"28459","Kodmoor","1261","501102"
"28460","Kothapalle","1261","501102"
"28461","Manchanpalle","1261","501102"
"28462","Manneguda (Paigah)","1261","501102"
"28463","Manneguda (Sarecas)","1261","501102"
"28464","Medikonda","1261","501102"
"28465","Medipalle Kalan","1261","501102"
"28466","Mirzapur","1261","501102"
"28467","Mittakankal","1261","501102"
"28468","Nizampet Medipalle","1261","501102"
"28469","Peddaumanthal","1261","501102"
"28470","Pothireddiguda","1261","501102"
"28471","Pudgurthy","1261","501102"
"28472","Pudur","1261","501102"
"28473","Quthbullapur","1261","501102"
"28474","Rakamcherla","1261","501102"
"28475","Regadimamidipalle","1261","501102"
"28476","Sirgaipalle","1261","501102"
"28477","Somangurthy","1261","501102"
"28478","Thimmapur","1261","501102"
"28479","Thippapur","1261","501102"
"28480","Thirmalapur","1261","501102"
"28481","Turkayenkepalle","1261","501102"
"28482","Yenkepalle","1261","501102"
"28483","Allapur .S.","1262","501141"
"28484","Antaram Buzurg","1262","501141"
"28485","Belkatur","1262","501141"
"28486","Bijwar","1262","501141"
"28487","Bonkoor","1262","501141"
"28488","Chandravancha","1262","501141"
"28489","Chengeshpur","1262","501141"
"28490","Chengole","1262","501141"
"28491","Chintamanipatam","1262","501141"
"28492","Chittighanapur","1262","501141"
"28493","Eershetpalle","1262","501141"
"28494","Elmakanna","1262","501141"
"28495","Gingurthy","1262","501141"
"28496","Gonur","1262","501141"
"28497","Gopanpalle","1262","501141"
"28498","Goutapur","1262","501141"
"28499","Guntabachpalle","1262","501141"
"28500","Inole","1262","501141"
"28501","Jodandapur","1262","501141"
"28502","Karankote","1262","501158"
"28503","Khanjampur","1262","501141"
"28504","Khanjapur","1262","501141"
"28505","Konapur","1262","501141"
"28506","Kotbaspalle","1262","501141"
"28507","Kothlapur Khurd","1262","501141"
"28508","Machanoor","1262","501141"
"28509","Malkapur","1262","501158"
"28510","Malreddipalle","1262","501141"
"28511","Mittabachpalle","1262","501158"
"28512","Narayanpur","1262","501141"
"28513","Ogipur","1262","501141"
"28514","Parwathapur","1262","501141"
"28515","Rampur","1262","501141"
"28516","Sangam Kalan","1262","501158"
"28517","Shahipur","1262","501141"
"28518","Shankarreddipalle","1262","501141"
"28519","Tandur","1262","501141"
"28520","Veeredpalle","1262","501141"
"28521","Ainapur","1263","501101"
"28522","Alampalle","1263","501101"
"28523","Ananthasagar","1263","501101"
"28524","Athvelly","1263","501101"
"28525","Burgupalle","1263","501101"
"28526","Burhanpalle","1263","501101"
"28527","Chiltampalle","1263","501101"
"28528","Dhannaram","1263","501101"
"28529","Dyacharam","1263","501101"
"28530","Gangaram","1263","501101"
"28531","Girgetpalle (R)","1263","501101"
"28532","Godamguda","1263","501101"
"28533","Gottimukla","1263","501101"
"28534","Gudpalle","1263","501101"
"28535","Kamareddiguda","1263","501101"
"28536","Kompalle","1263","501101"
"28537","Kothagadi","1263","501101"
"28538","Kotrepalle","1263","501101"
"28539","Machanpalle","1263","501101"
"28540","Madanpalle","1263","501101"
"28541","Madgul Chittempalle","1263","501101"
"28542","Madharam","1263","501101"
"28543","Mailardevrampalle","1263","501101"
"28544","Narayanapur","1263","501101"
"28545","Pathur","1263","501101"
"28546","Peelaram","1263","501101"
"28547","Peerampalle","1263","501101"
"28548","Pendlimadgu","1263","501101"
"28549","Phulmaddi","1263","501101"
"28550","Pulusumamidi","1263","501101"
"28551","Shivareddipet","1263","501101"
"28552","Sidloor (Chenchelam)","1263","501101"
"28553","Sidloor Mungal","1263","501101"
"28554","Sidloor Paigah","1263","501101"
"28555","Surpanpalle","1263","501101"
"28556","Vikarabad","1263","501101"
"28557","Yennepalle","1263","501101"
"28558","Yerravally","1263","501101"
"28559","Zaidupalle","1263","501101"
"28560","Achuthapur","1264","501144"
"28561","Adhalipur","1264","501144"
"28562","Agnoor","1264","501144"
"28563","Amberpet","1264","501144"
"28564","Annasagar","1264","501144"
"28565","Banapur","1264","501144"
"28566","Bennur","1264","501144"
"28567","Bhagaipalle","1264","501144"
"28568","Chennaram","1264","501144"
"28569","Devanoor","1264","501144"
"28570","Doulapur","1264","501144"
"28571","Gangasagar","1264","501144"
"28572","Girijapur","1264","501144"
"28573","Gorepalle","1264","501144"
"28574","Hajipur","1264","501144"
"28575","Jakkepalle","1264","501144"
"28576","Juntpalle","1264","501144"
"28577","Kamalapur","1264","501144"
"28578","Kishtapur","1264","501144"
"28579","Kokat","1264","501144"
"28580","Lakshminarayanapur","1264","501144"
"28581","Mazrasangam","1264","501144"
"28582","Muddaipet","1264","501144"
"28583","Mukundapur","1264","501144"
"28584","Nagasamundar","1264","501144"
"28585","Pagdial","1264","501144"
"28586","Payarkampalle","1264","501144"
"28587","Raghapur","1264","501144"
"28588","Rasnam","1264","501144"
"28589","Rasoolpur","1264","501144"
"28590","Thimmaipalle","1264","501144"
"28591","Viswanathpur","1264","501144"
"28592","Yelal","1264","501144"
"28593","Yenkapalle","1264","501144"
"28594","Amarchinta","1265","509130"
"28595","Chandraghad","1265","509130"
"28596","Chinthareddipalle","1265","509130"
"28597","Dharmapur","1265","509130"
"28598","Erladinne","1265","509130"
"28599","Kankanvanipalle","1265","509130"
"28600","Kistampalle","1265","509131"
"28601","Mastipur","1265","509130"
"28602","Mittanandimalla","1265","509130"
"28603","Nagalkadumur","1265","509130"
"28604","Nandimalla","1265","509131"
"28605","Pamireddipalle","1265","509130"
"28606","Rangapur","1265","509131"
"28607","Singampeta","1265","509131"
"28608","Arepalle","1266","509131"
"28609","Atmakur (Ct)","1266","509131"
"28610","Balakistapur","1266","509131"
"28611","Devarapalle","1266","509131"
"28612","Guntipalle","1266","509131"
"28613","Jurial","1266","509131"
"28614","Kathepalle","1266","509131"
"28615","Khanapur","1266","509131"
"28616","Medepalle","1266","509131"
"28617","Motlampalle","1266","509131"
"28618","Mulamalla","1266","509131"
"28619","Pinnamcherla","1266","509131"
"28620","Rechintala","1266","509131"
"28621","Somsagar","1266","509131"
"28622","Thippadampalle","1266","509131"
"28623","Thoompalle","1266","509131"
"28624","Veeraraghavapur","1266","509131"
"28625","Ammaipalle","1267","509104"
"28626","Ayyavaripalle","1267","509104"
"28627","Bekkam","1267","509104"
"28628","Chellepahad","1267","509105"
"28629","Chinnamarur","1267","509104"
"28630","Dagada","1267","509104"
"28631","Dagadapalle","1267","509104"
"28632","Gaddabaswapuram","1267","509104"
"28633","Kalloor","1267","509105"
"28634","Koppunur","1267","509105"
"28635","Lakshmipalle","1267","509104"
"28636","Lingasanipalle","1267","509215"
"28637","Miyapuram","1267","509104"
"28638","Peddamarur","1267","509104"
"28639","Solipuram","1267","509104"
"28640","Velgonda","1267","509105"
"28641","Vellatur","1267","509104"
"28642","Agaram","1268","509380"
"28643","Almaipalle","1268","509380"
"28644","Anpahad (D)","1268","509380"
"28645","Anthaipalle","1268","509380"
"28646","Appareddipalle","1268","509380"
"28647","Garkasa (D)","1268","509380"
"28648","Ghanpur","1268","509380"
"28649","Kamaluddinpur","1268","509380"
"28650","Malkapur","1268","509380"
"28651","Malkimianpalle","1268","509380"
"28652","Mamidimada","1268","509380"
"28653","Manajipet","1268","509380"
"28654","Parwathapur","1268","509380"
"28655","Salkalapur","1268","509380"
"28656","Shapur","1268","509380"
"28657","Solipur","1268","509380"
"28658","Suraipalle","1268","509380"
"28659","Thirumalaipalle","1268","509382"
"28660","Upparapalle","1268","509380"
"28661","Venkatampalle","1268","509380"
"28662","Buddharam","1269","509206"
"28663","Chakalpalle","1269","509206"
"28664","Chennur","1269","509206"
"28665","Gopalpeta","1269","509206"
"28666","Jain Thirumalapur","1269","509206"
"28667","Munnanur","1269","509206"
"28668","Polkepahad","1269","509206"
"28669","Thadparthy","1269","509206"
"28670","Yedutla","1269","509206"
"28671","Amadabakula","1270","509381"
"28672","Amaravathinagar","1270","509381"
"28673","Apparala","1270","509110"
"28674","Boothpur","1270","509381"
"28675","Cherlapalle","1270","509110"
"28676","Kanaipalle","1270","509381"
"28677","Kanimetta","1270","509381"
"28678","Kothakota Ward No.-0001","1270","509381"
"28679","Miraspalle","1270","509104"
"28680","Mummallapalle","1270","509381"
"28681","Nancharammapet","1270","509104"
"28682","Natavalli","1270","509104"
"28683","Nirven","1270","509381"
"28684","Palem","1270","509381"
"28685","Pamapur","1270","509104"
"28686","Pathajangamaipalle","1270","509381"
"28687","Pullareddikunta","1270","509381"
"28688","Ramakrishnapur","1270","509381"
"28689","Ramnathpur","1270","509381"
"28690","Rayanpet","1270","509381"
"28691","Sankireddipalle","1270","509381"
"28692","Satyahalli","1270","509381"
"28693","Waddawata","1270","509381"
"28694","Ajjakollu","1271","509110"
"28695","Amaravathinagar","1271","509110"
"28696","Dantanoor","1271","509110"
"28697","Duppalle","1271","509110"
"28698","Dwarakanagar","1271","509110"
"28699","Gopanpeta","1271","509131"
"28700","Govindahalli","1271","509381"
"28701","Karvena","1271","509110"
"28702","Konnur","1271","509110"
"28703","Kothapalle","1271","509131"
"28704","Madanapur","1271","509110"
"28705","Narsingapur","1271","509110"
"28706","Nelividi","1271","509110"
"28707","Ramanpadu","1271","509110"
"28708","Shankarampeta","1271","509110"
"28709","Thirumalaipalle","1271","509110"
"28710","Annaram","1272","509120"
"28711","Bandapalle","1272","509120"
"28712","Busireddipalle","1272","509120"
"28713","Chikkepalle","1272","509120"
"28714","Chintakunta","1272","509120"
"28715","Davajipalle","1272","509120"
"28716","Dondaipalle","1272","509120"
"28717","Gopalpur","1272","509120"
"28718","Jammapur","1272","509120"
"28719","Kadirepad","1272","509120"
"28720","Kethepalle","1272","509120"
"28721","Kistapur","1272","509120"
"28722","Madhavaraopalle","1272","509120"
"28723","Mahammadapur","1272","509120"
"28724","Mallaipalle","1272","509120"
"28725","Nizamabad","1272","509120"
"28726","Pangal","1272","509120"
"28727","Rayanipalle","1272","509120"
"28728","Remaddula","1272","509206"
"28729","Sakhapur","1272","509120"
"28730","Thellarallapalle","1272","509120"
"28731","Vengalaipalle","1272","509120"
"28732","Ayyavaripalle","1273","509104"
"28733","Budidipahad","1273","509104"
"28734","Bunyadpur","1273","509104"
"28735","Burdipadu","1273","509104"
"28736","Chelimilla","1273","509104"
"28737","Erladinne","1273","509104"
"28738","Gummadam","1273","509104"
"28739","Janumpalle","1273","509104"
"28740","Kanchiraopalle","1273","509120"
"28741","Munagamanudinne","1273","509104"
"28742","Pathapalle","1273","509104"
"28743","Pebbair","1273","509104"
"28744","Penchikalpadu","1273","509104"
"28745","Ramammapeta","1273","509104"
"28746","Ramapur","1273","509104"
"28747","Rameswarapur","1273","509104"
"28748","Rangapur","1273","509104"
"28749","Seripally","1273","509120"
"28750","Shakhapur (Y)","1273","509104"
"28751","Sugur","1273","509104"
"28752","Thippaipalle","1273","509104"
"28753","Thomalapalle","1273","509104"
"28754","Yaparla","1273","509104"
"28755","Alwal","1274","509106"
"28756","Balijapalle","1274","509206"
"28757","Chinnamandadi","1274","509380"
"28758","Dodaguntapally","1274","509106"
"28759","Dodaguntapally","1274","509206"
"28760","Gatlakhanapur","1274","509382"
"28761","Jagathpalle","1274","509206"
"28762","Jangamaipalle","1274","509206"
"28763","Maddigatla","1274","509382"
"28764","Manigilla","1274","509106"
"28765","Mojerla","1274","509382"
"28766","Pamireddipalle","1274","509206"
"28767","Peddamandadi","1274","509382"
"28768","Peddamandadi","1274","509106"
"28769","Veeraipalle","1274","509380"
"28770","Veltoor","1274","509382"
"28771","Bandaraipakula","1275","509235"
"28772","Kesampeta","1275","509206"
"28773","Konkalapalle","1275","509235"
"28774","Nagapur","1275","509235"
"28775","Revally","1275","509235"
"28776","Shanaipalle","1275","509206"
"28777","Thalpunur","1275","509235"
"28778","Gumpanpalle","1276","509104"
"28779","Janampeta","1276","509104"
"28780","Kamballapur","1276","509120"
"28781","Nagarala","1276","509120"
"28782","Nagasanipalle","1276","509104"
"28783","Nagasanipalle","1276","509104"
"28784","Srirangapur","1276","509120"
"28785","Thatipamula","1276","509120"
"28786","Venkatapur (S)","1276","509104"
"28787","Achutapur","1277","509106"
"28788","Anjangiri","1277","509120"
"28789","Ankoor","1277","509206"
"28790","Appaipalle","1277","509206"
"28791","Chandapur","1277","509120"
"28792","Chimanguntapalle","1277","509206"
"28793","Chityala","1277","509206"
"28794","Dattaipalle","1277","509120"
"28795","Jakkampalle","1277","509206"
"28796","Kadukuntla","1277","509381"
"28797","Khasimnagar","1277","509206"
"28798","Kistagiri","1277","509106"
"28799","Mentapalle","1277","509381"
"28800","Nagavaram","1277","509106"
"28801","Natchahalli","1277","509106"
"28802","Peddagudem","1277","509381"
"28803","Peddagudemthanda","1277","509381"
"28804","Rajanagar","1277","509106"
"28805","Rajapeta","1277","509381"
"28806","Savaigudem","1277","509106"
"28807","Srinivasapuram","1277","509106"
"28808","Srinivaspur","1277","509106"
"28809","Venkatapur","1277","509206"
"28810","Wanaparthy","1277",""
"28811","Bollaram","1278","509105"
"28812","Gopaldinne","1278","509105"
"28813","Govardhangiri","1278","509105"
"28814","Kalvarala","1278","509120"
"28815","Korlakunta","1278","509105"
"28816","Peddadagada","1278","509104"
"28817","Pulgarcherla","1278","509120"
"28818","Sampatraopalle","1278","509105"
"28819","Sanginepalle","1278","509105"
"28820","Toomkunta","1278","509105"
"28821","Vallabhapur","1278","509105"
"28822","Veepangandla","1278","509105"
"28823","Cheerkapalle","1279","509206"
"28824","Chennaram","1279","509206"
"28825","Machupalle","1279","509206"
"28826","Muthireddipalle","1279","509206"
"28827","Rekulapalle","1279","509206"
"28828","Singaipalle","1279","509206"
"28829","Turkadinne","1279","509206"
"28830","Yedula","1279","509206"
"28831","Akkalchedu","1280","506332"
"28832","Chennaraopet","1280","506332"
"28833","Jhalli","1280","506112"
"28834","Konapuram","1280","506332"
"28835","Lingagiri","1280","506112"
"28836","Lingapuram","1280","506332"
"28837","Papaiahpeta","1280","506332"
"28838","Thimmarainipahad","1280","506332"
"28839","Upparapalle","1280","506112"
"28840","Yellaigudem","1280","506332"
"28841","Adavi Rangapur","1281","506331"
"28842","Chalparthi","1281","506331"
"28843","Duggondi","1281","506333"
"28844","Keshwapur","1281","506342"
"28845","Laxmipur","1281","506333"
"28846","Madhira Mandapalle","1281","506331"
"28847","Mahammadapur","1281","506333"
"28848","Mallampalle","1281","506333"
"28849","Mandapalle","1281","506331"
"28850","Muddunoor","1281","506350"
"28851","Nachinapalle","1281","506331"
"28852","Polaram","1281","506349"
"28853","Ponakal","1281","506331"
"28854","Reballe","1281","506333"
"28855","Rekampalle","1281","506331"
"28856","Timmampet","1281","506333"
"28857","Togarrai","1281","506331"
"28858","Venkatapur","1281","506333"
"28859","Anantharam","1282","506330"
"28860","Bodduchintalapalle","1282","506006"
"28861","Dharmaram (Og)","1282","506330"
"28862","Elkurthy","1282","506330"
"28863","Geesugonda","1282","506330"
"28864","Gorrekunta (Ct)","1282","506006"
"28865","Kommala","1282","506331"
"28866","Machapur","1282","506330"
"28867","Manugonda","1282","506330"
"28868","Mogilicherla","1282","506006"
"28869","Ookal (H)","1282","506330"
"28870","Potharajpalle","1282","506330"
"28871","Ramachandrapur","1282","506330"
"28872","Shayampet","1282","506330"
"28873","Vanchangiri","1282","506330"
"28874","Viswanathpur","1282","506331"
"28875","Ainepalle","1283","506132"
"28876","Budharaopet","1283","506134"
"28877","Dabeerpet","1283","506132"
"28878","Dharmaraopet","1283","506132"
"28879","Jalubanda","1283","506132"
"28880","Khanapur","1283","506132"
"28881","Kothur","1283","506132"
"28882","Mangalavaripet","1283","506134"
"28883","Matuveeraram","1283","506132"
"28884","Pakhalashoknagar","1283","506132"
"28885","Pocharam","1283","506132"
"28886","Ragampet","1283","506132"
"28887","Rangapur","1283","506132"
"28888","Thungabandam","1283","506132"
"28889","Allipur","1284","506005"
"28890","Bollikunta","1284","506005"
"28891","Khila Warangal","1284","506008"
"28892","Mamnoor (Ct)","1284","506166"
"28893","Nakkalapalli","1284","506005"
"28894","Rangasipet","1284","506005"
"28895","Stambampalle (Og)","1284","506330"
"28896","Thimmapur","1284","506005"
"28897","Urus","1284","506002"
"28898","Vasanthapur (Og)","1284","506330"
"28899","Arshanpalle","1285","506350"
"28900","Asaravelli","1285","506132"
"28901","Govindapur","1285","506132"
"28902","Gundlapahad","1285","506132"
"28903","Kannaraopet","1285","506350"
"28904","Kondapur","1285","506132"
"28905","Lenkalpalle","1285","506350"
"28906","Medapalle","1285","506132"
"28907","Muchimpula","1285","506350"
"28908","Nagrajpalle","1285","506350"
"28909","Nallabelly","1285","506350"
"28910","Nandigama","1285","506350"
"28911","Narakkapet","1285","506132"
"28912","Rampur","1285","506132"
"28913","Ramteertham","1285","506350"
"28914","Rangapuram","1285","506350"
"28915","Relakunta","1285","506350"
"28916","Rudragudem","1285","506350"
"28917","Shanigaram","1285","506350"
"28918","Bhanjipet","1286","506132"
"28919","Gurijala","1286","506331"
"28920","Itikalpalle","1286","506132"
"28921","Kammepalle","1286","506333"
"28922","Laknepalle","1286","506331"
"28923","Madannapet","1286","506132"
"28924","Madhira (D)","1286","506331"
"28925","Maheshwaram","1286","506331"
"28926","Makdumpuram","1286","506332"
"28927","Muthojipet","1286","506132"
"28928","Narsampet (Ct)","1286","506132"
"28929","Paspunur","1286","506132"
"28930","Rajupet","1286","506132"
"28931","Ramavaram","1286","506331"
"28932","Sarwapur","1286","506132"
"28933","Alamkhanipet","1287","506112"
"28934","Ameenabad","1287","506122"
"28935","Appalaraopet","1287","506369"
"28936","Bollikonda","1287","506369"
"28937","Chandrugonda","1287","506122"
"28938","Chinnakorpole","1287","506112"
"28939","Deekshakunta","1287","506122"
"28940","Gotlakonda","1287","506369"
"28941","Gundrepalle","1287","506122"
"28942","Mudigonda","1287","506122"
"28943","Nagaram","1287","506122"
"28944","Nekkonda","1287","506122"
"28945","Panikera","1287","506122"
"28946","Pathipaka","1287","506369"
"28947","Peddakorpole","1287","506112"
"28948","Redlawada","1287","506369"
"28949","Suripalle","1287","506122"
"28950","Topanpalle","1287","506369"
"28951","Venkatapur","1287","506369"
"28952","Annaram Sharif","1288","506365"
"28953","Burugamadla","1288","506365"
"28954","Chinta Nekkonda","1288","506369"
"28955","Choutapalle","1288","506365"
"28956","Enugal","1288","506369"
"28957","Gopanapalle","1288","506365"
"28958","Jamalpuram","1288",""
"28959","Kalleda","1288","506365"
"28960","Konkapaka","1288","506365"
"28961","Parvathagiri","1288","506365"
"28962","Ravoor","1288","506365"
"28963","Rollakal","1288","506365"
"28964","Somaram","1288","506365"
"28965","Vadlakonda","1288","506365"
"28966","Burahanpalle","1289","506314"
"28967","Gannaram","1289","506314"
"28968","Gattikal","1289","506314"
"28969","Jagannadhapalle","1289","506314"
"28970","Katrapalle","1289","506314"
"28971","Keshavapur","1289","506314"
"28972","Kolanpalle","1289","506314"
"28973","Kondapur (P.R)","1289","506314"
"28974","Konduru","1289","506314"
"28975","Kothur","1289","506313"
"28976","Muripirala","1289","506314"
"28977","Mylaram","1289","506314"
"28978","Ookal (P.R)","1289","506314"
"28979","Perikaid","1289","506314"
"28980","Pothureddipalle","1289","506314"
"28981","Raiparthy","1289","506314"
"28982","Sannur","1289","506163"
"28983","Thirmalapalle","1289","506314"
"28984","Chintalapalle","1290","506329"
"28985","Elugur( Rangampet)","1290","506329"
"28986","Gadepalle","1290","506005"
"28987","Gavicherla","1290","506310"
"28988","Kapulakanaparthy","1290","506005"
"28989","Katrepale(Haveli)","1290","506329"
"28990","Lohitha","1290","506310"
"28991","Mondrai","1290","506331"
"28992","Mummadivaram","1290","506331"
"28993","Nallabelle","1290","506122"
"28994","Narlavai","1290","506331"
"28995","Pallaruguda","1290","506330"
"28996","Ramachandrapur","1290","506310"
"28997","Sangam","1290","506329"
"28998","Shapur","1290","506310"
"28999","Theegarajupalle","1290","506310"
"29000","Thimmapur","1290","506329"
"29001","Venkatapur (Haveli)","1290","506329"
"29002","Desaipet","1291","506006"
"29003","Enumamula (Ct)","1291","506006"
"29004","Girmajipet","1291","506002"
"29005","Kothapet","1291","506001"
"29006","Laxmipur","1291","506002"
"29007","Mattewada","1291","506007"
"29008","Paidipalle","1291","506006"
"29009","Ramannapet","1291","506002"
"29010","Bandauthapur","1292","506313"
"29011","Chennaram","1292","506310"
"29012","Dammannapet","1292","506316"
"29013","Divitipalle","1292","506316"
"29014","Katrial","1292","506313"
"29015","Kothapalle","1292","506313"
"29016","Liabarthy","1292","506313"
"29017","Nallabelle","1292","506310"
"29018","Ramavaram","1292","506314"
"29019","Upprapalle","1292","506310"
"29020","Wardhannapet","1292","506313"
"29021","Yellanda","1292","506313"
"29022","Addagudoor","1293","508277"
"29023","Chinapadishala","1293","508223"
"29024","Chirragoodur","1293","508277"
"29025","Choula Ramaram","1293","508277"
"29026","Dacharam","1293","508277"
"29027","Dharmaram","1293","508277"
"29028","Janakipuram","1293","508223"
"29029","Kanchanapally","1293","508277"
"29030","Kotamarthy","1293","508277"
"29031","Repaka (P) Dacharam","1293","508277"
"29032","Singaram (P) Veldevi","1293","508277"
"29033","Veldevi","1293","508277"
"29034","Alair","1294","508101"
"29035","Bahadoorpeta","1294","508105"
"29036","Golanakonda","1294","508101"
"29037","Gundlagudem","1294","508105"
"29038","Kolanupaka","1294","508101"
"29039","Kolluru","1294","508101"
"29040","Mandanpally","1294","508105"
"29041","Manthapur","1294","508105"
"29042","Patelguda","1294","508105"
"29043","Raghavapur","1294","508105"
"29044","Sharajpet","1294","508101"
"29045","Srinivasa Puram","1294","508105"
"29046","Tangutoor","1294","508101"
"29047","Turpugudem","1294","508105"
"29048","Athmakur (M)","1295","508111"
"29049","Dharmapur","1295","508111"
"29050","Kalvapally","1295","508111"
"29051","Kaprai Pally","1295","508111"
"29052","Katepally","1295","508111"
"29053","Kondapur","1295","508111"
"29054","Koratikal","1295","508111"
"29055","Kurella","1295","508111"
"29056","Lingarajpally","1295","508112"
"29057","Modumaigudem","1295","508111"
"29058","Murpirala","1295","508111"
"29059","Nancharipet","1295","508111"
"29060","Palle Pahad","1295","508111"
"29061","Pallerla","1295","508111"
"29062","Parupalli","1295","508111"
"29063","Pothireddypally","1295","508111"
"29064","Pullaigudem","1295","508111"
"29065","Raghavapuram","1295","508111"
"29066","Raheemkan Peta","1295","508111"
"29067","Raipally","1295","508111"
"29068","Sarveypally","1295","508111"
"29069","Singaram (Patti) Chandepally","1295","508111"
"29070","T Repaka","1295","508111"
"29071","Thimmapur","1295","508111"
"29072","Thukkapur","1295","508111"
"29073","Thukkarpuram","1295","508111"
"29074","Uppalaphad","1295","508111"
"29075","Abdulla Nagar","1296","508284"
"29076","Alinagar","1296","508284"
"29077","Bheeman Palle","1296","508284"
"29078","Danthur","1296","508284"
"29079","Deshmukhi","1296","508284"
"29080","Dharma Reddi Palle","1296","508284"
"29081","Dhothigudem","1296","508284"
"29082","Gouse Konda","1296","508284"
"29083","Hyderpur","1296","508284"
"29084","Indriyala","1296","508284"
"29085","Jagath Palle","1296","508284"
"29086","Jalal Pur","1296","508284"
"29087","Jiblak Palle","1296","508284"
"29088","Julur","1296","508284"
"29089","Kanumukla","1296","508284"
"29090","Khaprai Palle","1296","508284"
"29091","Mehar Nagar","1296","508284"
"29092","Mukthapur","1296","508284"
"29093","Pedda Ravula Palle","1296","508126"
"29094","Peddagudem","1296","508284"
"29095","Pillai Palle","1296","508284"
"29096","Pochampalle (Ct)","1296","508284"
"29097","Ramalingam Palle","1296","508284"
"29098","Revan Palle","1296","508284"
"29099","Shivareddigudem","1296","508284"
"29100","Vanka Mamidi","1296","508284"
"29101","Anajipuram","1297","508285"
"29102","Anantharam (P)","1297","508117"
"29103","Balampally","1297","508286"
"29104","Banda Somaram","1297","508286"
"29105","Baswapur","1297","508117"
"29106","Bhagayath Bhongir","1297","508116"
"29107","Bhongir","1297","508116"
"29108","Bolle Palle","1297","508285"
"29109","Bommaipally","1297","508285"
"29110","Chandupatla","1297","508286"
"29111","Cheemala Kondur","1297","508286"
"29112","Gangasanipally","1297","508117"
"29113","Gouse Nagar","1297","508286"
"29114","Hanmapuram","1297","508117"
"29115","Hussainabad","1297","508116"
"29116","Jammapur","1297","508286"
"29117","Kesaram","1297","508286"
"29118","Kunoor","1297","508286"
"29119","Mustyalapalle","1297","508286"
"29120","Muthireddigudem","1297","508117"
"29121","Muthyalapally","1297","508286"
"29122","Nagireddi Palle","1297","508285"
"29123","Namathpally","1297","508285"
"29124","Namathpally","1297","508285"
"29125","Nandanam","1297","508285"
"29126","Pacharlabodu Thanda","1297","508285"
"29127","Pagidi Palle","1297","508126"
"29128","Penchikala Pahad","1297","508286"
"29129","Ramachandrapur","1297","508286"
"29130","Rayagiri (R)","1297","508286"
"29131","Reddinaikthanda","1297","508285"
"29132","Sure Palle","1297","508285"
"29133","Tajpuram","1297","508117"
"29134","Timmapur","1297","508117"
"29135","Tukkapuram","1297","508285"
"29136","Veera Vally","1297","508286"
"29137","Wadaigudem","1297","508115"
"29138","Wadaparthy","1297","508117"
"29139","Yerram Balle","1297","508285"
"29140","Annampatla","1298","508126"
"29141","Bagdayara","1298","508126"
"29142","Battugudem","1298","508126"
"29143","Bibinagar (Ct)","1298","508126"
"29144","Brahmana Palle","1298","508126"
"29145","Chinaravala Palle","1298","508126"
"29146","Gollagudem","1298","508285"
"29147","Gudur","1298","508126"
"29148","Gurrala Dandi","1298","508126"
"29149","Jain Palle","1298","508126"
"29150","Jam Palle","1298","508126"
"29151","Jameelapet","1298","508126"
"29152","Jiya Palle","1298","508126"
"29153","Kondamadugu","1298","508126"
"29154","Laxmidevigudem","1298","508126"
"29155","M.Anantharam","1298","508126"
"29156","Madharam","1298","508285"
"29157","Mahadevpur","1298","508126"
"29158","Maqdoom Palle","1298","508285"
"29159","Nemarugomula","1298","508126"
"29160","Padamati Somaram","1298","508126"
"29161","Pallegudem","1298","508126"
"29162","Raavi Pahad","1298","508126"
"29163","Raghavapuram","1298","508126"
"29164","Raheem Khan Guda","1298","508126"
"29165","Ramunigundla Thanda","1298","508126"
"29166","Rangapur","1298","508126"
"29167","Rayarao Pet","1298","508126"
"29168","Rudra Velly","1298","508126"
"29169","Venkiryal","1298","508126"
"29170","Bandakadipally","1299","508126"
"29171","Boinapalle","1299","508117"
"29172","Bommalaramaram","1299","508126"
"29173","Cheekati Mamidi","1299","508117"
"29174","Chouderpally","1299","508117"
"29175","Hajipuram","1299","508126"
"29176","Jalalpur","1299","508126"
"29177","Kanchalthanda","1299","508117"
"29178","Kandlakunta Thand","1299","508117"
"29179","Laxmithanda","1299","508117"
"29180","Machanpally","1299","508117"
"29181","Mailaram","1299","508126"
"29182","Maisi Reddy Palle","1299","508126"
"29183","Maliyala","1299","508126"
"29184","Mariyala","1299","508117"
"29185","Medipally","1299","508117"
"29186","Muneerabad","1299","508126"
"29187","Naginenipally","1299","508126"
"29188","Pedda Parvathapuram","1299","508126"
"29189","Pilligundla Thanda","1299","508117"
"29190","Pyararam","1299","508117"
"29191","Ramlingam Palle","1299","508126"
"29192","Ranga Puram","1299","508126"
"29193","Solipet","1299","508117"
"29194","Somaji Palle","1299","508117"
"29195","Thumkunta","1299","508126"
"29196","Timmapuru","1299","508117"
"29197","Tirmalagiri","1299","508126"
"29198","Yaavapuram","1299","508126"
"29199","Allapuram","1300","508252"
"29200","Ankireddigudem","1300","508252"
"29201","Aregudem","1300","508252"
"29202","Chinna Kondur","1300","508252"
"29203","Choutuppal (Ct)","1300","508252"
"29204","Devalamma Nagaram","1300","508252"
"29205","Dharmojigudem","1300","508252"
"29206","Gundlabavi","1300","508252"
"29207","Jai Kesaram","1300","508252"
"29208","Khairathpur","1300","508252"
"29209","Koyalagudem","1300","508252"
"29210","Koyalagudem","1300","508252"
"29211","Kuntlagudem","1300","508252"
"29212","Lakkaram","1300","508252"
"29213","Lingojigudem","1300","508252"
"29214","Malkapur","1300","508252"
"29215","Mandollagudem","1300","508252"
"29216","Masidgudem","1300","508252"
"29217","Nelapatla","1300","508252"
"29218","Panthangi","1300","508252"
"29219","Peddakondur","1300","508252"
"29220","Peepal Pahad","1300","508252"
"29221","Swamulavari Lingotam","1300","508252"
"29222","Tallasingaram","1300","508252"
"29223","Thangad Pally","1300","508252"
"29224","Tupranpet","1300","508252"
"29225","Yellagiri","1300","508252"
"29226","Ambala","1301","508277"
"29227","Anantaram","1301","508101"
"29228","Bandakotha Palle","1301","508223"
"29229","Brahman Palle","1301","508277"
"29230","Gangapur","1301","508277"
"29231","Gundala","1301","508277"
"29232","Komme Palle","1301","508101"
"29233","Marpadaga","1301","508101"
"29234","Masan Palle","1301","508277"
"29235","Nunegudem","1301","508277"
"29236","Pedda Padishala","1301","508223"
"29237","Ramaram","1301","508277"
"29238","Seetarampur","1301","508101"
"29239","Suddala","1301","508277"
"29240","Turkala Shapur","1301","508277"
"29241","Vangala","1301","508277"
"29242","Vastha Kondur","1301","508223"
"29243","Velmajala","1301","508101"
"29244","Ammanabolu","1302","508101"
"29245","Chada","1302","508111"
"29246","Chamapuru","1302","508111"
"29247","Chandepally","1302","508111"
"29248","Dilavarpuram","1302","508286"
"29249","Dursaganipally","1302","508111"
"29250","Ikkurthy","1302","508286"
"29251","Matoor","1302","508286"
"29252","Mota Kondur","1302","508286"
"29253","Teryala","1302","508111"
"29254","Varuturu","1302","508286"
"29255","Anajipur","1303","508277"
"29256","Azimpet","1303","508277"
"29257","Bijilapur","1303","508277"
"29258","Boddugudem","1303","508277"
"29259","Dattappaguda","1303","508277"
"29260","Govindapur","1303","508277"
"29261","Konda Gadapa","1303","508277"
"29262","Laxmidevi Kalva","1303","508277"
"29263","Moosipatla","1303","508277"
"29264","Mothkur","1303","508277"
"29265","Mothukur","1303","508277"
"29266","Paladugu","1303","508111"
"29267","Panaka Banda","1303","508277"
"29268","Patimatla","1303","508277"
"29269","Podichedu","1303","508277"
"29270","Podichedu K","1303","508101"
"29271","Sadarshapur","1303","508277"
"29272","Chillapuram","1304","508253"
"29273","Chimiriyala","1304","508253"
"29274","Guddimalkapuram","1304","508253"
"29275","Gujja","1304","508253"
"29276","Janagama","1304","508253"
"29277","Kankanalguda","1304","508253"
"29278","Kothaguda","1304","508253"
"29279","Kothulapuram","1304","508253"
"29280","Mohammadabad","1304","508253"
"29281","Narayanapur","1304","508253"
"29282","Puttapaka","1304","508253"
"29283","Rachakonda","1304","508253"
"29284","Sarvail","1304","508253"
"29285","Voilpally","1304","508253"
"29286","Basanthapuram","1305","508105"
"29287","Begumpet","1305","508105"
"29288","Bondugula","1305","508105"
"29289","Burugu Palle","1305","508105"
"29290","Challur","1305","508105"
"29291","Doodi Venkatapuram","1305","508105"
"29292","Jala","1305","508105"
"29293","Kalvapally","1305","508105"
"29294","Kurraram","1305","508105"
"29295","Lakshmakka Palle","1305","508105"
"29296","Narsapuram","1305","508105"
"29297","Nemila","1305","508105"
"29298","Pamukunta","1305","508105"
"29299","Paru Palle","1305","508105"
"29300","Raghunadhapuram","1305","508105"
"29301","Rajapet","1305","508105"
"29302","Renikunta","1305","508105"
"29303","Singaram","1305","508105"
"29304","Somaram","1305","508105"
"29305","B.Thurka Palle","1306","508113"
"29306","Bachuppala","1306","508113"
"29307","Bogaram","1306","508113"
"29308","Dubbaka","1306","508113"
"29309","Iskilla","1306","508113"
"29310","Janam Palle","1306","508113"
"29311","Kakkireni","1306","508113"
"29312","Kunkudu Pamula","1306","508113"
"29313","Laxma Pur","1306","508113"
"29314","Munipampula","1306","508113"
"29315","Neernemula","1306","508113"
"29316","Nidhanapalle","1306","508113"
"29317","Palliwada","1306","508113"
"29318","Pilligudem","1306","508113"
"29319","Ramannapeta (Ct)","1306","508113"
"29320","Sarinenigudem","1306","508113"
"29321","Shobanadripuram","1306","508113"
"29322","Siripuram","1306","508113"
"29323","Suraram","1306","508113"
"29324","Thummalaguda","1306","508112"
"29325","Uthatoor","1306","508113"
"29326","Yellanki","1306","508113"
"29327","Yennaram","1306","508113"
"29328","China Laxma Puram","1307","508117"
"29329","Dattai Pally","1307","508115"
"29330","Dharmaram","1307","508117"
"29331","Gandamalla","1307","508115"
"29332","Gollagudem","1307","508117"
"29333","Gopal Puram","1307","508117"
"29334","Ibrahimpuram","1307","508115"
"29335","Komatikunta","1307","508285"
"29336","Konapuram","1307","508115"
"29337","Kondapuram","1307","508115"
"29338","Madha Puram","1307","508117"
"29339","Malka Puram","1307","508115"
"29340","Mannevari Turkapalle","1307","508115"
"29341","Motiram Thanda","1307","508117"
"29342","Mulakala Pally","1307","508115"
"29343","Nagai Palle","1307","508117"
"29344","Palle Pahad","1307","508117"
"29345","Peddathanda","1307","508117"
"29346","Rusta Puram","1307","508117"
"29347","Srinivasapuram","1307","508115"
"29348","Tirmalapuram","1307","508115"
"29349","Vasala Marri","1307","508115"
"29350","Veerareddi Pally","1307","508115"
"29351","Velpupally","1307","508115"
"29352","Venkatapuram","1307","508115"
"29353","Arruru","1308","508112"
"29354","Chittapur","1308","508112"
"29355","Duppally","1308","508111"
"29356","Edullagudem","1308","508112"
"29357","Gangapur -P-Arrur","1308","508112"
"29358","Gokaram","1308","508254"
"29359","Golne Palle","1308","508112"
"29360","Goparaj Palle","1308","508112"
"29361","Gurnadha Palle","1308","508112"
"29362","Kanchanpally","1308","508285"
"29363","Kashamma Kunta","1308","508112"
"29364","Kerchipalli","1308","508112"
"29365","Lingarajpally","1308","508112"
"29366","Lothukunta","1308","508112"
"29367","M.Turkapally","1308","508112"
"29368","Malle Palle","1308","508112"
"29369","Mandapur","1308","508112"
"29370","Mogilipaka","1308","508112"
"29371","Muddapur","1308","508112"
"29372","Nagaram","1308","508112"
"29373","Narsapuram","1308","508112"
"29374","Nathallagudem","1308","508112"
"29375","Nemili Kalva","1308","508112"
"29376","Pahilwanpur","1308","508285"
"29377","Poddutur","1308","508112"
"29378","Pulgilla","1308","508285"
"29379","Redla Repaka","1308","508285"
"29380","Sangam","1308","508254"
"29381","Sunkishala","1308","508112"
"29382","Tekula Somaram","1308","508285"
"29383","Valigonda","1308","508112"
"29384","Velverthy","1308","508112"
"29385","Vemulakonda","1308","508112"
"29386","Venkatapur","1308","508112"
"29387","Verkat Palle","1308","508252"
"29388","Bahupeta","1309","508115"
"29389","Chinakandukur","1309","508286"
"29390","Cholleru","1309","508286"
"29391","Datharpally","1309","508115"
"29392","Gowraipally","1309","508105"
"29393","Gundla Palle","1309","508101"
"29394","Jangampally","1309","508115"
"29395","Kacharam","1309","508115"
"29396","Mahabubpet","1309","508286"
"29397","Mallapur","1309","508115"
"29398","Masaipet","1309","508115"
"29399","Pedakandukur","1309","508286"
"29400","Ramajipeta","1309","508286"
"29401","Ramojipet","1309","508286"
"29402","Sadu Velle","1309","508105"
"29403","Saidapur","1309","508115"
"29404","Tallagudem","1309","508286"
"29405","Vangapally","1309","508286"
"29406","Yadagirigutta","1309","508115"
"29407","Yadagiripally","1309","508115"
